60195-52-0	"Present ([1686])" As Potassium cyanide [151-50-8]
14012-92-1	"Present ([1328])" As Sulfuric acid, thallium(1+) salt (1:2) [7446-18-6]
74555-91-2	"Present ([1097])" As Nicotine [54-11-5]
UN2404	"Present ([0121])" As Propionitrile [107-12-0]
503842-49-7	"Present ([1513])" As Ethyl chloroformate [541-41-3]
854644-96-5	"Present ([0481])" As Strychnine [57-24-9]
UN1182	"Present ([1513])" As Ethyl chloroformate [541-41-3]
2541-67-5	"Present ([1704])" As Potassium silver cyanide [506-61-6]
298-01-1	"Present (content >5%, [0367])" As Mevinphos [7786-34-7]
12622-75-2	"Present (content 2-90%, [1351])" As Dieldrin [60-57-1]
13890-82-9	"Present ([1097])" As Nicotine [54-11-5]
8067-67-2	"Present (content >20%, [0665])" As Chlorfenvinphos [470-90-6]
56795-67-6	"Present ([2047])" As 2,3,7,8-Tetrachlorodibenzo-p-dioxin [1746-01-6]
191234-22-7	"Present ([1693])" As Hydrogen cyanide [74-90-8]
UN1570	"Present ([0486])" As Brucine [357-57-3]
UN2480	"Present ([2723])" As Methyl isocyanate [624-83-9]
148333-06-6	"Present ([2635])" As Acetic acid, mercury(2+) salt (2:1) [1600-27-7]
5892-11-5	"Present ([0486])" As Brucine [357-57-3]
59182-86-4	"Present ([0138])" As Acetone cyanohydrin [75-86-5]
28077-97-6	"Present ([0732])" As Fluorine [7782-41-4]
12044-50-7	"Present ([2163])" As Arsenic pentoxide [1303-28-2]
UN1589	"Present ([1476])" As Cyanogen chloride [506-77-4]
UN2487	"Present ([2718])" As Phenyl isocyanate [103-71-9]
950-10-7	Present (content >5%, [0655])
950-35-6	Present ([0434])
96-96-8	Present ([2222])
947-02-4	Present (content >15%, [0654])
944-22-9	Present (content >6%, [2593])
926-64-7	Present ([0410])
87-86-5	Present ([2144])
60-34-4	Present ([1128])
60-57-1	Present (content 2-90%, [1351])
62-74-8	Present ([0784])
624-83-9	Present ([2723])
627-44-1	Present ([0692])
640-19-7	Present ([0788])
65-30-5	Present ([1041])
66-75-1	Present ([2000])
7487-94-7	Present ([1464])
75-44-5	Present ([2115])
75-55-8	Present ([0155])
72-20-8	Present (content >5%, [1352])
74-90-8	Present ([1693])
6923-22-4	Present (content >0.5%, [0394])
696-28-6	Present ([0088])
814-49-3	Present ([1442])
82-66-6	Present ([0321])
8065-48-3	Present (content >3%, [0658])
8065-71-2	Present ([0339])
7446-18-6	Present ([1328])
75-86-5	Present ([0138])
76-06-2	Present ([1854])
7647-18-9	Present ([2153])
77-47-4	Present ([1358])
77-77-0	Present ([2665])
7782-41-4	Present ([0732])
7782-50-5	Present ([1381])
7782-82-3	Present ([2477])
7783-41-7	Present ([0340])
7784-42-1	Present ([1927])
7786-34-7	Present (content >5%, [0367])
78-00-2	Present ([2093])
78-53-5	Present ([0648])
78-94-4	Present ([0241])
78-97-7	Present ([1637])
7803-51-2	Present ([1266])
79-22-1	Present ([1509])
80-12-6	Present ([0572])
10265-92-6	Present ([1079])
107-12-0	Present ([0121])
100-35-6	Present ([0649])
116-06-3	Present ([1081])
119-38-0	Present (content >20%, [2685])
357-57-3	Present ([0486])
3689-24-5	Present ([2091])
1303-28-2	Present ([2163])
13071-79-9	Present ([0680])
1327-53-3	Present ([1912])
13410-01-0	Present ([2198])
13463-39-3	Present ([2118])
13463-40-6	Present ([2157])
13637-63-3	Present ([2138])
1397-94-0	Present ([1236])
141-66-2	Present (content >25%, [0393])
143-33-9	Present ([1688])
102-82-9	Present ([1923])
1031-47-6	Present (content >20%, [0004])
115-26-4	Present (content >2%, [2005])
115-90-2	Present (content >4%, [0673])
1118-14-5	Present ([2642])
26628-22-8	Present ([0217])
27152-57-4	Present ([2460])
28772-56-7	Present ([2414])
29025-67-0	Present ([0258])
297-78-9	Present (content >1%, [0042])
2524-03-0	Present ([0463])
298-02-2	Present ([0676])
298-04-4	Present (content >15%, [0672])
299-45-6	Present ([0660])
302-27-2	Present ([2133])
303-04-8	Present ([1332])
309-00-2	Present (content >75%, [1354])
311-45-5	Present ([0661])
351-05-3	Present ([2549])
35523-89-8	Present ([1202])
107-18-6	Present ([0141])
107-19-7	Present ([0123])
107-30-2	Present ([1502])
107-49-3	Present ([2092])
108-98-5	Present ([0071])
103-71-9	Present ([2718])
107-07-3	Present ([1549])
107-11-9	Present ([0020])
144-49-0	Present ([0780])
24934-91-6	Present (content >15%, [0679])
2275-18-5	Present (content >15%, [0677])
2315-02-8	Present ([1646])
23255-69-8	Present ([1248])
23319-66-6	Present ([1735])
316-42-7	Present ([2527])
3254-63-5	Present ([0385])
534-52-1	Present ([1071])
506-61-6	Present ([1704])
506-77-4	Present ([1476])
509-14-8	Present ([2078])
51-75-2	Present ([1999])
53558-25-1	Present ([0099])
54-11-5	Present ([1097])
540-73-8	Present ([0462])
541-41-3	Present ([1513])
542-83-6	Present ([1681])
558-25-8	Present ([1189])
56-38-2	Present (content >4%, [0662])
56073-10-0	Present ([2413])
5628-99-9	Present ([2671])
55-91-4	Present ([1998])
57-14-7	Present ([0461])
57-24-9	Present ([0481])
57-52-3	Present ([1327])
57117-31-4	Present ([2147])
5836-29-3	Present ([2067])
594-42-3	Present ([1723])
151-50-8	Present ([1686])
151-56-4	Present ([2567])
152-16-9	Present ([0041])
1563-66-2	Present ([0568])
1600-27-7	Present ([2635])
1746-01-6	Present ([2047])
17702-41-9	Present ([0849])
19287-45-7	Present ([2626])
19624-22-7	Present ([2177])
1907-13-7	Present ([2643])
20816-12-0	Present ([2087])
2104-64-5	Present (content >15%, [2588])
21548-32-3	Present ([0656])
151-38-2	Present ([2637])
124-63-0	Present ([1126])
21908-53-2	Present ([2533])
297-97-2	Present (content >5%, [0667])
107-16-4	Present ([1642])
10138-60-0	Present ([1008])
3270-86-8	Present ([0675])
39196-18-4	Present ([1082])
3982-91-0	Present ([1278])
4104-14-7	Present ([2003])
453-18-9	Present ([0783])
3691-35-8	Present (content >4%, [1422])
382-21-8	Present ([0040])
465-73-6	Present (content >10%, [1353])
470-90-6	Present (content >20%, [0665])
502-39-6	Present ([1677])
UN1994	"Present ([2157])" As Iron, pentacarbonyl- [13463-40-6]
11017-04-2	"Present ([1202])" As Saxitoxin [35523-89-8]
8028-34-0	"Present ([2533])" As Mercury oxide (HgO) [21908-53-2]
126-75-0	"Present (content >3%, [0658])" As Demeton [8065-48-3]
525584-40-1	"Present ([0481])" As Strychnine [57-24-9]
11111-91-4	"Present (content >4%, [0662])" As Parathion [56-38-2]
27340-43-8	"Present ([0849])" As Decaborane [17702-41-9]
UN2337	"Present ([0071])" As Benzenethiol [108-98-5]
849231-16-9	"Present ([2626])" As Diborane [19287-45-7]
42492-95-5	"Present ([1637])" As Lactonitrile [78-97-7]
6899-11-2	"Present ([0481])" As Strychnine [57-24-9]
30917-36-3	"Present (content >5%, [0667])" As O,O-Diethyl O-2-pyrazinyl phosphorothioate [297-97-2]
51938-46-6	"Present ([1202])" As Saxitoxin [35523-89-8]
UN1185	"Present ([2567])" As Ethyleneimine [151-56-4]
1304-02-5	"Present ([0849])" As Decaborane [17702-41-9]
1195340-33-0	"Present ([0486])" As Brucine [357-57-3]
101802-54-4	"Present ([2144])" As Pentachlorophenol [87-86-5]
UN2267	"Present ([0463])" As O,O-Dimethyl phosphorochloridothioate [2524-03-0]
UN1251	"Present ([0241])" As Methyl vinyl ketone [78-94-4]
1867-09-0	"Present ([1549])" As Ethylene chlorohydrin [107-07-3]
19287-88-8	"Present ([2626])" As Diborane [19287-45-7]
66052-95-7	"Present ([2413])" As Brodifacoum [56073-10-0]
1195623-19-8	"Present ([0486])" As Brucine [357-57-3]
18708-86-6	"Present (content >20%, [0665])" As Chlorfenvinphos [470-90-6]
50858-98-5	"Present ([1236])" As Antimycin A [1397-94-0]
856565-65-6	"Present ([2163])" As Arsenic pentoxide [1303-28-2]
115182-35-9	"Present ([1079])" As Methamidophos [10265-92-6]
3039-00-7	"Present (content 2-90%, [1351])" As Dieldrin [60-57-1]
UN2542	"Present ([1923])" As Tributylamine [102-82-9]
24378-38-9	"Present ([2177])" As Pentaborane [19624-22-7]
133708-36-8	"Present ([1686])" As Potassium cyanide [151-50-8]
UN1680	"Present ([1686])" As Potassium cyanide [151-50-8]
UN1629	"Present ([2635])" As Acetic acid, mercury(2+) salt (2:1) [1600-27-7]
28380-38-3	"Present ([1912])" As Arsenic trioxide [1327-53-3]
108592-00-3	"Present ([0217])" As Sodium azide [26628-22-8]
102388-58-9	"Present ([0648])" As Amiton [78-53-5]
UN1692	"Present ([0481])" As Strychnine [57-24-9]
UN1135	"Present ([1549])" As Ethylene chlorohydrin [107-07-3]
957761-04-5	"Present ([2115])" As Phosgene [75-44-5]
6129-23-3	"Present ([2635])" As Acetic acid, mercury(2+) salt (2:1) [1600-27-7]
42126-46-5	"Present ([2118])" As Nickel carbonyl [13463-39-3]
12612-55-4	"Present ([2118])" As Nickel carbonyl [13463-39-3]
UN1868	"Present ([0849])" As Decaborane [17702-41-9]
UN1921	"Present ([0155])" As Aziridine, 2-methyl- [75-55-8]
39390-77-7	"Present ([2144])" As Pentachlorophenol [87-86-5]
341972-31-4	"Present ([1693])" As Hydrogen cyanide [74-90-8]
856307-43-2	"Present ([1912])" As Arsenic trioxide [1327-53-3]
UN2646	"Present ([1358])" As Hexachlorocyclopentadiene [77-47-4]
UN1045	"Present ([0732])" As Fluorine [7782-41-4]
575502-02-2	"Present ([0217])" As Sodium azide [26628-22-8]
13998-03-3	"Present ([1688])" As Sodium cyanide [143-33-9]
55803-44-6	"Present ([1202])" As Saxitoxin [35523-89-8]
17301-10-9	"Present (content 2-90%, [1351])" As Dieldrin [60-57-1]
1135443-67-2	"Present ([2144])" As Pentachlorophenol [87-86-5]
14875-95-7	"Present ([2118])" As Nickel carbonyl [13463-39-3]
1303-97-5	"Present ([2177])" As Pentaborane [19624-22-7]
16970-81-3	"Present ([2626])" As Diborane [19287-45-7]
37330-19-1	"Present ([1236])" As Antimycin A [1397-94-0]
UN2548	"Present ([2138])" As Chlorine pentafluoride [13637-63-3]
7619-62-7	"Present ([2635])" As Acetic acid, mercury(2+) salt (2:1) [1600-27-7]
UN2642	"Present ([0780])" As Fluoroacetic acid [144-49-0]
1087723-67-8	"Present ([0486])" As Brucine [357-57-3]
12798-32-2	"Present ([2637])" As Methoxyethylmercuric acetate [151-38-2]
14158-34-0	"Present ([1381])" As Chlorine [7782-50-5]
462651-43-0	"Present ([0486])" As Brucine [357-57-3]
168153-19-3	"Present ([1923])" As Tributylamine [102-82-9]
9074-77-5	"Present ([0780])" As Fluoroacetic acid [144-49-0]
UN1559	"Present ([2163])" As Arsenic pentoxide [1303-28-2]
37359-43-6	"Present ([1071])" As 4,6-Dinitro-o-cresol [534-52-1]
UN1731	"Present ([2153])" As Antimony pentachloride [7647-18-9]
8057-70-3	"Present (content >4%, [0662])" As Parathion [56-38-2]
15745-74-1	"Present ([1686])" As Potassium cyanide [151-50-8]
UN2629	"Present ([0784])" As Sodium fluoroacetate [62-74-8]
UN1098	"Present ([0141])" As Allyl alcohol [107-18-6]
88733-28-2	"Present ([0461])" As 1,1-Dimethylhydrazine [57-14-7]
1195521-13-1	"Present (content >10%, [1353])" As Isodrin [465-73-6]
145428-94-0	"Present ([0486])" As Brucine [357-57-3]
13981-56-1	"Present ([0732])" As Fluorine [7782-41-4]
UN1541	"Present ([0138])" As Acetone cyanohydrin [75-86-5]
4386-88-3	"Present ([1735])" As [2,2',2''-Nitrilotri(ethanol)-N,O,O',O'']phenylmercury lactate [23319-66-6]
37209-29-3	"Present (content >15%, [0679])" As Chlormephos [24934-91-6]
36823-35-5	"Present ([2157])" As Iron, pentacarbonyl- [13463-40-6]
UN1687	"Present ([0217])" As Sodium azide [26628-22-8]
36252-60-5	"Present ([2118])" As Nickel carbonyl [13463-39-3]
37209-35-1	"Present ([1998])" As Isofluorophate [55-91-4]
1194719-36-2	"Present ([0481])" As Strychnine [57-24-9]
UN1076	"Present ([2115])" As Phosgene [75-44-5]
UN1580	"Present ([1854])" As Chloropicrin [76-06-2]
21152-15-8	"Present (content >1%, [0042])" As Isobenzan [297-78-9]
26302-40-9	"Present (content >10%, [1353])" As Isodrin [465-73-6]
12060-19-4	"Present ([2087])" As Osmium tetroxide [20816-12-0]
3212-31-5	"Present (content >1%, [0042])" As Isobenzan [297-78-9]
52712-65-9	"Present ([2177])" As Pentaborane [19624-22-7]
900786-57-4	"Present ([0481])" As Strychnine [57-24-9]
16760-37-5	"Present ([1097])" As Nicotine [54-11-5]
20434-91-7	"Present ([1723])" As Trichloromethanesulphenyl chloride [594-42-3]
UN1163	"Present ([0461])" As 1,1-Dimethylhydrazine [57-14-7]
8068-73-3	"Present ([1071])" As 4,6-Dinitro-o-cresol [534-52-1]
6912-85-2	"Present ([1097])" As Nicotine [54-11-5]
20828-18-6	"Present ([0217])" As Sodium azide [26628-22-8]
193198-03-7	"Present ([0486])" As Brucine [357-57-3]
UN1911	"Present ([2626])" As Diborane [19287-45-7]
12314-11-3	"Present ([2153])" As Antimony pentachloride [7647-18-9]
UN1598	"Present ([1071])" As 4,6-Dinitro-o-cresol [534-52-1]
3017-23-0	"Present ([1693])" As Hydrogen cyanide [74-90-8]
13981-43-6	"Present ([1381])" As Chlorine [7782-50-5]
53240-95-2	"Present ([1071])" As 4,6-Dinitro-o-cresol [534-52-1]
848779-17-9	"Present ([2157])" As Iron, pentacarbonyl- [13463-40-6]
59029-57-1	"Present (content 2-90%, [1351])" As Dieldrin [60-57-1]
UN1017	"Present ([1381])" As Chlorine [7782-50-5]
52340-09-7	"Present ([0849])" As Decaborane [17702-41-9]
24378-36-7	"Present ([2177])" As Pentaborane [19624-22-7]
UN1614	"Present ([1693])" As Hydrogen cyanide [74-90-8]
UN1670	"Present ([1723])" As Trichloromethanesulphenyl chloride [594-42-3]
99932-76-0	"Present ([2567])" As Ethyleneimine [151-56-4]
24378-37-8	"Present ([2177])" As Pentaborane [19624-22-7]
UN1510	"Present ([2078])" As Tetranitromethane [509-14-8]
28519-24-6	"Present ([1677])" As Methyl mercury dicyandiamide [502-39-6]
133441-46-0	"Present ([2626])" As Diborane [19287-45-7]
848779-18-0	"Present ([2118])" As Nickel carbonyl [13463-39-3]
83857-41-4	"Present (content >0.5%, [0394])" As Monocrotophos [6923-22-4]
4157-35-1	"Present ([2003])" As Phosacetim [4104-14-7]
12136-89-9	"Present ([0217])" As Sodium azide [26628-22-8]
12355-85-0	"Present ([2163])" As Arsenic pentoxide [1303-28-2]
875538-26-4	"Present ([0481])" As Strychnine [57-24-9]
16984-48-8	"Present ([0732])" As Fluorine [7782-41-4]
13890-81-8	"Present ([1097])" As Nicotine [54-11-5]
15585-26-9	"Present ([1381])" As Chlorine [7782-50-5]
8000-97-3	"Present (content >3%, [0658])" As Demeton [8065-48-3]
UN2334	"Present ([0020])" As Allylamine [107-11-9]
298-03-3	"Present (content >3%, [0658])" As Demeton [8065-48-3]
UN1561	"Present ([1912])" As Arsenic trioxide [1327-53-3]
167076-44-0	"Present ([1266])" As Phosphine [7803-51-2]
8018-06-2	"Present (content >20%, [0665])" As Chlorfenvinphos [470-90-6]
99910-18-6	"Present (content >15%, [0654])" As Phosfolan [947-02-4]
37220-42-1	"Present ([2157])" As Iron, pentacarbonyl- [13463-40-6]
99910-17-5	"Present (content >15%, [0654])" As Phosfolan [947-02-4]
UN2188	"Present ([1927])" As Arsine [7784-42-1]
503002-54-8	"Present ([0217])" As Sodium azide [26628-22-8]
20389-61-1	"Present (content >10%, [1353])" As Isodrin [465-73-6]
52803-29-9	"Present ([1513])" As Ethyl chloroformate [541-41-3]
75-70-7	"Present ([1723])" As Trichloromethanesulphenyl chloride [594-42-3]
80449-88-3	"Present ([2413])" As Brodifacoum [56073-10-0]
87993-82-6	"Present ([1328])" As Sulfuric acid, thallium(1+) salt (1:2) [7446-18-6]
UN1239	"Present ([1502])" As Chloromethyl methyl ether [107-30-2]
59204-10-3	"Present ([0155])" As Aziridine, 2-methyl- [75-55-8]
UN2190	"Present ([0340])" As Oxygen difluoride [7783-41-7]
UN3155	"Present ([2144])" As Pentachlorophenol [87-86-5]
1304-00-3	"Present ([2626])" As Diborane [19287-45-7]
UN2378	"Present ([0410])" As Dimethylaminoacetonitrile [926-64-7]
540770-45-4	"Present ([2157])" As Iron, pentacarbonyl- [13463-40-6]
UN1689	"Present ([1688])" As Sodium cyanide [143-33-9]
243464-31-5	"Present (content >5%, [0367])" As Mevinphos [7786-34-7]
551-13-3	"Present ([1097])" As Nicotine [54-11-5]
34624-53-8	"Present (content >3%, [0658])" As Demeton [8065-48-3]
936009-28-8	"Present ([0481])" As Strychnine [57-24-9]
8071-51-0	"Present ([1071])" As 4,6-Dinitro-o-cresol [534-52-1]
7574-44-9	"Present ([0780])" As Fluoroacetic acid [144-49-0]
10102-23-5	"Present ([2198])" As Sodium selenate [13410-01-0]
18961-44-9	"Present ([0155])" As Aziridine, 2-methyl- [75-55-8]
UN3246	"Present ([1126])" As Methanesulfonyl chloride [124-63-0]
71327-12-3	"Present ([2118])" As Nickel carbonyl [13463-39-3]
344328-67-2	"Present ([1723])" As Trichloromethanesulphenyl chloride [594-42-3]
25596-52-5	"Present ([1688])" As Sodium cyanide [143-33-9]
64442-81-5	"Present ([2177])" As Pentaborane [19624-22-7]
947-33-1	"Present (content >5%, [0655])" As Mephosfolan [950-10-7]
7446-13-1	"Present ([2087])" As Osmium tetroxide [20816-12-0]
12542-90-4	"Present ([1677])" As Methyl mercury dicyandiamide [502-39-6]
70206-61-0	"Present ([0486])" As Brucine [357-57-3]
UN1837	"Present ([1278])" As Thiophosphoryl chloride [3982-91-0]
19701-15-6	"Present ([2635])" As Acetic acid, mercury(2+) salt (2:1) [1600-27-7]
1561105-23-4	"Present ([0020])" As Allylamine [107-11-9]
12643-22-0	"Present (content >5%, [0655])" As Mephosfolan [950-10-7]
UN1654	"Present ([1097])" As Nicotine [54-11-5]
UN1730	"Present ([2153])" As Antimony pentachloride [7647-18-9]
719993-31-4	"Present ([0732])" As Fluorine [7782-41-4]
106996-53-6	"Present ([0849])" As Decaborane [17702-41-9]
54193-32-7	"Present ([0486])" As Brucine [357-57-3]
UN1238	"Present ([1509])" As Methyl chloroformate [79-22-1]
18708-87-7	"Present (content >20%, [0665])" As Chlorfenvinphos [470-90-6]
UN1380	"Present ([2177])" As Pentaborane [19624-22-7]
UN2382	"Present ([0462])" As 1,2-Dimethylhydrazine [540-73-8]
68335-14-8	"Present ([0656])" As Fosthietan [21548-32-3]
8054-28-2	"Present ([2091])" As Sulfotep [3689-24-5]
8058-73-9	"Present (content >3%, [0658])" As Demeton [8065-48-3]
UN1624	"Present ([1464])" As Mercury chloride (HgCl2) [7487-94-7]
UN2199	"Present ([1266])" As Phosphine [7803-51-2]
110616-89-2	"Present (content >4%, [0662])" As Parathion [56-38-2]
1344-45-2	"Present ([2533])" As Mercury oxide (HgO) [21908-53-2]
UN2471	"Present ([2087])" As Osmium tetroxide [20816-12-0]
13843-65-7	"Present ([2163])" As Arsenic pentoxide [1303-28-2]
71129-91-4	"Present ([2177])" As Pentaborane [19624-22-7]
13005-31-7	"Present ([2118])" As Nickel carbonyl [13463-39-3]
157302-08-4	"Present ([0217])" As Sodium azide [26628-22-8]
37333-30-5	"Present ([1328])" As Sulfuric acid, thallium(1+) salt (1:2) [7446-18-6]
12707-29-8	"Present ([0849])" As Decaborane [17702-41-9]
101324-32-7	"Present ([0486])" As Brucine [357-57-3]
338-45-4	"Present (content >5%, [0367])" As Mevinphos [7786-34-7]
33648-22-5	"Present (content 2-90%, [1351])" As Dieldrin [60-57-1]
1025436-18-3	"Present ([2718])" As Phenyl isocyanate [103-71-9]
18961-45-0	"Present ([0155])" As Aziridine, 2-methyl- [75-55-8]
101324-33-8	"Present ([0481])" As Strychnine [57-24-9]
64060-28-2	"Present ([0099])" As Pyriminil [53558-25-1]
UN1244	"Present ([1677])" As Methyl mercury dicyandiamide [502-39-6]
