PC023	75-35-4
PC023	UN1303
PC024	26198-63-0
PC024	78-87-5
PC024	UN1279
PC025	121-14-2
PC026	732-26-3
PC027	1053658-43-7
PC027	1076-43-3
PC027	1173023-23-8
PC027	174973-66-1
PC027	54682-86-9
PC027	71-43-2
PC027	UN1114
PC028	120-12-7
PC028	1719-06-8
PC028	205-99-2
PC028	207-08-9
PC028	218-01-9
PC028	27274-05-1
PC028	50-32-8
PC028	53-70-3
PC028	56-55-3
PC028	68756-79-6
PC028	819804-28-9
PC028	858790-60-0
PC029	136677-09-3
PC029	136677-10-6
PC029	1746-01-6
PC029	19408-74-3
PC029	24478-72-6
PC029	24478-73-7
PC029	24478-74-8
PC029	29446-15-9
PC029	30402-14-3
PC029	30402-15-4
PC029	30746-58-8
PC029	3268-87-9
PC029	33423-92-6
PC029	33857-26-0
PC029	33857-28-2
PC029	34465-46-8
PC029	34816-53-0
PC029	35822-46-9
PC029	36088-22-9
PC029	37871-00-4
PC029	38178-38-0
PC029	38964-22-6
PC029	38998-75-3
PC029	39001-02-0
PC029	39227-28-6
PC029	39227-58-2
PC029	39227-61-7
PC029	39227-62-8
PC029	40321-76-4
PC029	40581-90-6
PC029	40581-91-7
PC029	40581-93-9
PC029	40581-94-0
PC029	41903-57-5
PC029	43047-99-0
PC029	43048-00-6
PC029	50585-39-2
PC029	50585-46-1
PC029	51207-31-9
PC029	53555-02-5
PC029	5409-83-6
PC029	54536-17-3
PC029	54589-71-8
PC029	55673-89-7
PC029	55684-94-1
PC029	57117-31-4
PC029	57117-32-5
PC029	57117-33-6
PC029	57117-34-7
PC029	57117-35-8
PC029	57117-36-9
PC029	57117-37-0
PC029	57117-38-1
PC029	57117-39-2
PC029	57117-40-5
PC029	57117-41-6
PC029	57117-42-7
PC029	57117-43-8
PC029	57117-44-9
PC029	57653-85-7
PC029	58200-66-1
PC029	58200-67-2
PC029	58200-68-3
PC029	58200-69-4
PC029	58200-70-7
PC029	58802-08-7
PC029	58802-09-8
PC029	58802-14-5
PC029	58802-15-6
PC029	58802-16-7
PC029	58802-17-8
PC029	58802-18-9
PC029	58802-19-0
PC029	58802-20-3
PC029	58802-21-4
PC029	58802-51-0
PC029	60390-27-4
PC029	60851-34-5
PC029	62470-53-5
PC029	62470-54-6
PC029	62615-08-1
PC029	64126-85-8
PC029	64126-86-9
PC029	64126-87-0
PC029	64461-98-9
PC029	64501-00-4
PC029	64560-13-0
PC029	64560-14-1
PC029	64560-15-2
PC029	64560-16-3
PC029	64560-17-4
PC029	66794-59-0
PC029	67028-17-5
PC029	67028-18-6
PC029	67028-19-7
PC029	67323-56-2
PC029	67517-48-0
PC029	67562-39-4
PC029	67562-40-7
PC029	69433-00-7
PC029	69698-57-3
PC029	69698-58-4
PC029	69698-59-5
PC029	69698-60-8
PC029	70648-13-4
PC029	70648-14-5
PC029	70648-15-6
PC029	70648-16-7
PC029	70648-18-9
PC029	70648-19-0
PC029	70648-20-3
PC029	70648-21-4
PC029	70648-22-5
PC029	70648-23-6
PC029	70648-24-7
PC029	70648-25-8
PC029	70648-26-9
PC029	70872-82-1
PC029	71665-99-1
PC029	71669-23-3
PC029	71669-24-4
PC029	71669-25-5
PC029	71669-26-6
PC029	71669-27-7
PC029	71669-28-8
PC029	71669-29-9
PC029	71925-15-0
PC029	71925-16-1
PC029	71925-17-2
PC029	71998-72-6
PC029	71998-73-7
PC029	71998-74-8
PC029	71998-75-9
PC029	71998-76-0
PC029	72918-21-9
PC029	74918-40-4
PC029	74992-97-5
PC029	74992-98-6
PC029	75198-38-8
PC029	75627-02-0
PC029	76621-12-0
PC029	79060-60-9
PC029	81638-37-1
PC029	82291-28-9
PC029	82291-34-7
PC029	82291-35-8
PC029	82291-36-9
PC029	82291-37-0
PC029	82291-38-1
PC029	82306-65-8
PC029	82911-58-8
PC029	82911-59-9
PC029	82911-60-2
PC029	82911-61-3
PC029	83636-47-9
PC029	83690-98-6
PC029	83704-21-6
PC029	83704-22-7
PC029	83704-23-8
PC029	83704-24-9
PC029	83704-25-0
PC029	83704-26-1
PC029	83704-27-2
PC029	83704-28-3
PC029	83704-29-4
PC029	83704-30-7
PC029	83704-31-8
PC029	83704-32-9
PC029	83704-33-0
PC029	83704-34-1
PC029	83704-35-2
PC029	83704-36-3
PC029	83704-37-4
PC029	83704-38-5
PC029	83704-39-6
PC029	83704-40-9
PC029	83704-41-0
PC029	83704-42-1
PC029	83704-43-2
PC029	83704-44-3
PC029	83704-45-4
PC029	83704-46-5
PC029	83704-47-6
PC029	83704-48-7
PC029	83704-49-8
PC029	83704-50-1
PC029	83704-51-2
PC029	83704-52-3
PC029	83704-53-4
PC029	83704-54-5
PC029	83704-55-6
PC029	83710-07-0
PC029	83719-40-8
PC029	89059-46-1
PC029	91538-83-9
PC029	91538-84-0
PC029	92341-04-3
PC029	92341-05-4
PC029	92341-06-5
PC029	92341-07-6
PC029	94538-00-8
PC029	94538-01-9
PC029	94538-02-0
PC029	94570-83-9
PC030	1053657-77-4
PC030	108-88-3
PC030	1124-18-1
PC030	1202864-97-8
PC030	1603-99-2
PC030	2037-26-5
PC030	UN1294
PC031	95-53-4
PC032	115-96-8
PC032	21343-84-0
PC033	87-68-3
PC033	UN2279
PC034	1135443-45-6
PC034	118-74-1
PC034	608-93-5
PC034	UN2729
PC035	1195164-59-0
PC035	13058-06-5
PC035	15498-45-0
PC035	15715-47-6
PC035	15739-82-9
PC035	17125-58-5
PC035	18017-22-6
PC035	19742-57-5
PC035	1996-88-9
PC035	2043-53-0
PC035	21652-58-4
PC035	2395-00-8
PC035	24216-05-5
PC035	25935-14-2
PC035	26650-10-2
PC035	27619-90-5
PC035	27854-31-5
PC035	27905-45-9
PC035	29457-73-6
PC035	30295-53-5
PC035	308-01-0
PC035	3102-79-2
PC035	3108-24-5
PC035	32609-65-7
PC035	33496-48-9
PC035	335-60-4
PC035	335-64-8
PC035	335-66-0
PC035	335-67-1
PC035	335-90-0
PC035	335-93-3
PC035	335-95-5
PC035	34143-74-3
PC035	34455-21-5
PC035	34455-23-7
PC035	34695-29-9
PC035	376-23-8
PC035	376-27-2
PC035	3825-26-1
PC035	39108-34-4
PC035	39186-68-0
PC035	40143-79-1
PC035	41358-63-8
PC035	5158-52-1
PC035	61436-04-2
PC035	65618-66-8
PC035	678-41-1
PC035	68141-02-6
PC035	71244-15-0
PC035	90480-56-1
PC035	90622-71-2
PC035	90622-99-4
PC035	98241-25-9
PC035	RR-171177-9
PC035	RR-64340-3
PC036	100-45-8
PC036	100-47-0
PC036	100-48-1
PC036	100-54-9
PC036	100-70-9
PC036	1001-55-4
PC036	100124-55-8
PC036	100134-82-5
PC036	1003-31-2
PC036	1003-52-7
PC036	10036-43-8
PC036	100367-55-3
PC036	100443-95-6
PC036	100450-10-0
PC036	100453-11-0
PC036	100522-75-6
PC036	100726-23-6
PC036	102262-31-7
PC036	102262-32-8
PC036	10340-91-7
PC036	104-47-2
PC036	104-85-8
PC036	10442-39-4
PC036	107-12-0
PC036	107-13-1
PC036	107-14-2
PC036	107-16-4
PC036	109-74-0
PC036	109-75-1
PC036	109-77-3
PC036	109-78-4
PC036	109-82-0
PC036	110-59-8
PC036	110-61-2
PC036	111-69-3
PC036	1187-42-4
PC036	1194-02-1
PC036	12211-52-8
PC036	124-12-9
PC036	126-98-7
PC036	13074-68-5
PC036	13338-63-1
PC036	1335-31-5
PC036	13408-62-3
PC036	13435-20-6
PC036	13601-11-1
PC036	13601-13-3
PC036	13601-19-9
PC036	13682-73-0
PC036	13715-19-0
PC036	13746-66-2
PC036	13755-38-9
PC036	13821-08-4
PC036	13943-58-3
PC036	13963-58-1
PC036	13967-50-5
PC036	140-29-4
PC036	140-53-4
PC036	14023-90-6
PC036	14038-43-8
PC036	14038-85-8
PC036	14039-23-7
PC036	14123-08-1
PC036	14170-30-0
PC036	14191-95-8
PC036	142019-16-7
PC036	14217-00-6
PC036	14217-21-1
PC036	14220-17-8
PC036	14220-64-5
PC036	14221-48-8
PC036	14244-62-3
PC036	14263-59-3
PC036	14263-73-1
PC036	14264-31-4
PC036	143-33-9
PC036	14402-75-6
PC036	14402-89-2
PC036	14459-95-1
PC036	14460-02-7
PC036	14481-29-9
PC036	14542-93-9
PC036	14564-70-6
PC036	14763-77-0
PC036	14816-18-3
PC036	14834-18-5
PC036	14874-78-3
PC036	14965-99-2
PC036	149850-38-4
PC036	151-50-8
PC036	15280-09-8
PC036	1529-41-5
PC036	15333-24-1
PC036	156-62-7
PC036	16213-85-7
PC036	16532-79-9
PC036	1689-84-5
PC036	1738-36-9
PC036	1762-95-4
PC036	1823-91-2
PC036	18300-91-9
PC036	1855-63-6
PC036	1871-96-1
PC036	187336-44-3
PC036	18936-17-9
PC036	18972-69-5
PC036	18972-70-8
PC036	18974-18-0
PC036	18974-19-1
PC036	18974-20-4
PC036	191234-22-7
PC036	19158-51-1
PC036	19472-74-3
PC036	19524-05-1
PC036	19847-12-2
PC036	19924-43-7
PC036	2012-81-9
PC036	2035-66-7
PC036	2046-18-6
PC036	20792-41-0
PC036	20850-49-1
PC036	21430-69-3
PC036	2179-92-2
PC036	2184-88-5
PC036	2206-26-0
PC036	22254-88-2
PC036	22364-68-7
PC036	2243-27-8
PC036	2244-07-7
PC036	23074-42-2
PC036	23209-26-9
PC036	23297-50-9
PC036	2338-75-2
PC036	2338-76-3
PC036	23525-22-6
PC036	2408-36-8
PC036	2417-90-5
PC036	24224-99-5
PC036	24225-08-9
PC036	2437-25-4
PC036	25869-00-5
PC036	25899-50-7
PC036	2597-97-9
PC036	26294-98-4
PC036	26746-21-4
PC036	27472-21-5
PC036	2769-64-4
PC036	2769-71-3
PC036	27812-34-6
PC036	28550-63-2
PC036	2856-63-5
PC036	28623-46-3
PC036	2920-38-9
PC036	2942-58-7
PC036	2947-60-6
PC036	2947-61-7
PC036	2961-62-8
PC036	2961-63-9
PC036	2961-67-3
PC036	2961-68-4
PC036	2973-50-4
PC036	2999-46-4
PC036	3017-23-0
PC036	3018-12-0
PC036	302-04-5
PC036	3020-06-2
PC036	30932-41-3
PC036	31065-88-0
PC036	31096-40-9
PC036	31395-95-6
PC036	31938-07-5
PC036	3215-64-3
PC036	3215-65-4
PC036	3218-49-3
PC036	326-62-5
PC036	32730-85-1
PC036	3288-99-1
PC036	333-20-0
PC036	341972-31-4
PC036	34688-71-6
PC036	35022-43-6
PC036	35022-44-7
PC036	353-85-5
PC036	3544-25-0
PC036	357-21-1
PC036	36622-33-0
PC036	36635-61-7
PC036	370-86-5
PC036	37187-64-7
PC036	375-00-8
PC036	3759-28-2
PC036	3893-23-0
PC036	39049-81-5
PC036	39101-54-7
PC036	39377-49-6
PC036	40784-95-0
PC036	422-04-8
PC036	4254-02-8
PC036	42867-40-3
PC036	4360-47-8
PC036	4367-08-2
PC036	4370-12-1
PC036	4439-02-5
PC036	459-22-3
PC036	460-19-5
PC036	4635-87-4
PC036	4786-19-0
PC036	4786-20-3
PC036	501-00-8
PC036	503-20-8
PC036	50599-78-5
PC036	506-61-6
PC036	506-64-9
PC036	506-65-0
PC036	506-68-3
PC036	506-77-4
PC036	506-78-5
PC036	513-96-2
PC036	5144-10-5
PC036	51632-29-2
PC036	51694-22-5
PC036	51965-61-8
PC036	529-19-1
PC036	5332-06-9
PC036	535-37-5
PC036	53641-60-4
PC036	5399-02-0
PC036	540-72-7
PC036	5415-07-6
PC036	542-54-1
PC036	542-62-1
PC036	542-83-6
PC036	542-84-7
PC036	544-92-3
PC036	545-06-2
PC036	5500-21-0
PC036	555-21-5
PC036	555-60-2
PC036	5558-31-6
PC036	5558-67-8
PC036	557-19-7
PC036	557-21-1
PC036	562-79-8
PC036	562-81-2
PC036	5683-74-9
PC036	57-12-5
PC036	5798-79-8
PC036	5804-85-3
PC036	590-17-0
PC036	590-28-3
PC036	591-89-9
PC036	592-01-8
PC036	592-04-1
PC036	592-05-2
PC036	592-06-3
PC036	592-51-8
PC036	592-85-8
PC036	593-75-9
PC036	6007-78-9
PC036	6047-91-2
PC036	610-66-2
PC036	613-90-1
PC036	614-16-4
PC036	617-90-3
PC036	620-22-4
PC036	621-50-1
PC036	622-75-3
PC036	623-26-7
PC036	623-49-4
PC036	624-75-9
PC036	624-79-3
PC036	625-28-5
PC036	628-73-9
PC036	629-08-3
PC036	629-60-7
PC036	630-18-2
PC036	6306-60-1
PC036	631-57-2
PC036	63427-32-7
PC036	638-65-3
PC036	64046-74-8
PC036	64049-06-5
PC036	64049-14-5
PC036	64049-15-6
PC036	64049-16-7
PC036	645-59-0
PC036	646-20-8
PC036	64985-85-9
PC036	653-30-5
PC036	654-01-3
PC036	6574-97-6
PC036	658-99-1
PC036	66004-32-8
PC036	6621-59-6
PC036	66582-16-9
PC036	66582-17-0
PC036	67859-40-9
PC036	67859-41-0
PC036	67859-42-1
PC036	67859-43-2
PC036	67859-44-3
PC036	67859-48-7
PC036	67906-13-2
PC036	67906-15-4
PC036	67906-16-5
PC036	67906-18-7
PC036	67906-19-8
PC036	67906-20-1
PC036	67906-21-2
PC036	67989-90-6
PC036	67989-91-7
PC036	68-19-9
PC036	68133-86-8
PC036	68133-87-9
PC036	683-45-4
PC036	68391-13-9
PC036	68928-29-0
PC036	68958-89-4
PC036	68958-90-7
PC036	68975-64-4
PC036	7035-03-2
PC036	70879-63-9
PC036	71050-56-1
PC036	71486-84-5
PC036	7188-38-7
PC036	72207-63-7
PC036	72269-54-6
PC036	7276-58-6
PC036	73663-75-9
PC036	73663-76-0
PC036	73663-77-1
PC036	74-90-8
PC036	75-05-8
PC036	75279-55-9
PC036	766-05-2
PC036	7677-24-9
PC036	77-81-6
PC036	773-82-0
PC036	77668-42-9
PC036	78-82-0
PC036	78375-48-1
PC036	825-52-5
PC036	83463-62-1
PC036	86-29-3
PC036	86-53-3
PC036	873-32-5
PC036	874-90-8
PC036	88562-25-8
PC036	90218-42-1
PC036	929-57-7
PC036	93-17-4
PC036	931-53-3
PC036	931-54-4
PC036	935-44-4
PC036	P-94-1820
PC036	P-95-2032
PC036	RR-00085-1
PC036	RR-00573-2
PC036	RR-00641-7
PC036	RR-00642-8
PC036	RR-00643-9
PC036	RR-00644-0
PC036	RR-00645-1
PC036	RR-00646-2
PC036	RR-00812-8
PC036	RR-03677-1
PC036	RR-03752-5
PC036	RR-04817-9
PC036	RR-07078-0
PC036	RR-08372-7
PC036	RR-09421-3
PC036	RR-09422-4
PC036	RR-10524-8
PC036	RR-11160-4
PC036	RR-11161-5
PC036	RR-11162-6
PC036	RR-11163-7
PC036	RR-12623-8
PC036	RR-12958-8
PC036	RR-184604-4
PC036	RR-18989-9
PC036	RR-23219-9
PC036	RR-31075-8
PC036	RR-32086-5
PC036	RR-32154-0
PC036	RR-33766-6
PC036	RR-41550-9
PC036	RR-42217-3
PC036	RR-42218-4
PC036	RR-42516-1
PC036	RR-42524-1
PC036	RR-43340-9
PC036	RR-43341-0
PC036	RR-43342-1
PC036	RR-43732-1
PC036	RR-43826-6
PC036	RR-45497-7
PC036	RR-45500-5
PC036	RR-47813-7
PC036	UN1614
PC037	10031-59-1
PC037	10102-45-1
PC037	10158-43-7
PC037	106210-01-9
PC037	106210-02-0
PC037	113835-49-7
PC037	115866-07-4
PC037	12006-09-6
PC037	12026-06-1
PC037	12039-17-7
PC037	12039-52-0
PC037	12040-12-9
PC037	12040-13-0
PC037	12040-16-3
PC037	12048-36-1
PC037	123565-63-9
PC037	12396-77-9
PC037	12651-21-7
PC037	1310-83-4
PC037	1314-12-1
PC037	1314-32-5
PC037	1314-97-2
PC037	134030-71-0
PC037	13453-30-0
PC037	13453-32-2
PC037	13453-33-3
PC037	13453-34-4
PC037	13453-35-5
PC037	13453-37-7
PC037	13453-38-8
PC037	13453-40-2
PC037	13453-45-7
PC037	13473-75-1
PC037	136048-66-3
PC037	13701-90-1
PC037	13746-98-0
PC037	138072-88-5
PC037	13968-51-9
PC037	13968-51-9
PC037	14013-75-3
PC037	14107-52-9
PC037	14107-52-9
PC037	14219-90-0
PC037	14324-88-0
PC037	14767-09-0
PC037	15064-65-0
PC037	15064-65-0
PC037	15064-66-1
PC037	15064-66-1
PC037	15123-92-9
PC037	15350-61-5
PC037	15444-43-6
PC037	15572-25-5
PC037	15596-83-5
PC037	15720-55-5
PC037	15720-55-5
PC037	15720-57-7
PC037	15720-57-7
PC037	15743-50-7
PC037	15743-50-7
PC037	15843-14-8
PC037	16142-89-5
PC037	16222-66-5
PC037	16901-76-1
PC037	17026-06-1
PC037	18235-46-6
PC037	18235-46-6
PC037	18756-72-4
PC037	19859-84-8
PC037	20398-06-5
PC037	207738-09-8
PC037	22537-56-0
PC037	23331-03-5
PC037	23586-53-0
PC037	23586-55-2
PC037	25491-50-3
PC037	2570-63-0
PC037	25822-21-3
PC037	25955-51-5
PC037	26683-69-2
PC037	26683-69-2
PC037	2757-18-8
PC037	27685-40-1
PC037	28625-02-7
PC037	29095-38-3
PC037	2923-19-5
PC037	29809-42-5
PC037	30737-24-7
PC037	34822-90-7
PC037	3535-84-0
PC037	37475-01-7
PC037	378784-59-9
PC037	378784-59-9
PC037	378784-61-3
PC037	378784-61-3
PC037	39262-04-9
PC037	41487-19-8
PC037	50375-48-9
PC037	51833-34-2
PC037	51912-10-8
PC037	52238-56-9
PC037	54412-40-7
PC037	563-68-8
PC037	57232-83-4
PC037	58806-19-2
PC037	60488-29-1
PC037	60969-19-9
PC037	61971-47-9
PC037	62140-21-0
PC037	623903-27-5
PC037	62811-75-0
PC037	63905-90-8
PC037	63906-56-9
PC037	6533-73-9
PC037	67523-25-5
PC037	67657-12-9
PC037	69029-78-3
PC037	69029-81-8
PC037	69029-90-9
PC037	69029-95-4
PC037	69029-96-5
PC037	71383-94-3
PC037	71929-23-2
PC037	73491-36-8
PC037	7440-28-0
PC037	7446-18-6
PC037	7446-22-2
PC037	7783-57-5
PC037	7789-27-7
PC037	7789-40-4
PC037	7790-30-9
PC037	7791-12-0
PC037	80057-39-2
PC037	82391-14-8
PC037	82870-81-3
PC037	84057-85-2
PC037	85117-20-0
PC037	91053-46-2
PC037	91053-47-3
PC037	92257-11-9
PC037	94022-47-6
PC037	94551-96-9
PC037	992-98-3
PC037	RR-00048-6
PC037	RR-00575-4
PC037	RR-13660-7
PC037	UN1707
PC038	101802-54-4
PC038	1135443-67-2
PC038	123333-54-0
PC038	131-52-2
PC038	1825-21-4
PC038	27735-63-3
PC038	27735-64-4
PC038	3772-94-9
PC038	39390-77-7
PC038	77538-57-9
PC038	87-86-5
PC038	UN2567
PC038	UN3155
PC039	133-49-3
PC040	68937-41-7
