110587-14-9	110587-14-9
116867-32-4	116867-32-4
127404-11-9	127404-11-9
127564-83-4	127564-83-4
127564-90-3	127564-90-3
127564-91-4	127564-91-4
127564-92-5	127564-92-5
130879-71-9	130879-71-9
1330-45-6	1330-45-6
134190-48-0	134190-48-0
134190-49-1	134190-49-1
134190-50-4	134190-50-4
134190-51-5	134190-51-5
134190-52-6	134190-52-6
134190-53-7	134190-53-7
134190-54-8	134190-54-8
134237-35-7	134237-35-7
134237-35-7	29470-94-8
134237-36-8	134237-36-8
134237-39-1	134237-39-1
134237-40-4	134237-40-4
134237-41-5	134237-41-5
134237-42-6	1224873-71-5
134237-42-6	134237-42-6
134237-43-7	134237-43-7
134237-44-8	134237-44-8
134237-45-9	134237-45-9
134237-45-9	RR-211367-9
1717-00-6	1717-00-6
25167-88-8	25167-88-8
25497-29-4	25497-29-4
25497-29-4	27175-71-9
25497-29-4	58561-84-5
25915-78-0	25915-78-0
26588-23-8	26588-23-8
27154-33-2	27154-33-2
2837-89-0	2837-89-0
2837-89-0	UN1021
28987-04-4	28987-04-4
29470-95-9	29470-95-9
306-83-2	306-83-2
34077-87-7	34077-87-7
34077-87-7	90454-18-5
422-56-0	422-56-0
507-55-1	507-55-1
593-70-4	593-70-4
61623-04-9	61623-04-9
63938-10-3	63938-10-3
75-43-4	39289-28-6
75-43-4	75-43-4
75-43-4	UN1029
75-45-6	134191-96-1
75-45-6	191542-01-5
75-45-6	73666-77-0
75-45-6	75-45-6
75-45-6	UN1018
75-68-3	65762-25-6
75-68-3	75-68-3
75-68-3	UN2517
Chlorodifluoroethane	338-64-7
Chlorodifluoroethane	338-65-8
Chlorodifluoroethane	55949-44-5
Chlorodifluoropropane	102738-79-4
Chlorodifluoropropane	151771-13-0
Chlorodifluoropropane	362631-59-2
Chlorodifluoropropane	37161-81-2
Chlorodifluoropropane	420-99-5
Chlorodifluoropropane	421-02-3
Chlorodifluoropropane	430-93-3
Chlorodifluoropropane	430-96-6
Chlorodifluoropropane	83124-57-6
Chlorofluoroethane	1615-75-4
Chlorofluoroethane	762-50-5
Chlorofluoroethane	76543-13-0
Chlorofluoroethane	86658-70-0
Chlorofluoropropane	20372-78-5
Chlorofluoropropane	420-44-0
Chlorofluoropropane	430-46-6
Chlorofluoropropane	430-55-7
Chlorofluoropropane	462-38-4
Chlorohexafluoropropane	134308-72-8
Chlorohexafluoropropane	359-58-0
Chlorohexafluoropropane	422-55-9
Chlorohexafluoropropane	422-57-1
Chlorohexafluoropropane	431-87-8
Chlorohexafluoropropane	51346-64-6
Chloropentafluoropropane	108662-83-5
Chloropentafluoropropane	134251-06-2
Chloropentafluoropropane	144429-90-3
Chloropentafluoropropane	162102-07-0
Chloropentafluoropropane	230956-35-1
Chloropentafluoropropane	28103-66-4
Chloropentafluoropropane	422-02-6
Chloropentafluoropropane	460-92-4
Chloropentafluoropropane	677-55-4
Chloropentafluoropropane	679-99-2
Chloropentafluoropropane	874114-77-9
Chlorotetrafluoroethane	117970-90-8
Chlorotetrafluoroethane	149329-28-2
Chlorotetrafluoroethane	149329-29-3
Chlorotetrafluoroethane	149447-91-6
Chlorotetrafluoroethane	149448-09-9
Chlorotetrafluoroethane	151771-09-4
Chlorotetrafluoroethane	19041-02-2
Chlorotetrafluoroethane	2730-64-5
Chlorotetrafluoroethane	354-25-6
Chlorotetrafluoroethane	421-73-8
Chlorotetrafluoroethane	421-75-0
Chlorotetrafluoroethane	67406-66-0
Chlorotetrafluoroethane	679-85-6
Chlorotrifluoroethane	421-04-5
Chlorotrifluoroethane	431-07-2
Chlorotrifluoroethane	75-88-7
Chlorotrifluoroethane	UN1983
Chlorotrifluoropropane	121612-65-5
Chlorotrifluoropropane	134251-05-1
Chlorotrifluoropropane	149329-30-6
Chlorotrifluoropropane	151771-11-8
Chlorotrifluoropropane	151771-12-9
Chlorotrifluoropropane	421-47-6
Chlorotrifluoropropane	460-35-5
Chlorotrifluoropropane	56758-54-4
Chlorotrifluoropropane	69202-10-4
Chlorotrifluoropropane	70192-76-6
Chlorotrifluoropropane	83124-56-5
Dichlorodifluoroethane	1649-08-7
Dichlorodifluoroethane	1842-05-3
Dichlorodifluoroethane	31153-51-2
Dichlorodifluoroethane	33489-30-4
Dichlorodifluoroethane	33579-37-2
Dichlorodifluoroethane	431-06-1
Dichlorodifluoroethane	471-43-2
Dichlorodifluoroethane	55949-45-6
Dichlorodifluoropropane	1112-01-2
Dichlorodifluoropropane	1112-36-3
Dichlorodifluoropropane	111483-26-2
Dichlorodifluoropropane	121612-64-4
Dichlorodifluoropropane	131404-17-6
Dichlorodifluoropropane	1378824-14-6
Dichlorodifluoropropane	151771-10-7
Dichlorodifluoropropane	154193-88-1
Dichlorodifluoropropane	362631-58-1
Dichlorodifluoropropane	70192-74-4
Dichlorodifluoropropane	7126-15-0
Dichlorodifluoropropane	819-00-1
Dichlorodifluoropropane	82578-00-5
Dichlorofluoroethane	430-53-5
Dichlorofluoroethane	430-57-9
Dichlorofluoropropane	420-97-3
Dichlorofluoropropane	453-01-0
Dichlorofluoropropane	53074-30-9
Dichlorofluoropropane	53074-31-0
Dichlorofluoropropane	7799-55-5
Dichlorofluoropropane	7799-56-6
Dichlorofluoropropane	816-38-6
Dichlorofluoropropane	83124-60-1
Dichloropentafluoropropane	111512-56-2
Dichloropentafluoropropane	128903-21-9
Dichloropentafluoropropane	13474-88-9
Dichloropentafluoropropane	136013-79-1
Dichloropentafluoropropane	422-44-6
Dichloropentafluoropropane	422-48-0
Dichloropentafluoropropane	431-86-7
Dichlorotetrafluoropropane	139754-77-1
Dichlorotetrafluoropropane	146916-90-7
Dichlorotetrafluoropropane	149329-24-8
Dichlorotetrafluoropropane	149329-25-9
Dichlorotetrafluoropropane	149329-26-0
Dichlorotetrafluoropropane	17705-30-5
Dichlorotetrafluoropropane	1945188-10-2
Dichlorotetrafluoropropane	4071-01-6
Dichlorotetrafluoropropane	422-00-4
Dichlorotetrafluoropropane	425-94-5
Dichlorotetrafluoropropane	53063-54-0
Dichlorotetrafluoropropane	53063-55-1
Dichlorotetrafluoropropane	53149-65-8
Dichlorotetrafluoropropane	64712-27-2
Dichlorotetrafluoropropane	70192-63-1
Dichlorotetrafluoropropane	70341-81-0
Dichlorotetrafluoropropane	76140-39-1
Dichlorotrifluoroethane	354-23-4
Dichlorotrifluoroethane	812-04-4
Dichlorotrifluoropropane	1081835-90-6
Dichlorotrifluoropropane	116890-51-8
Dichlorotrifluoropropane	1379241-46-9
Dichlorotrifluoropropane	139754-78-2
Dichlorotrifluoropropane	149329-27-1
Dichlorotrifluoropropane	151771-08-3
Dichlorotrifluoropropane	155329-34-3
Dichlorotrifluoropropane	199171-49-8
Dichlorotrifluoropropane	213248-61-4
Dichlorotrifluoropropane	338-75-0
Dichlorotrifluoropropane	460-69-5
Dichlorotrifluoropropane	67406-68-2
Dichlorotrifluoropropane	70192-70-0
Dichlorotrifluoropropane	7125-99-7
Dichlorotrifluoropropane	7126-00-3
Dichlorotrifluoropropane	7126-01-4
Hexachlorofluoropropane	422-26-4
Hexachlorofluoropropane	422-28-6
Hexachlorofluoropropane	422-40-2
Hexachlorofluoropropane	431-79-8
Pentachlorodifluoropropane	146254-25-3
Pentachlorodifluoropropane	146254-26-4
Pentachlorodifluoropropane	147728-30-1
Pentachlorodifluoropropane	147728-31-2
Pentachlorodifluoropropane	422-27-5
Pentachlorodifluoropropane	422-30-0
Pentachlorodifluoropropane	422-49-1
Pentachlorodifluoropropane	431-80-1
Pentachlorodifluoropropane	431-82-3
Pentachlorofluoropropane	1538604-29-3
Pentachlorofluoropropane	1538604-31-7
Pentachlorofluoropropane	1943659-45-7
Pentachlorofluoropropane	313696-58-1
Pentachlorofluoropropane	421-94-3
Tetrachlorodifluoropropane	1112-14-7
Tetrachlorodifluoropropane	127564-82-3
Tetrachlorodifluoropropane	1538604-30-6
Tetrachlorodifluoropropane	1943659-44-6
Tetrachlorodifluoropropane	1943659-46-8
Tetrachlorodifluoropropane	313696-57-0
Tetrachlorodifluoropropane	460-89-9
Tetrachlorodifluoropropane	677-54-3
Tetrachlorodifluoropropane	67879-59-8
Tetrachlorofluoroethane	134237-32-4
Tetrachlorofluoroethane	354-11-0
Tetrachlorofluoroethane	354-14-3
Tetrachlorofluoropropane	175897-94-6
Tetrachlorofluoropropane	21981-25-9
Tetrachlorofluoropropane	23153-22-2
Tetrachlorofluoropropane	3175-25-5
Tetrachlorofluoropropane	3175-26-6
Tetrachlorofluoropropane	666-27-3
Tetrachlorofluoropropane	7126-06-9
Tetrachlorofluoropropane	84816-05-7
Tetrachlorotrifluoropropane	134237-37-9
Tetrachlorotrifluoropropane	144909-54-6
Tetrachlorotrifluoropropane	145599-91-3
Tetrachlorotrifluoropropane	147728-32-3
Tetrachlorotrifluoropropane	422-29-7
Tetrachlorotrifluoropropane	422-35-5
Tetrachlorotrifluoropropane	422-41-3
Tetrachlorotrifluoropropane	422-50-4
Tetrachlorotrifluoropropane	422-52-6
Tetrachlorotrifluoropropane	431-81-2
Tetrachlorotrifluoropropane	431-83-4
Tetrachlorotrifluoropropane	54002-59-4
Trichlorodifluoroethane	134237-33-5
Trichlorodifluoroethane	354-12-1
Trichlorodifluoroethane	354-15-4
Trichlorodifluoroethane	354-21-2
Trichlorodifluoroethane	41834-16-6
Trichlorodifluoroethane	55949-46-7
Trichlorodifluoroethane	62549-18-2
Trichlorodifluoroethane	712351-74-1
Trichlorodifluoropropane	1112-05-6
Trichlorodifluoropropane	1112-13-6
Trichlorodifluoropropane	175897-95-7
Trichlorodifluoropropane	1980063-50-0
Trichlorodifluoropropane	2106760-91-0
Trichlorodifluoropropane	213248-60-3
Trichlorodifluoropropane	431-24-3
Trichlorodifluoropropane	460-63-9
Trichlorodifluoropropane	7126-04-7
Trichlorodifluoropropane	7126-05-8
Trichlorodifluoropropane	7164-14-9
Trichlorofluoroethane	134237-34-6
Trichlorofluoroethane	2366-36-1
Trichlorofluoroethane	359-28-4
Trichlorofluoroethane	811-95-0
Trichlorofluoroethane	90134-98-8
Trichlorofluoropropane	1448144-70-4
Trichlorofluoropropane	2035078-31-8
Trichlorofluoropropane	2106760-90-9
Trichlorofluoropropane	3175-24-4
Trichlorofluoropropane	339202-89-0
Trichlorofluoropropane	421-41-0
Trichlorofluoropropane	67832-44-4
Trichlorofluoropropane	67832-50-2
Trichlorofluoropropane	70192-89-1
Trichlorofluoropropane	7126-16-1
Trichlorofluoropropane	76937-36-5
Trichlorofluoropropane	76985-33-6
Trichlorofluoropropane	76985-34-7
Trichlorofluoropropane	818-99-5
Trichlorotetrafluoropropane	134237-38-0
Trichlorotetrafluoropropane	139754-75-9
Trichlorotetrafluoropropane	139754-76-0
Trichlorotetrafluoropropane	144909-55-7
Trichlorotetrafluoropropane	144909-56-8
Trichlorotetrafluoropropane	422-32-2
Trichlorotetrafluoropropane	422-42-4
Trichlorotetrafluoropropane	422-47-9
Trichlorotetrafluoropropane	422-51-5
Trichlorotetrafluoropropane	422-53-7
Trichlorotetrafluoropropane	422-54-8
Trichlorotetrafluoropropane	431-84-5
Trichlorotetrafluoropropane	431-85-6
Trichlorotetrafluoropropane	53063-52-8
Trichlorotetrafluoropropane	53063-53-9
Trichlorotetrafluoropropane	812-30-6
Trichlorotrifluoropropane	13058-99-6
Trichlorotrifluoropropane	131211-71-7
Trichlorotrifluoropropane	131221-36-8
Trichlorotrifluoropropane	1943659-38-8
Trichlorotrifluoropropane	333-26-6
Trichlorotrifluoropropane	421-95-4
Trichlorotrifluoropropane	421-99-8
Trichlorotrifluoropropane	431-51-6
Trichlorotrifluoropropane	54306-56-8
Trichlorotrifluoropropane	54377-32-1
Trichlorotrifluoropropane	7125-83-9
Trichlorotrifluoropropane	7125-84-0
