2004-001	309-00-2
2004-002	72-20-8
2004-003	12622-75-2
2004-003	17301-10-9
2004-003	3039-00-7
2004-003	33648-22-5
2004-003	59029-57-1
2004-003	60-57-1
2004-004	12687-42-2
2004-004	12698-98-5
2004-004	12770-20-6
2004-004	37226-11-2
2004-004	56645-28-4
2004-004	8001-35-2
2004-004	8022-04-6
2004-005	39400-80-1
2004-005	53637-13-1
2004-005	57-74-9
2004-006	23720-59-4
2004-006	37229-06-4
2004-006	68961-31-9
2004-006	76-44-8
2004-007	12557-88-9
2004-007	12707-43-6
2004-007	12766-04-0
2004-007	20594-49-4
2004-007	2385-85-5
2004-007	56449-78-6
2004-008	1135443-45-6
2004-008	118-74-1
2004-008	UN2729
2004-009-001	11096-82-5
2004-009-001	11097-69-1
2004-009-001	11100-14-4
2004-009-001	11104-28-2
2004-009-001	11141-16-5
2004-009-001	12672-29-6
2004-009-001	12674-11-2
2004-009-001	12737-87-0
2004-009-001	1336-36-3
2004-009-001	25323-68-6
2004-009-001	25429-29-2
2004-009-001	25512-42-9
2004-009-001	26601-64-9
2004-009-001	26914-33-0
2004-009-001	27323-18-8
2004-009-001	28655-71-2
2004-009-001	31472-83-0
2004-009-001	37317-41-2
2004-009-001	37324-23-5
2004-009-001	37353-63-2
2004-009-001	53469-21-9
2004-009-001	53742-07-7
2004-009-001	55722-26-4
2004-009-001	80333-65-9
2004-009-001	UN2315
2004-009-001	UN3432
2004-009-002	2051-60-7
2004-009-003	2051-61-8
2004-009-004	2051-62-9
2004-009-005	13029-08-8
2004-009-006	16605-91-7
2004-009-007	25569-80-6
2004-009-008	33284-50-3
2004-009-009	34883-43-7
2004-009-010	34883-39-1
2004-009-011	33146-45-1
2004-009-012	2050-67-1
2004-009-013	2974-92-7
2004-009-014	2974-90-5
2004-009-015	34883-41-5
2004-009-016	2050-68-2
2004-009-017	38444-78-9
2004-009-018	37680-66-3
2004-009-019	37680-65-2
2004-009-020	38444-73-4
2004-009-021	38444-84-7
2004-009-022	55702-46-0
2004-009-023	38444-85-8
2004-009-024	55720-44-0
2004-009-025	55702-45-9
2004-009-026	55712-37-3
2004-009-027	38444-81-4
2004-009-028	38444-76-7
2004-009-029	7012-37-5
2004-009-030	15862-07-4
2004-009-031	35693-92-6
2004-009-032	16606-02-3
2004-009-033	38444-77-8
2004-009-034	38444-86-9
2004-009-035	37680-68-5
2004-009-036	37680-69-6
2004-009-037	38444-87-0
2004-009-038	38444-90-5
2004-009-039	53555-66-1
2004-009-040	38444-88-1
2004-009-041	38444-93-8
2004-009-042	52663-59-9
2004-009-043	36559-22-5
2004-009-044	70362-46-8
2004-009-045	41464-39-5
2004-009-046	70362-45-7
2004-009-047	41464-47-5
2004-009-048	2437-79-8
2004-009-049	70362-47-9
2004-009-050	41464-40-8
2004-009-051	62796-65-0
2004-009-052	68194-04-7
2004-009-053	35693-99-3
2004-009-054	41464-41-9
2004-009-055	15968-05-5
2004-009-056	74338-24-2
2004-009-057	41464-43-1
2004-009-058	70424-67-8
2004-009-059	41464-49-7
2004-009-060	74472-33-6
2004-009-061	33025-41-1
2004-009-062	33284-53-6
2004-009-063	54230-22-7
2004-009-064	74472-34-7
2004-009-065	52663-58-8
2004-009-066	33284-54-7
2004-009-067	32598-10-0
2004-009-068	73575-53-8
2004-009-069	73575-52-7
2004-009-070	60233-24-1
2004-009-071	32598-11-1
2004-009-072	41464-46-4
2004-009-073	41464-42-0
2004-009-074	74338-23-1
2004-009-075	32690-93-0
2004-009-076	32598-12-2
2004-009-077	70362-48-0
2004-009-078	32598-13-3
2004-009-079	70362-49-1
2004-009-080	41464-48-6
2004-009-081	33284-52-5
2004-009-082	70362-50-4
2004-009-083	52663-62-4
2004-009-084	60145-20-2
2004-009-085	52663-60-2
2004-009-086	65510-45-4
2004-009-087	55312-69-1
2004-009-088	38380-02-8
2004-009-089	55215-17-3
2004-009-090	73575-57-2
2004-009-091	68194-07-0
2004-009-092	68194-05-8
2004-009-093	52663-61-3
2004-009-094	73575-56-1
2004-009-095	73575-55-0
2004-009-096	38379-99-6
2004-009-097	73575-54-9
2004-009-098	41464-51-1
2004-009-099	60233-25-2
2004-009-100	38380-01-7
2004-009-101	39485-83-1
2004-009-102	37680-73-2
2004-009-103	68194-06-9
2004-009-104	60145-21-3
2004-009-105	56558-16-8
2004-009-106	32598-14-4
2004-009-107	70424-69-0
2004-009-108	70424-68-9
2004-009-109	70362-41-3
2004-009-110	74472-35-8
2004-009-111	38380-03-9
2004-009-112	39635-32-0
2004-009-113	74472-36-9
2004-009-114	68194-10-5
2004-009-115	74472-37-0
2004-009-116	74472-38-1
2004-009-117	18259-05-7
2004-009-118	68194-11-6
2004-009-119	31508-00-6
2004-009-120	56558-17-9
2004-009-121	68194-12-7
2004-009-122	56558-18-0
2004-009-123	76842-07-4
2004-009-124	65510-44-3
2004-009-125	70424-70-3
2004-009-126	74472-39-2
2004-009-127	57465-28-8
2004-009-128	39635-33-1
2004-009-129	38380-07-3
2004-009-130	55215-18-4
2004-009-131	52663-66-8
2004-009-132	61798-70-7
2004-009-133	38380-05-1
2004-009-134	35694-04-3
2004-009-135	52704-70-8
2004-009-136	52744-13-5
2004-009-137	38411-22-2
2004-009-138	35694-06-5
2004-009-139	35065-28-2
2004-009-140	56030-56-9
2004-009-141	59291-64-4
2004-009-142	52712-04-6
2004-009-143	41411-61-4
2004-009-144	68194-15-0
2004-009-145	68194-14-9
2004-009-146	74472-40-5
2004-009-147	51908-16-8
2004-009-148	68194-13-8
2004-009-149	74472-41-6
2004-009-150	38380-04-0
2004-009-151	68194-08-1
2004-009-152	52663-63-5
2004-009-153	68194-09-2
2004-009-154	35065-27-1
2004-009-155	60145-22-4
2004-009-156	33979-03-2
2004-009-157	38380-08-4
2004-009-158	69782-90-7
2004-009-159	74472-42-7
2004-009-160	39635-35-3
2004-009-161	41411-62-5
2004-009-162	74472-43-8
2004-009-163	39635-34-2
2004-009-164	74472-44-9
2004-009-165	74472-45-0
2004-009-166	74472-46-1
2004-009-167	41411-63-6
2004-009-168	52663-72-6
2004-009-169	59291-65-5
2004-009-170	32774-16-6
2004-009-171	35065-30-6
2004-009-172	52663-71-5
2004-009-173	52663-74-8
2004-009-174	68194-16-1
2004-009-175	38411-25-5
2004-009-176	40186-70-7
2004-009-177	52663-65-7
2004-009-178	52663-70-4
2004-009-179	52663-67-9
2004-009-180	52663-64-6
2004-009-181	35065-29-3
2004-009-182	74472-47-2
2004-009-183	60145-23-5
2004-009-184	52663-69-1
2004-009-185	74472-48-3
2004-009-186	52712-05-7
2004-009-187	74472-49-4
2004-009-188	52663-68-0
2004-009-189	74487-85-7
2004-009-190	39635-31-9
2004-009-191	41411-64-7
2004-009-192	74472-50-7
2004-009-193	74472-51-8
2004-009-194	69782-91-8
2004-009-195	35694-08-7
2004-009-196	52663-78-2
2004-009-197	42740-50-1
2004-009-198	33091-17-7
2004-009-199	68194-17-2
2004-009-200	52663-75-9
2004-009-201	52663-73-7
2004-009-202	40186-71-8
2004-009-203	2136-99-4
2004-009-204	52663-76-0
2004-009-205	74472-52-9
2004-009-206	74472-53-0
2004-009-207	40186-72-9
2004-009-208	52663-79-3
2004-009-209	52663-77-1
2004-009-210	2051-24-3
2004-009-210 (01)	RR-206960-5
2004-010	1081843-15-3
2004-010	50-29-3
2004-011	136677-09-3
2004-011	1746-01-6
2004-011	19408-74-3
2004-011	29446-15-9
2004-011	30746-58-8
2004-011	3268-87-9
2004-011	33423-92-6
2004-011	33857-26-0
2004-011	33857-28-2
2004-011	34465-46-8
2004-011	34816-53-0
2004-011	35822-46-9
2004-011	36088-22-9
2004-011	37871-00-4
2004-011	38178-38-0
2004-011	38964-22-6
2004-011	39227-28-6
2004-011	39227-58-2
2004-011	39227-61-7
2004-011	39227-62-8
2004-011	40321-76-4
2004-011	40581-90-6
2004-011	40581-91-7
2004-011	40581-93-9
2004-011	40581-94-0
2004-011	41903-57-5
2004-011	50585-39-2
2004-011	50585-46-1
2004-011	53555-02-5
2004-011	54536-17-3
2004-011	57653-85-7
2004-011	58200-66-1
2004-011	58200-67-2
2004-011	58200-68-3
2004-011	58200-69-4
2004-011	58200-70-7
2004-011	58802-08-7
2004-011	58802-09-8
2004-011	58802-51-0
2004-011	62470-53-5
2004-011	62470-54-6
2004-011	64461-98-9
2004-011	64501-00-4
2004-011	67028-17-5
2004-011	67028-18-6
2004-011	67028-19-7
2004-011	67323-56-2
2004-011	71665-99-1
2004-011	71669-23-3
2004-011	71669-24-4
2004-011	71669-25-5
2004-011	71669-26-6
2004-011	71669-27-7
2004-011	71669-28-8
2004-011	71669-29-9
2004-011	71925-15-0
2004-011	71925-16-1
2004-011	71925-17-2
2004-011	71998-76-0
2004-011	82291-28-9
2004-011	82291-34-7
2004-011	82291-35-8
2004-011	82291-36-9
2004-011	82291-37-0
2004-011	82291-38-1
2004-011	82306-65-8
2004-012	136677-10-6
2004-012	24478-72-6
2004-012	24478-73-7
2004-012	24478-74-8
2004-012	30402-14-3
2004-012	30402-15-4
2004-012	38998-75-3
2004-012	39001-02-0
2004-012	43047-99-0
2004-012	43048-00-6
2004-012	51207-31-9
2004-012	5409-83-6
2004-012	54589-71-8
2004-012	55673-89-7
2004-012	55684-94-1
2004-012	57117-31-4
2004-012	57117-32-5
2004-012	57117-33-6
2004-012	57117-34-7
2004-012	57117-35-8
2004-012	57117-36-9
2004-012	57117-37-0
2004-012	57117-38-1
2004-012	57117-39-2
2004-012	57117-40-5
2004-012	57117-41-6
2004-012	57117-42-7
2004-012	57117-43-8
2004-012	57117-44-9
2004-012	58802-14-5
2004-012	58802-15-6
2004-012	58802-16-7
2004-012	58802-17-8
2004-012	58802-18-9
2004-012	58802-19-0
2004-012	58802-20-3
2004-012	58802-21-4
2004-012	60390-27-4
2004-012	60851-34-5
2004-012	62615-08-1
2004-012	64126-85-8
2004-012	64126-86-9
2004-012	64126-87-0
2004-012	64560-13-0
2004-012	64560-14-1
2004-012	64560-15-2
2004-012	64560-16-3
2004-012	64560-17-4
2004-012	66794-59-0
2004-012	67517-48-0
2004-012	67562-39-4
2004-012	67562-40-7
2004-012	69433-00-7
2004-012	69698-57-3
2004-012	69698-58-4
2004-012	69698-59-5
2004-012	69698-60-8
2004-012	70648-13-4
2004-012	70648-14-5
2004-012	70648-15-6
2004-012	70648-16-7
2004-012	70648-18-9
2004-012	70648-19-0
2004-012	70648-20-3
2004-012	70648-21-4
2004-012	70648-22-5
2004-012	70648-23-6
2004-012	70648-24-7
2004-012	70648-25-8
2004-012	70648-26-9
2004-012	70872-82-1
2004-012	71998-72-6
2004-012	71998-73-7
2004-012	71998-74-8
2004-012	71998-75-9
2004-012	72918-21-9
2004-012	74918-40-4
2004-012	74992-97-5
2004-012	74992-98-6
2004-012	75198-38-8
2004-012	75627-02-0
2004-012	76621-12-0
2004-012	79060-60-9
2004-012	81638-37-1
2004-012	82911-58-8
2004-012	82911-59-9
2004-012	82911-60-2
2004-012	82911-61-3
2004-012	83636-47-9
2004-012	83690-98-6
2004-012	83704-21-6
2004-012	83704-22-7
2004-012	83704-23-8
2004-012	83704-24-9
2004-012	83704-25-0
2004-012	83704-26-1
2004-012	83704-27-2
2004-012	83704-28-3
2004-012	83704-29-4
2004-012	83704-30-7
2004-012	83704-31-8
2004-012	83704-32-9
2004-012	83704-33-0
2004-012	83704-34-1
2004-012	83704-35-2
2004-012	83704-36-3
2004-012	83704-37-4
2004-012	83704-38-5
2004-012	83704-39-6
2004-012	83704-40-9
2004-012	83704-41-0
2004-012	83704-42-1
2004-012	83704-43-2
2004-012	83704-44-3
2004-012	83704-45-4
2004-012	83704-46-5
2004-012	83704-47-6
2004-012	83704-48-7
2004-012	83704-49-8
2004-012	83704-50-1
2004-012	83704-51-2
2004-012	83704-52-3
2004-012	83704-53-4
2004-012	83704-54-5
2004-012	83704-55-6
2004-012	83710-07-0
2004-012	83719-40-8
2004-012	89059-46-1
2004-012	91538-83-9
2004-012	91538-84-0
2004-012	92341-04-3
2004-012	92341-05-4
2004-012	92341-06-5
2004-012	92341-07-6
2004-012	94538-00-8
2004-012	94538-01-9
2004-012	94538-02-0
2004-012	94570-83-9
2009-013	143-50-0
2009-014	25897-48-7
2009-014	53529-37-6
2009-014	55963-79-6
2009-014	58-89-9
2009-014	8007-42-9
2009-014	8073-23-2
2009-015	20437-97-2
2009-015	319-84-6
2009-015	60291-32-9
2009-016	319-85-7
2009-017-001	115633-92-6
2009-017-001	1620837-33-3
2009-017-001	40088-47-9
2009-017-001	82458-12-6
2009-017-002	337513-77-6
2009-017-003	337513-68-5
2009-017-004	446254-18-8
2009-017-005	446254-19-9
2009-017-006	446254-20-2
2009-017-007	446254-21-3
2009-017-008	446254-22-4
2009-017-009	5436-43-1
2009-017-010	337513-55-0
2009-017-011	243982-82-3
2009-017-012	446254-23-5
2009-017-013	189084-57-9
2009-017-014	446254-24-6
2009-017-015	446254-25-7
2009-017-016	446254-26-8
2009-017-017	446254-27-9
2009-017-018	446254-28-0
2009-017-019	337513-82-3
2009-017-020	446254-29-1
2009-017-021	446254-30-4
2009-017-022	446254-31-5
2009-017-023	446254-32-6
2009-017-024	446254-33-7
2009-017-025	446254-34-8
2009-017-026	446254-35-9
2009-017-027	446254-36-0
2009-017-028	189084-61-5
2009-017-029	446254-37-1
2009-017-030	446254-38-2
2009-017-031	327185-09-1
2009-017-032	446254-39-3
2009-017-033	189084-62-6
2009-017-034	446254-40-6
2009-017-035	446254-41-7
2009-017-036	446254-42-8
2009-017-037	189084-63-7
2009-017-038	446254-43-9
2009-017-039	93703-48-1
2009-017-040	446254-45-1
2009-017-041	446254-48-4
2009-017-042	103173-66-6
2009-017-043	446254-50-8
2009-017-044	132405-96-0
2009-017-044	134206-43-2
2009-017-044	1620837-35-5
2009-017-044	32534-81-9
2009-017-045	327185-11-5
2009-017-046	446254-51-9
2009-017-047	446254-52-0
2009-017-048	182346-21-0
2009-017-049	446254-53-1
2009-017-050	446254-54-2
2009-017-051	446254-55-3
2009-017-052	446254-56-4
2009-017-053	446254-57-5
2009-017-054	446254-58-6
2009-017-055	446254-59-7
2009-017-056	446254-60-0
2009-017-057	446254-61-1
2009-017-058	446254-62-2
2009-017-059	446254-63-3
2009-017-060	446254-64-4
2009-017-061	38463-82-0
2009-017-062	60348-60-9
2009-017-063	189084-64-8
2009-017-064	446254-65-5
2009-017-065	446254-66-6
2009-017-066	446254-67-7
2009-017-067	446254-68-8
2009-017-068	373594-78-6
2009-017-069	446254-69-9
2009-017-070	446254-70-2
2009-017-071	446254-71-3
2009-017-072	446254-72-4
2009-017-073	446254-73-5
2009-017-074	446254-74-6
2009-017-075	446254-75-7
2009-017-076	446254-76-8
2009-017-077	446254-77-9
2009-017-078	446254-78-0
2009-017-079	189084-65-9
2009-017-080	446254-79-1
2009-017-081	446254-80-4
2009-017-082	189084-66-0
2009-017-083	417727-71-0
2009-017-084	446254-81-5
2009-017-085	446254-82-6
2009-017-086	446254-83-7
2009-017-087	446254-84-8
2009-017-088	446254-85-9
2009-017-089	366791-32-4
2009-017-090	446254-86-0
2009-017-090 (01)	RR-203319-4
2009-017-090 (02)	RR-203293-1
2009-018-001	1620837-37-7
2009-018-001	31153-30-7
2009-018-001	36483-60-0
2009-018-002	182677-28-7
2009-018-003	446254-87-1
2009-018-004	446254-88-2
2009-018-005	446254-89-3
2009-018-006	446254-90-6
2009-018-007	446254-91-7
2009-018-008	446254-92-8
2009-018-009	446254-93-9
2009-018-010	446254-94-0
2009-018-011	446254-95-1
2009-018-012	182677-30-1
2009-018-013	446254-96-2
2009-018-014	243982-83-4
2009-018-015	446254-97-3
2009-018-016	446254-98-4
2009-018-017	446254-99-5
2009-018-018	446255-00-1
2009-018-019	446255-01-2
2009-018-020	446255-02-3
2009-018-021	116995-33-6
2009-018-022	446255-03-4
2009-018-023	446255-04-5
2009-018-024	446255-05-6
2009-018-025	446255-06-7
2009-018-026	446255-07-8
2009-018-027	68631-49-2
2009-018-028	207122-15-4
2009-018-029	35854-94-5
2009-018-030	405237-85-6
2009-018-031	446255-08-9
2009-018-032	446255-09-0
2009-018-033	446255-10-3
2009-018-034	446255-11-4
2009-018-035	446255-12-5
2009-018-036	446255-13-6
2009-018-037	446255-14-7
2009-018-038	446255-15-8
2009-018-039	446255-16-9
2009-018-040	189084-58-0
2009-018-041	446255-17-0
2009-018-042	53551-87-4
2009-018-043	446255-18-1
2009-018-044	113172-79-5
2009-018-044	139598-16-6
2009-018-044	1620837-38-8
2009-018-044	68928-80-3
2009-018-045	327185-13-7
2009-018-046	446255-19-2
2009-018-047	407606-59-1
2009-018-048	446255-20-5
2009-018-049	446255-21-6
2009-018-050	446255-22-7
2009-018-051	407606-61-5
2009-018-052	446255-23-8
2009-018-053	446255-24-9
2009-018-054	446255-25-0
2009-018-055	446255-26-1
2009-018-056	189084-67-1
2009-018-057	442690-45-1
2009-018-058	207122-16-5
2009-018-059	117948-63-7
2009-018-060	405237-86-7
2009-018-061	446255-27-2
2009-018-062	446255-28-3
2009-018-063	116995-32-5
2009-018-064	259087-35-9
2009-018-065	189084-68-2
2009-018-066	446255-30-7
2009-018-067	407578-53-4
2009-018-068	446255-34-1
2009-018-068 (01)	RR-203287-3
2009-018-068 (02)	RR-203285-1
2009-019-001	36355-01-8
2009-019-001	59080-40-9
2009-019-002	82865-89-2
2009-019-003	245657-50-5
2009-019-004	82865-90-5
2009-019-005	2181002-91-3
2009-019-006	119264-50-5
2009-019-007	55066-76-7
2009-019-008	2181002-92-4
2009-019-009	119264-51-6
2009-019-010	955955-53-0
2009-019-011	81381-52-4
2009-019-012	67888-98-6
2009-019-013	2181002-93-5
2009-019-014	955955-55-2
2009-019-015	120991-47-1
2009-019-016	2181002-94-6
2009-019-017	2181002-95-7
2009-019-018	119264-52-7
2009-019-019	2181002-96-8
2009-019-020	144978-88-1
2009-019-021	2181002-97-9
2009-019-022	955955-54-1
2009-019-023	69278-59-7
2009-019-024	93261-83-7
2009-019-025	119264-53-8
2009-019-026	2181002-98-0
2009-019-027	67774-32-7
2009-019-028	36402-15-0
2009-019-029	59261-08-4
2009-019-030	77607-09-1
2009-019-031	52276-49-0
2009-019-031	59536-65-1
2009-019-032	144978-87-0
2009-019-033	120991-48-2
2009-019-034	2181002-99-1
2009-019-035	2181003-00-7
2009-019-036	2181003-01-8
2009-019-037	2181003-02-9
2009-019-038	82865-91-6
2009-019-039	2181003-03-0
2009-019-040	2181003-04-1
2009-019-041	67888-99-7
2009-019-042	84303-48-0
2009-019-043	60044-26-0
2009-019-043 (01)	RR-206591-0
2009-020	608-93-5
2009-021-001	132324-11-9
2009-021-001	1763-23-1
2009-021-002	307-35-7
2009-021-003	111274-79-4
2009-021-003	117925-64-1
2009-021-003	2795-39-3
2009-021-003	59112-13-9
2009-021-003	62010-27-9
2009-021-003	69458-54-4
2009-021-004	29457-72-5
2009-021-004	314057-78-8
2009-021-005	175895-38-2
2009-021-005	29081-56-9
2009-021-005	76560-29-7
2009-021-006	70225-14-8
2009-021-007	406215-31-4
2009-021-007	56773-42-3
2009-021-007	83046-54-2
2009-021-007	854620-32-9
2009-021-008	251099-16-8
2009-021-008	P-97-0790
2009-021-009	4151-50-2
2011-022-001	115-29-7
2011-022-001	426824-51-3
2011-022-001	6994-04-3
2011-022-001	8003-45-0
2011-022-002	12640-58-3
2011-022-002	19595-59-6
2011-022-002	29106-31-8
2011-022-002	33213-66-0
2011-022-002	959-98-8
2011-022-003	33213-65-9
2011-022-004	1031-07-8
2011-022-004	6749-25-3
2011-022-004	87695-43-0
2013-023-001	1027045-74-4
2013-023-001	138257-17-7
2013-023-001	138257-18-8
2013-023-001	138257-19-9
2013-023-001	169102-57-2
2013-023-001	22374-57-8
2013-023-001	25637-99-4
2013-023-001	4736-49-6
2013-023-001	65701-47-5
2013-023-001	678970-15-5
2013-023-001	678970-16-6
2013-023-001	678970-17-7
2013-023-002	23774-70-1
2013-023-002	3194-55-6
2013-023-003	134237-50-6
2013-023-004	134237-51-7
2013-023-005	134237-52-8
2015-024-001	101802-54-4
2015-024-001	1135443-67-2
2015-024-001	39390-77-7
2015-024-001	87-86-5
2015-024-001	UN3155
2015-024-002	123333-54-0
2015-024-002	131-52-2
2015-024-002	27735-63-3
2015-024-002	UN2567
2015-024-003	27735-64-4
2015-024-004	3772-94-9
2015-024-004	77538-57-9
2015-024-005	1825-21-4
2015-025	87-68-3
2015-025	UN2279
2015-026-001	25586-43-0
2015-026-001	70776-03-3
2015-026-001	90-13-1
2015-026-001	91-58-7
2015-026-002	28699-88-9
2015-026-003	2050-69-3
2015-026-004	2198-75-6
2015-026-005	1825-31-6
2015-026-006	1825-30-5
2015-026-007	2050-72-8
2015-026-008	2050-73-9
2015-026-009	2050-74-0
2015-026-010	2050-75-1
2015-026-011	2065-70-5
2015-026-012	2198-77-8
2015-026-013	1321-65-9
2015-026-014	50402-52-3
2015-026-015	50402-51-2
2015-026-016	55720-33-7
2015-026-017	51570-44-6
2015-026-018	55720-34-8
2015-026-019	55720-35-9
2015-026-020	51570-43-5
2015-026-021	55720-36-0
2015-026-022	55720-37-1
2015-026-023	55720-38-2
2015-026-024	2437-55-0
2015-026-025	2437-54-9
2015-026-026	55720-39-3
2015-026-027	55720-40-6
2015-026-028	1335-88-2
2015-026-029	20020-02-4
2015-026-030	53555-63-8
2015-026-031	149864-78-8
2015-026-032	55720-41-7
2015-026-033	149864-81-3
2015-026-034	6733-54-6
2015-026-035	51570-45-7
2015-026-036	67922-21-8
2015-026-037	6529-87-9
2015-026-038	67922-22-9
2015-026-039	67922-23-0
2015-026-040	149864-80-2
2015-026-041	149864-79-9
2015-026-042	67922-24-1
2015-026-043	149864-82-4
2015-026-044	53555-64-9
2015-026-045	31604-28-1
2015-026-046	55720-42-8
2015-026-047	150224-15-0
2015-026-048	3432-57-3
2015-026-049	55720-43-9
2015-026-050	34588-40-4
2015-026-051	1321-64-8
2015-026-052	67922-25-2
2015-026-053	67922-26-3
2015-026-054	150224-18-3
2015-026-055	53555-65-0
2015-026-056	150224-24-1
2015-026-057	150224-16-1
2015-026-058	150224-23-0
2015-026-059	150205-21-3
2015-026-060	150224-20-7
2015-026-061	150224-19-4
2015-026-062	150224-25-2
2015-026-063	150224-17-2
2015-026-064	150224-22-9
2015-026-065	150224-21-8
2015-026-066	1335-87-1
2015-026-066	30402-16-5
2015-026-067	58877-88-6
2015-026-068	67922-27-4
2015-026-069	103426-93-3
2015-026-070	103426-96-6
2015-026-071	103426-97-7
2015-026-072	103426-95-5
2015-026-073	103426-94-4
2015-026-074	17062-87-2
2015-026-075	90948-28-0
2015-026-076	103426-92-2
2015-026-077	26444-37-1
2015-026-077	32241-08-0
2015-026-078	58863-14-2
2015-026-079	58863-15-3
2015-026-080	2234-13-1
2015-026-080 (01)	RR-206590-9
2017-027	109945-70-2
2017-027	1163-19-5
2017-027	1201677-32-8
2017-027	145538-74-5
2017-028-001	1002-69-3
2017-028-001	102736-13-0
2017-028-001	112-52-7
2017-028-001	2162-98-3
2017-028-001	2350-11-0
2017-028-001	2473-03-2
2017-028-001	34214-82-9
2017-028-001	38605-30-0
2017-028-001	43090-85-3
2017-028-001	4325-51-3
2017-028-001	54059-75-5
2017-028-001	61539-83-1
2017-028-001	65950-04-1
2017-028-001	67282-23-9
2017-028-001	75458-21-8
2017-028-001	822-13-9
2017-028-001	85535-84-8
2017-028-002	68920-70-7
2017-028-003	71011-12-6
2017-028-004	85536-22-7
2017-028-005	85681-73-8
2017-028-006	108171-26-2
2017-028-007	RR-190305-5
2019-029-001	115-32-2
2019-029-001	55599-54-7
2019-029-002	10606-46-9
2019-030-001	335-67-1
2019-030-001	65618-66-8
2019-030-001	71244-15-0
2019-030-002	45285-51-6
2019-030-003	90480-55-0
2019-030-004	1882109-81-0
2019-030-005	1882109-80-9
2019-030-006	1882109-79-6
2019-030-007	1882109-78-5
2019-030-008	1882109-77-4
2019-030-009	1882109-76-3
2019-030-010	1882109-75-2
2019-030-011	1882109-74-1
2019-030-012	1882109-73-0
2019-030-013	1882109-72-9
2019-030-014	1882109-71-8
2019-030-015	1882109-70-7
2019-030-016	1882109-68-3
2019-030-017	1882109-67-2
2019-030-018	1882109-66-1
2019-030-019	1882109-65-0
2019-030-020	1882109-64-9
2019-030-021	1882109-63-8
2019-030-022	1882109-69-4
2019-030-023	1882109-62-7
2019-030-024	1882109-61-6
2019-030-025	1882109-60-5
2019-030-026	1882109-59-2
2019-030-027	1882109-58-1
2019-030-028	1812247-20-3
2019-030-029	1812247-19-0
2019-030-030	1812247-18-9
2019-030-031	1812247-17-8
2019-030-032	1192593-79-5
2019-030-033	1144512-36-6
2019-030-034	1144512-35-5
2019-030-035	1144512-34-4
2019-030-036	1144512-18-4
2019-030-037	909009-42-3
2019-030-038	705240-04-6
2019-030-039	207678-51-1
2019-030-040	123116-17-6
2019-030-041	35605-76-6
2019-030-042	15166-06-0
2019-030-043	90480-56-1
2019-030-044	3825-26-1
2019-030-044	77751-76-9
2019-030-044	95328-99-7
2019-030-045	335-95-5
2019-030-046	2395-00-8
2019-030-047	17125-58-5
2019-030-048	335-93-3
2019-030-049	68141-02-6
2019-030-050	98241-25-9
2019-030-051	13058-06-5
2019-030-052	1195164-59-0
2019-030-053	19742-57-5
2019-030-054	61436-04-2
2019-030-055	29457-73-6
2019-030-056	18017-22-6
2019-030-057	15739-82-9
2019-030-058	15715-47-6
2019-030-059	68333-92-6
2019-030-060	69278-80-4
2019-030-061	91032-01-8
2019-030-062	72968-38-8
2019-030-063	72623-77-9
2019-030-064	376-27-2
2019-030-065	173441-60-6
2019-030-065	3108-24-5
2019-030-066	33496-48-9
2019-030-067	68412-69-1
2019-030-068	93062-53-4
2019-030-069	40143-79-1
2019-030-070	610800-34-5
2019-030-071	335-66-0
2019-030-072	507-63-1
2019-030-073	307-50-6
2019-030-074	307-60-8
2019-030-075	307-63-1
2019-030-076	335-79-5
2019-030-077	376-04-5
2019-030-078	423-62-1
2019-030-079	558-97-4
2019-030-080	677-93-0
2019-030-081	3248-61-1
2019-030-082	3248-63-3
2019-030-083	90622-71-2
2019-030-084	2043-53-0
2019-030-085	2043-54-1
2019-030-086	30046-31-2
2019-030-087	65510-55-6
2019-030-088	65510-56-7
2019-030-089	68188-12-5
2019-030-090	68390-33-0
2019-030-091	21652-58-4
2019-030-092	30389-25-4
2019-030-093	60699-51-6
2019-030-094	176676-70-3
2019-030-095	39239-77-5
2019-030-096	1545-59-1
2019-030-097	865-86-1
2019-030-098	87017-97-8
2019-030-099	678-39-7
2019-030-100	70887-94-4
2019-030-101	53826-13-4
2019-030-102	191852-87-6
2019-030-103	70887-84-2
2019-030-104	27854-31-5
2019-030-105	54009-73-3
2019-030-106	63295-27-2
2019-030-107	63295-28-3
2019-030-108	63295-29-4
2019-030-109	63295-18-1
2019-030-110	63295-19-2
2019-030-111	63295-23-8
2019-030-112	63295-24-9
2019-030-113	63295-22-7
2019-030-114	94158-70-0
2019-030-115	94200-46-1
2019-030-116	94200-47-2
2019-030-117	94200-48-3
2019-030-118	94200-50-7
2019-030-119	94200-51-8
2019-030-120	94200-52-9
2019-030-121	57678-03-2
2019-030-122	678-41-1
2019-030-123	93857-44-4
2019-030-124	93857-45-5
2019-030-125	57678-05-4
2019-030-126	1895-26-7
2019-030-127	90179-37-6
2019-030-128	98005-85-7
2019-030-129	98005-84-6
2019-030-130	1158182-60-5
2019-030-131	1578186-42-1
2019-030-132	1158182-61-6
2019-030-133	93776-20-6
2019-030-134	93776-21-7
2019-030-135	63295-20-5
2019-030-136	63295-26-1
2019-030-137	2343-53-5
2019-030-138	1578186-53-4
2019-030-139	1578186-56-7
2019-030-140	1578186-64-7
2019-030-141	1578186-57-8
2019-030-142	149790-22-7
2019-030-143	441765-20-4
2019-030-144	16083-78-6
2019-030-145	4980-53-4
2019-030-146	6014-75-1
2019-030-147	16083-87-7
2019-030-148	52956-82-8
2019-030-149	74256-14-7
2019-030-150	74256-15-8
2019-030-151	1040032-83-4
2019-030-151	137738-90-0
2019-030-151	17741-60-5
2019-030-152	162953-69-7
2019-030-152	2144-54-9
2019-030-153	1035533-39-1
2019-030-153	1040032-81-2
2019-030-153	120719-67-7
2019-030-153	141256-41-9
2019-030-153	27905-45-9
2019-030-153	470477-93-1
2019-030-154	119938-07-7
2019-030-154	122197-02-8
2019-030-154	123203-95-2
2019-030-154	128809-13-2
2019-030-154	140143-15-3
2019-030-154	162953-65-3
2019-030-154	1996-88-9
2019-030-154	203868-08-0
2019-030-154	224636-16-2
2019-030-154	270060-88-3
2019-030-155	85631-54-5
2019-030-156	91615-22-4
2019-030-157	94158-63-1
2019-030-158	94158-64-2
2019-030-159	94158-65-3
2019-030-160	146955-29-5
2019-030-161	76962-34-0
2019-030-162	93776-12-6
2019-030-163	93776-13-7
2019-030-164	93776-15-9
2019-030-165	94159-83-8
2019-030-166	94159-79-2
2019-030-167	94159-80-5
2019-030-168	94159-82-7
2019-030-169	99955-83-6
2019-030-170	302911-86-0
2019-030-171	3102-79-2
2019-030-172	74612-30-9
2019-030-173	101947-16-4
2019-030-174	146090-84-8
2019-030-175	78560-44-8
2019-030-176	83048-65-1
2019-030-177	123445-18-1
2019-030-178	246234-80-0
2019-030-179	1189587-64-1
2019-030-180	68187-42-8
2019-030-181	70969-47-0
2019-030-182	95370-51-7
2019-030-183	148240-85-1
2019-030-184	148240-87-3
2019-030-185	148240-89-5
2019-030-186	183146-60-3
2019-030-187	71608-61-2
2019-030-188	94200-45-0
2019-030-189	93776-00-2
2019-030-190	77117-48-7
2019-030-191	1835250-28-6
2019-030-192	182130-12-7
2019-030-193	1835250-47-9
2019-030-194	182130-14-9
2019-030-195	182130-15-0
2019-030-196	6145-05-7
2019-030-197	931415-52-0
2019-030-198	138472-76-1
2019-030-199	117146-18-6
2019-030-200	133310-73-3
2019-030-201	137338-39-7
2019-030-202	137338-40-0
2019-030-203	137338-41-1
2019-030-204	154478-87-2
2019-030-205	1835251-22-3
2019-030-206	1244062-17-6
2019-030-207	250738-42-2
2019-030-208	116177-54-9
2019-030-209	200817-54-5
2019-030-210	93454-70-7
2019-030-211	125635-85-0
2019-030-212	90499-29-9
2019-030-213	93454-71-8
2019-030-214	133299-41-9
2019-030-215	100550-08-1
2019-030-216	1244062-16-5
2019-030-217	31200-97-2
2019-030-218	423-56-3
2019-030-219	307-37-9
2019-030-220	307-46-0
2019-030-221	135984-68-8
2019-030-222	864551-38-2
2019-030-223	864551-40-6
2019-030-224	63967-40-8
2019-030-225	335-73-9
2019-030-226	63967-42-0
2019-030-227	56900-98-2
2019-030-228	88243-13-4
2019-030-229	88243-12-3
2019-030-230	55427-54-8
2019-030-231	88271-22-1
2019-030-232	88243-14-5
2019-030-233	88243-15-6
2019-030-234	88247-39-6
2019-030-235	88243-11-2
2019-030-236	88243-16-7
2019-030-237	88243-10-1
2019-030-238	88247-40-9
2019-030-239	88243-17-8
2019-030-240	88243-09-8
2019-030-241	121500-31-0
2019-030-242	67549-47-7
2019-030-243	67535-33-5
2019-030-244	38565-53-6
2019-030-245	114482-33-6
2019-030-246	99679-40-0
2019-030-247	93776-18-2
2019-030-248	94817-79-5
2019-030-249	94817-80-8
2019-030-250	121912-26-3
2019-030-251	25935-14-2
2019-030-252	100155-23-5
2019-030-253	RR-199060-9
2019-030-254	RR-199059-6
2019-030-255	100107-48-0
2019-030-256	2089109-26-0
2019-030-257	2089109-27-1
2019-030-258	145441-32-3
2019-030-259	171184-16-0
2019-030-260	171184-17-1
2019-030-261	171184-04-6
2019-030-262	2089109-30-6
2019-030-263	80234-03-3
2019-030-264	80244-66-2
2019-030-265	34143-74-3
2019-030-266	76830-13-2
2019-030-267	121913-10-8
2019-030-268	39108-34-4
2019-030-269	120226-60-0
2019-030-270	438237-73-1
2019-030-271	63225-57-0
2019-030-272	63225-58-1
2019-030-273	54950-06-0
2019-030-274	441765-12-4
2019-030-275	54207-62-4
2019-030-276	481050-04-8
2019-030-277	441765-14-6
2019-030-278	160819-47-6
2019-030-279	160819-50-1
2019-030-280	160819-49-8
2019-030-281	121912-28-5
2019-030-282	727351-53-3
2019-030-283	1513864-17-9
2019-030-284	71940-07-3
2019-030-285	RR-199061-0
2019-030-286	71625-52-0
2019-030-287	1513863-91-6
2019-030-288	1513863-92-7
2019-030-289	704870-51-9
2019-030-290	1513864-01-1
2019-030-291	67333-62-4
2019-030-292	1513863-96-1
2019-030-293	1513863-97-2
2019-030-294	1383438-89-8
2019-030-295	1383438-90-1
2019-030-296	93128-66-6
2019-030-297	755698-73-8
2019-030-298	690947-60-5
2019-030-299	62880-96-0
2019-030-300	62880-98-2
2019-030-301	1513864-19-1
2019-030-302	1513864-12-4
2019-030-303	1513864-11-3
2019-030-304	80475-33-8
2019-030-305	34455-23-7
2019-030-306	34455-24-8
2019-030-307	438237-77-5
2019-030-308	34455-21-5
2019-030-309	34455-35-1
2019-030-310	34695-29-9
2019-030-311	34695-31-3
2019-030-312	441765-18-0
2019-030-313	98900-53-9
2019-030-314	115592-83-1
2019-030-315	129783-45-5
2019-030-316	144031-01-6
2019-030-317	116984-14-6
2019-030-318	74049-08-4
2019-030-319	65104-45-2
2019-030-320	53515-73-4
2019-030-321	93480-00-3
2019-030-322	934505-67-6
2019-030-323	142636-88-2
2019-030-324	90622-99-4
2019-030-325	71356-38-2
2019-030-326	85681-64-7
2019-030-327	125328-29-2
2019-030-328	325459-92-5
2019-030-329	326475-46-1
2019-030-330	39186-68-0
2019-030-331	41358-63-8
2019-030-332	24216-05-5
2019-030-333	53517-98-9
2019-030-334	335-90-0
2019-030-335	85938-56-3
2019-030-336	89685-61-0
2019-030-337	84029-60-7
2019-030-338	138473-79-7
2019-030-339	89932-71-8
2019-030-340	178766-44-4
2019-030-341	376-23-8
2019-030-342	91707-61-8
2019-030-343	30295-53-5
2019-030-344	308-01-0
2019-030-345	331755-02-3
2019-030-346	103555-98-2
2019-030-347	90179-39-8
2019-030-348	5158-52-1
2019-030-349	57670-46-9
2019-030-350	98900-76-6
2019-030-351	98900-75-5
2019-030-352	98046-76-5
2019-030-353	154380-30-0
2019-030-353 (01)	15498-45-0
2019-030-353 (01)	26650-10-2
2019-030-353 (01)	27619-90-5
2019-030-353 (01)	335-60-4
2019-030-353 (01)	335-64-8
2019-030-353 (01)	335-67-1
2019-030-353 (01)	65618-66-8
2019-030-353 (01)	71244-15-0
2019-030-353 (01)	RR-171177-9
2019-030-353 (01)	RR-207004-4
2022-031-001	111393-39-6
2022-031-002	1270179-82-2
2022-031-003	1270179-93-5
2022-031-004	127133-66-8
2022-031-005	129813-71-4
2022-031-006	141607-32-1
2022-031-007	1427176-17-7
2022-031-008	1427176-20-2
2022-031-009	147029-28-5
2022-031-010	148240-80-6
2022-031-011	148684-79-1
2022-031-012	149652-30-2
2022-031-013	160305-97-5
2022-031-014	160336-17-4
2022-031-015	160901-25-7
2022-031-015	306973-51-3
2022-031-015	P-89-0799
2022-031-016	160901-26-8
2022-031-017	161074-58-4
2022-031-018	1645842-67-6
2022-031-019	1645850-46-9
2022-031-020	1645852-09-0
2022-031-021	1645852-10-3
2022-031-022	1648534-82-0
2022-031-023	1648539-69-8
2022-031-024	1648540-20-8
2022-031-025	171561-95-8
2022-031-026	178094-71-8
2022-031-027	178535-22-3
2022-031-028	179005-06-2
2022-031-028	P-96-1433
2022-031-029	179005-07-3
2022-031-030	1893-52-3
2022-031-031	192662-29-6
2022-031-031	306973-44-4
2022-031-032	222716-67-8
2022-031-033	254889-10-6
2022-031-034	30295-56-8
2022-031-035	306973-47-7
2022-031-035	P-86-0301
2022-031-036	306974-19-6
2022-031-036	P-90-0111
2022-031-037	306974-28-7
2022-031-037	P-94-2206
2022-031-038	306974-45-8
2022-031-038	P-96-1262
2022-031-039	306974-63-0
2022-031-039	P-96-1645
2022-031-040	306975-62-2
2022-031-040	P-86-0958
2022-031-041	306975-84-8
2022-031-041	P-91-1419
2022-031-042	306975-85-9
2022-031-042	P-93-1444
2022-031-043	306976-25-0
2022-031-043	P-94-0545
2022-031-044	306976-55-6
2022-031-044	P-94-0927
2022-031-045	306977-10-6
2022-031-045	P-96-1424
2022-031-046	306977-58-2
2022-031-046	P-98-1272
2022-031-047	306978-04-1
2022-031-047	P-98-0251
2022-031-048	306978-65-4
2022-031-048	P-99-0188
2022-031-049	306979-40-8
2022-031-049	P-99-0319
2022-031-050	306980-27-8
2022-031-050	P-95-0120
2022-031-051	34455-03-3
2022-031-052	355-46-4
2022-031-053	3871-99-6
2022-031-054	38850-52-1
2022-031-055	38850-58-7
2022-031-056	38850-60-1
2022-031-057	41997-13-1
2022-031-058	423-50-7
2022-031-059	504396-13-8
2022-031-060	50598-28-2
2022-031-061	507225-08-3
2022-031-062	52166-82-2
2022-031-063	55120-77-9
2022-031-064	55591-23-6
2022-031-065	56372-23-7
2022-031-066	67584-48-9
2022-031-067	67584-53-6
2022-031-068	157122-25-3
2022-031-068	67584-57-0
2022-031-069	67584-61-6
2022-031-070	67906-70-1
2022-031-071	67906-71-2
2022-031-072	67939-61-1
2022-031-073	67939-92-8
2022-031-074	67969-65-7
2022-031-075	680187-85-3
2022-031-076	680187-86-4
2022-031-077	68081-83-4
2022-031-078	68227-87-2
2022-031-079	68227-94-1
2022-031-080	68227-96-3
2022-031-081	68227-98-5
2022-031-082	68228-00-2
2022-031-083	68239-74-7
2022-031-084	68259-08-5
2022-031-085	68259-15-4
2022-031-086	68259-38-1
2022-031-087	68298-09-9
2022-031-088	68298-74-8
2022-031-089	68298-78-2
2022-031-090	68299-21-8
2022-031-091	68299-39-8
2022-031-092	68329-56-6
2022-031-093	68391-09-3
2022-031-094	68555-70-4
2022-031-095	68555-75-9
2022-031-096	68555-90-8
2022-031-097	68555-91-9
2022-031-098	68555-92-0
2022-031-099	68568-77-4
2022-031-100	68586-13-0
2022-031-101	68586-14-1
2022-031-102	68608-13-9
2022-031-103	68608-14-0
2022-031-104	68649-26-3
2022-031-105	68797-76-2
2022-031-106	68815-72-5
2022-031-107	68867-60-7
2022-031-108	68867-62-9
2022-031-109	68877-32-7
2022-031-110	68891-98-5
2022-031-111	68909-15-9
2022-031-112	68957-32-4
2022-031-113	68957-53-9
2022-031-114	68957-58-4
2022-031-115	68957-61-9
2022-031-116	70225-16-0
2022-031-117	70248-52-1
2022-031-118	70776-36-2
2022-031-119	70900-36-6
2022-031-120	70900-40-2
2022-031-121	71487-20-2
2022-031-122	73772-32-4
2022-031-123	73772-33-5
2022-031-124	73772-34-6
2022-031-125	76848-59-4
2022-031-126	76848-68-5
2022-031-127	80621-17-6
2022-031-128	81190-38-7
2022-031-129	82382-12-5
2022-031-130	85665-64-1
2022-031-131	85665-66-3
2022-031-132	86525-30-6
2022-031-133	86525-43-1
2022-031-134	86525-48-6
2022-031-135	86525-51-1
2022-031-136	86525-52-2
2022-031-137	89863-48-9
2022-031-138	89863-49-0
2022-031-139	89863-50-3
2022-031-140	89863-55-8
2022-031-141	89863-56-9
2022-031-142	89863-63-8
2022-031-143	89863-64-9
2022-031-144	91081-99-1
2022-031-145	93416-31-0
2022-031-146	93572-72-6
2022-031-147	944578-05-6
2022-031-147 (01)	115416-67-6
2022-031-147 (01)	2267980-92-5
2022-031-147 (01)	355-46-4
2022-031-147 (01)	38850-51-0
2022-031-147 (01)	85520-91-8
2022-031-147 (01)	87988-56-5
2022-031-147 (01)	RR-162331-0
2022-031-147 (01)	RR-207005-5
2023-032-001	72-43-5
2023-032-002	30667-99-3
2023-032-003	76733-77-2
2023-032-004	255065-25-9
2023-032-005	255065-26-0
2023-032-006	59424-81-6
2023-032-007	1348358-72-4
2023-032-008	RR-218706-6
2023-033-001	11114-14-0
2023-033-001	1195618-74-6
2023-033-001	13560-89-9
2023-033-001	39386-10-2
2023-033-001	40372-58-5
2023-033-001	59459-11-9
2023-033-001	60880-74-2
2023-033-002	135821-03-3
2023-033-003	135821-74-8
