001	1053659-79-2
001	112068-71-0
001	1156543-56-4
001	1158237-02-5
001	1227476-28-9
001	1416946-65-0
001	1609158-91-9
001	1664-98-8
001	50-00-0
001	8005-38-7
001	8006-07-3
001	8013-13-6
002	50-32-8
002	819804-28-9
003	51-75-2
004	121382-27-2
004	51-79-6
005	52-24-4
006	53-70-3
007	55-18-5
008	55-68-5
008	UN1895
009	55-98-1
010	56-23-5
010	UN1846
011	1353053-96-9
011	56-35-9
012	56-55-3
013	137731-90-9
013	15313-32-3
013	55172-72-0
013	56-75-7
013	59112-59-3
013	85666-84-8
014	107391-69-5
014	115728-29-5
014	53923-27-6
014	58-36-6
014	64684-28-2
014	64887-10-1
015	60-09-3
015	81691-68-1
016	62-44-2
017	100849-37-4
017	14545-23-4
017	146997-94-6
017	1533423-51-6
017	1582784-51-7
017	1619933-02-6
017	18960-62-8
017	37342-16-8
017	4165-61-1
017	62-53-3
017	7022-92-6
017	UN1547
018	62-75-9
019	182115-04-4
019	64-67-5
019	98503-29-8
019	UN1594
020	66-27-3
021	17974-04-8
021	21059-09-6
021	4630-76-6
021	6399-67-3
021	66-81-9
022	67-66-3
022	8013-54-5
022	865-49-6
022	UN1888
023	114057-15-7
023	15175-63-0
023	15175-77-6
023	33513-42-7
023	68-12-2
024	100234-53-5
024	70-25-7
025	1053658-43-7
025	1076-43-3
025	1173023-23-8
025	174973-66-1
025	54682-86-9
025	71-43-2
025	UN1114
026	256431-41-1
026	33327-32-1
026	6147-53-1
026	68279-06-1
026	71-48-7
026	73005-84-2
027	75-00-3
027	UN1037
028	1187028-37-0
028	75-01-4
028	UN1086
029	75-02-5
029	UN1860
030	1665-00-5
030	75-09-2
030	UN1593
031	1156543-55-3
031	1158234-15-1
031	23296-41-5
031	75-12-7
032	355120-85-3
032	75-15-0
032	UN1131
033	302-17-0
033	75-87-6
033	UN2075
034	76-87-9
035	390417-24-0
035	467-29-8
035	546094-13-7
035	57214-20-7
035	77-09-8
036	139443-72-4
036	15199-43-6
036	62086-97-9
036	77-78-1
036	98478-67-2
036	UN1595
037	78-00-2
038	78-79-5
038	78006-92-5
038	823271-95-0
038	UN1218
039	26198-63-0
039	78-87-5
039	UN1279
040	52037-46-4
040	79-01-6
040	UN1710
041	1198293-68-3
041	122775-19-3
041	79-06-1
041	UN2074
042	1320-47-4
042	79-16-3
043	342009-25-0
043	79-44-7
043	UN2262
044	107719-55-1
044	108608-60-2
044	110670-65-0
044	124779-54-0
044	131891-38-8
044	186673-39-2
044	224951-26-2
044	30496-13-0
044	51253-31-7
044	7300-23-4
044	76341-26-9
044	79-94-7
045	137885-53-1
045	1429425-26-2
045	146479-75-6
045	27360-89-0
045	28106-82-3
045	37808-08-5
045	80-05-7
046	80-46-6
047 (01)	5543-56-6
047 (01)	56573-89-8
047 (01)	81-81-2
047 (02)	5543-57-7
047 (03)	5543-58-8
048	82-66-6
049	83-26-1
050	84-69-5
051	84-74-2
051	93952-11-5
052	84-75-3
053	6385-62-2
053	85-00-7
054 (01)	102483-85-2
054 (01)	109265-67-0
054 (01)	117276-22-9
054 (01)	85-42-7
054 (01)	95327-28-9
054 (02)	13149-00-3
054 (03)	14166-21-3
055	85-68-7
055	93951-88-3
056	87-68-3
056	UN2279
057	57158-05-1
057	88-72-2
058	152212-20-9
058	39403-80-0
058	88-85-7
059	90-04-0
060	90-94-8
061	20214-07-7
061	91-22-5
061	UN2656
062	91-94-1
063	95-53-4
064	95-69-2
065	12236-56-5
065	85898-88-0
065	95-80-7
065	UN1709
066	20780-53-4
066	20780-54-5
066	62497-63-6
066	67253-49-0
066	96-09-3
067	116499-75-3
067	204570-16-1
067	96-13-9
068	96-18-4
069	148584-48-9
069	96-23-1
069	UN2750
070	12261-94-8
070	26856-29-1
070	71836-04-9
070	875479-38-2
070	90613-75-5
070	96-45-7
070	96-46-8
071	28676-13-3
071	97-56-3
072	98-07-7
072	UN2226
073	98-87-3
073	UN1886
074	1258517-80-4
074	98-88-4
074	UN1736
075	4165-60-0
075	98-95-3
075	UN1662
076	100-42-5
076	1161074-30-1
076	1193-80-2
076	1198090-46-8
076	1453489-93-4
076	1646200-96-5
076	19361-62-7
076	2015955-51-6
076	2351150-23-5
076	2576469-81-1
076	2706608-32-2
076	3814-93-5
076	60052-92-8
076	79637-11-9
076	934-85-0
076	UN2055
077	100-44-7
077	UN1738
078	100-57-2
078	UN1894
079	101-61-1
079	30135-64-9
080	100-63-0
080	1057722-40-3
080	UN2572
081	101-14-4
081	126699-69-2
081	142661-36-7
081	29371-14-0
081	51065-07-7
081	78642-65-6
081	913092-91-8
082	101-77-9
082	120859-32-7
082	136601-30-4
082	148263-71-2
082	28602-61-1
082	83712-44-1
082	UN2651
083	101-80-4
083	121509-79-3
083	928208-61-1
084 (01)	106-89-8
084 (01)	109351-74-8
084 (01)	13403-37-7
084 (01)	36250-81-4
084 (01)	9009-12-5
084 (01)	UN2023
084 (02)	51594-55-9
084 (03)	67843-74-7
085	106-94-5
086	1006710-56-0
086	107-13-1
086	1197872-06-2
086	1221168-60-0
086	1309882-90-3
086	29754-21-0
086	63908-52-1
086	769126-92-3
086	769134-66-9
086	UN1093
087	107-15-3
087	6780-13-8
087	8030-24-8
087	85404-18-8
087	UN1604
088	107-30-2
088	UN1239
089	109-86-4
089	UN1188
090	110-00-9
090	UN2389
091	110-57-6
092	110-71-4
092	173201-80-4
092	UN2252
093	110-80-5
093	96231-36-6
093	UN1171
094	111-15-9
094	UN1172
095	111-96-6
095	142939-39-7
095	54631-70-8
095	70992-86-8
096	112-49-2
096	70992-85-7
097	115-96-8
097	21343-84-0
098	116-14-3
098	9014-83-9
098	UN1081
099	117-52-2
099	154670-14-1
100	109630-52-6
100	117-81-7
100	126639-29-0
100	137718-37-7
100	205180-59-2
100	275818-89-8
100	40120-69-2
100	50885-87-5
100	607374-50-5
100	8033-53-2
100	82208-43-3
100	93951-87-2
101	117-82-8
102	1135443-45-6
102	118-74-1
102	UN2729
103	119-90-4
103	59777-10-5
104	120-71-8
105	121-14-2
106	11096-67-6
106	11130-60-2
106	121-75-5
106	12737-19-8
106	12767-62-3
106	141263-96-9
106	75513-83-6
107	1006730-14-8
107	123-77-3
107	131715-26-9
107	183256-78-2
107	218433-14-8
107	221272-72-6
107	52737-71-0
107	62494-61-5
107	62494-62-6
107	62494-85-3
107	65098-86-4
107	65098-87-5
107	72514-45-5
107	73247-42-4
107	73905-77-8
107	81774-20-1
107	882507-89-3
107	882523-85-5
107	89073-35-8
107	97707-96-5
107	UN3242
108	123-88-6
109	124-58-3
110	127-18-4
110	UN1897
111	127-19-5
112	131-18-0
113	1173021-20-9
113	124765-79-3
113	140-66-9
113	37769-53-2
113	85771-77-3
114	1415719-73-1
114	142-04-1
114	UN1548
115	143-50-0
116	144-21-8
116	19444-53-2
117	112242-83-8
117	119170-41-1
117	12640-90-3
117	1321-08-0
117	149-30-4
117	4464-58-8
117	55199-93-4
117	81605-65-4
118	151-56-4
118	99932-76-0
118	UN1185
119	154-93-8
120	191-30-0
121	218-01-9
121	27274-05-1
122	224-42-0
123	12692-94-3
123	298-81-7
124	301-04-2
124	6080-56-4
124	UN1616
125	148332-23-4
125	301-08-6
125	6865-72-1
126 (01)	10217-52-4
126 (01)	119775-10-9
126 (01)	302-01-2
126 (01)	31886-26-7
126 (01)	75013-58-0
126 (01)	78206-91-4
126 (01)	UN2029
126 (02)	10217-52-4
126 (02)	65209-65-6
126 (02)	65492-74-2
126 (02)	7803-57-8
126 (02)	79785-97-0
127	307-35-7
128	313-67-7
129	320-67-2
130	330-55-2
130	56645-87-5
131	27936-40-9
131	30583-38-1
131	333-41-5
131	65863-03-8
132	335-67-1
132	65618-66-8
132	71244-15-0
133 (01)	335-76-2
133 (02)	3108-42-7
133 (03)	3830-45-3
134	366-70-1
135 (01)	375-95-1
135 (02)	4149-60-4
135 (03)	21049-39-8
136	1192824-22-8
136	12504-67-5
136	1356922-63-8
136	1402835-26-0
136	1454308-15-6
136	145583-77-3
136	146915-55-1
136	148031-02-1
136	152024-73-2
136	154643-50-2
136	156131-38-3
136	160073-05-2
136	167972-08-9
136	215780-01-1
136	259092-53-0
136	288149-69-9
136	37231-85-9
136	409-21-2
136	54500-13-9
136	63686-94-2
136	66039-27-8
136	76647-55-7
136	78544-49-7
136	84149-55-3
136	86755-24-0
136	92843-12-4
136	95918-00-6
137	446-86-6
138	484-20-8
139	485-31-4
140	494-03-1
141	172672-70-7
141	39472-40-7
141	505-60-2
141	68157-62-0
141	69020-37-7
142	104170-16-3
142	507-28-8
143	513-78-0
144	137506-60-6
144	189279-89-8
144	513-79-1
144	57454-67-8
145	540-73-8
145	UN2382
146	541-25-3
147	542-83-6
148	24558-49-4
148	245727-62-2
148	29398-76-3
148	543-90-8
148	5743-04-4
149	546-67-8
149	612524-90-0
150	23355-47-7
150	548-62-9
150	7077-31-8
151	28605-64-3
151	552-30-7
151	68864-89-1
151	70425-46-6
151	928770-37-0
152	556-52-5
152	61915-27-3
152	98913-54-3
153	557-19-7
153	99601-92-0
153	99601-93-1
153	UN1653
154	561-41-1
155	1000818-40-5
155	550-08-3
155	573-58-0
155	70248-72-5
155	87440-95-7
156	592-02-9
157	10382-36-2
157	14287-09-3
157	592-87-0
157	953087-97-3
158	593-60-2
158	UN1085
159	605-50-5
160	608-93-5
161	612-83-9
162	625-45-6
163	629-14-1
163	UN1153
164	153929-54-5
164	155399-52-3
164	162342-48-5
164	167416-30-0
164	18421-60-8
164	192819-80-0
164	201230-82-2
164	4906-87-0
164	630-08-0
164	724693-69-0
164	740776-49-2
164	807306-74-7
164	82063-46-5
164	NA9202
164	UN1016
165	636-21-5
166	683-18-1
167	126742-50-5
167	684-93-5
167	820-60-0
168	30115-44-7
168	6180-99-0
168	688-73-3
169	2151-05-5
169	759-73-9
170	54649-88-6
170	838-88-0
171	26138-58-9
171	53774-35-9
171	57762-46-6
171	872-50-4
172	900-95-8
173	1067-97-6
174	1071-83-6
174	37337-60-3
174	42618-09-7
174	75241-08-6
175	1072-35-1
175	11097-78-2
175	37223-82-8
176	1120-46-3
177	1120-71-4
178	109945-70-2
178	1163-19-5
178	1201677-32-8
178	145538-74-5
179	1018852-64-6
179	106495-92-5
179	1099648-86-8
179	116443-03-9
179	12254-95-4
179	1303-00-0
179	1434046-67-9
179	1825302-06-4
179	1979138-53-8
179	2009382-57-2
179	2242959-68-6
179	2294935-60-5
179	385800-12-4
179	817163-73-8
179	888030-71-5
179	959925-10-1
180	12255-89-9
180	12393-61-2
180	1303-33-9
180	1315336-31-2
180	188947-55-9
180	217972-77-5
180	352030-72-9
181	113228-99-2
181	1303-36-2
182	102967-73-7
182	12640-42-5
182	1303-86-2
182	144919-64-2
182	163701-88-0
182	56116-04-2
182	56145-44-9
182	56312-91-5
182	56312-92-6
182	56312-93-7
182	56312-94-8
182	91863-27-3
183	1306-19-0
183	1436666-97-5
183	2485700-58-9
183	2641128-84-7
184	106496-20-2
184	1306-23-6
184	1441148-55-5
185	1043877-50-4
185	1224515-43-8
185	1306-25-8
185	1448522-72-2
185	23100-72-3
185	2984549-53-1
185	905982-64-1
186	1309-60-0
186	60525-54-4
186	UN1872
187	1313-99-1
187	185461-96-5
187	203645-17-4
187	339311-41-0
188	1314-27-8
189	12684-34-3
189	1314-41-6
189	940949-96-2
190	1314-87-0
190	2068005-40-1
190	2222122-63-4
190	2516245-98-8
190	2568498-72-4
190	51682-73-6
191	12359-23-8
191	1309-59-7
191	1317-36-8
192	11120-55-1
192	1145660-51-0
192	1160353-52-5
192	13009-77-3
192	1319-46-6
192	1344-36-1
192	1951408-54-0
192	37185-13-0
192	37316-84-0
192	37361-76-5
192	886883-98-3
193	1327-53-3
193	28380-38-3
193	856307-43-2
193	UN1561
194	1330-20-7
194	56004-61-6
194	8026-09-3
194	UN1307
194 (01)	56004-61-6
194 (01)	95-47-6
194 (02)	106-42-3
194 (03)	108-38-3
195 (01)	1039387-27-3
195 (01)	11130-12-4
195 (01)	115372-65-1
195 (01)	1186126-93-1
195 (01)	1189141-72-7
195 (01)	12045-54-4
195 (01)	12267-73-1
195 (01)	1242163-02-5
195 (01)	1247014-60-3
195 (01)	12589-17-2
195 (01)	1262222-67-2
195 (01)	1262281-53-7
195 (01)	1268472-42-9
195 (01)	1303-96-4
195 (01)	1314012-56-0
195 (01)	1315317-92-0
195 (01)	1330-43-4
195 (01)	1332-28-1
195 (01)	136349-33-2
195 (01)	13764-83-5
195 (01)	163701-93-7
195 (01)	19223-62-2
195 (01)	37199-25-0
195 (01)	886584-11-8
195 (01)	910783-70-9
195 (01)	950582-57-7
195 (02)	1039387-28-4
195 (02)	1186126-94-2
195 (02)	12179-04-3
195 (02)	1262222-68-3
195 (02)	1262281-54-8
195 (02)	1262426-51-6
195 (02)	910783-72-1
195 (02)	950582-74-8
196	12324-05-9
196	12324-08-2
196	1333-82-0
196	UN1463
197	1335-32-6
198	1336-14-7
199	1344-37-2
199	61513-05-1
199	61513-06-2
199	61513-07-3
199	8012-76-8
199	81209-53-2
200	1344-40-7
200	UN2989
201	1420-07-1
202	1461-22-9
203	1464-53-5
204	1624-02-8
205	1668-00-4
206	1746-01-6
206	56795-67-6
207	132324-11-9
207	1763-23-1
208	1825-21-4
209	1937-37-7
209	220970-37-6
209	61701-15-3
210	1983-10-4
211	154194-72-6
211	2155-70-6
212	2191-10-8
213	2223-93-0
214	2374-14-3
215	12557-88-9
215	12707-43-6
215	12766-04-0
215	20594-49-4
215	2385-85-5
215	56449-78-6
216	2420-98-6
217	2424-53-5
218	2451-62-9
218	414867-60-0
219	2580-56-5
219	97930-07-9
220	116675-43-5
220	179472-56-1
220	2602-46-2
220	627097-62-5
221	2605-44-9
222	111274-79-4
222	117925-64-1
222	2795-39-3
222	59112-13-9
222	62010-27-9
222	69458-54-4
223	3026-22-0
224	129829-22-7
224	3033-77-0
225	3090-36-6
226	3249-60-3
227	3687-31-8
228	3691-35-8
229	3772-94-9
229	77538-57-9
230	3825-26-1
230	77751-76-9
230	95328-99-7
231	4027-18-3
232	101701-80-8
232	102771-74-4
232	105439-02-9
232	110648-35-6
232	111093-75-5
232	1186289-22-4
232	1199811-14-7
232	1211316-62-9
232	124961-52-0
232	129212-17-5
232	135454-41-0
232	146282-59-9
232	146665-38-5
232	149579-36-2
232	1548444-15-0
232	158750-30-2
232	194936-84-0
232	26602-93-7
232	4098-71-9
232	50974-99-7
232	52985-93-0
232	63793-40-8
232	66708-07-4
232	70936-97-9
232	74091-63-7
232	74520-92-6
232	88778-74-9
232	UN2290
233	4167-05-9
234	4342-30-7
235	4464-23-7
236	4759-48-2
237	4782-29-0
238	5436-43-1
239	5522-43-0
240	5836-29-3
241	6477-64-1
242	1325-91-3
242	6786-83-0
243	6838-85-3
244	16893-63-3
244	37223-94-2
244	52652-59-2
244	7428-48-0
245	123720-03-6
245	13981-51-6
245	13982-78-0
245	149038-91-5
245	15064-97-8
245	15116-82-2
245	15756-15-7
245	378782-04-8
245	378782-05-9
245	378782-08-2
245	378782-18-4
245	51887-47-9
245	7439-97-6
245	8030-64-6
245	8031-27-4
245	92355-34-5
245	92786-62-4
245	UN2809
246	13233-32-4
246	13966-28-4
246	14269-63-7
246	14274-82-9
246	14331-83-0
246	14913-49-6
246	14932-40-2
246	15065-10-8
246	15092-94-1
246	15117-56-3
246	15262-20-1
246	15389-34-1
246	15571-75-2
246	15594-54-4
246	15623-47-9
246	15756-58-8
246	22481-48-7
246	24738-30-5
246	7440-29-1
246	RR-04712-1
247	14304-78-0
247	14687-61-7
247	14809-44-0
247	14809-45-1
247	15422-59-0
247	15575-20-9
247	15755-33-6
247	15755-35-8
247	16685-55-5
247	39277-51-5
247	55624-62-9
247	7440-38-2
247	UN1558
247	UN1562
248	13966-02-4
248	14390-89-7
248	7440-41-7
248	UN1567
249	14109-32-1
249	14336-66-4
249	14336-68-6
249	14709-52-5
249	15139-70-5
249	30905-38-5
249	378253-44-2
249	378253-45-3
249	378253-46-4
249	7440-43-9
249	RR-17718-4
250	10198-40-0
250	12070-12-1
250	135926-88-4
250	13981-38-9
250	13981-50-5
250	13981-83-4
250	13982-25-7
250	14093-03-9
250	16256-07-8
250	177256-35-8
250	182169-08-0
250	182169-11-5
250	184637-91-0
250	188300-42-7
250	188300-43-8
250	188300-44-9
250	188300-45-0
250	195161-79-6
250	378253-51-1
250	378253-52-2
250	378253-53-3
250	52555-87-0
250	7440-48-4
250	RR-191097-0
251	7446-10-8
252	1314087-56-3
252	7446-27-7
253	7487-94-7
253	UN1624
254	7496-02-8
255	11105-04-7
255	7631-89-2
255	UN1685
256	10332-33-9
256	10486-00-7
256	15768-95-3
256	7632-04-4
256	UN3247
257	16544-92-6
257	18201-52-0
257	69098-14-2
257	7646-79-9
257	7791-13-1
258	119540-51-1
258	127529-01-5
258	13813-19-9
258	140623-70-7
258	7664-93-9
258	UN1830
258	UN1831
258	UN1832
258	UN2796
259	11115-74-5
259	199384-58-2
259	237391-94-5
259	24934-60-9
259	7738-94-5
259	9044-10-4
260	7758-95-4
261	181768-98-9
261	7758-97-6
261	8049-64-7
262	14105-08-9
262	14307-44-9
262	1450900-87-4
262	168456-68-6
262	189829-60-5
262	2437245-44-6
262	26006-62-2
262	52014-33-2
262	7759-01-5
263	10034-82-9
263	7775-11-3
264	1327-52-2
264	58076-82-7
264	7774-41-6
264	7778-39-4
264	UN1553
264	UN1554
265	76407-89-1
265	7778-41-8
266	10048-95-0
266	1363218-52-3
266	55957-14-7
266	7778-43-0
267	1333-25-1
267	1450620-86-6
267	1940140-03-3
267	2226341-09-7
267	7778-44-1
267	UN1573
268	7778-50-9
269	106496-44-0
269	1493800-25-1
269	2098815-17-7
269	7783-46-2
270	7783-59-7
271	7784-01-2
272	7784-02-3
273	7784-08-9
273	UN1683
274	7784-33-0
274	UN1555
275	7784-34-1
275	8011-67-4
275	UN1560
276	7784-35-2
277	73728-19-5
277	7784-36-3
278	7784-38-5
279	1263481-96-4
279	1314087-58-5
279	72067-67-5
279	7784-41-0
280	7784-42-1
280	UN2188
281	7784-44-3
281	UN1546
282	7784-45-4
283	7784-46-5
283	UN1686
283	UN2027
284	10101-97-0
284	10101-98-1
284	139939-67-6
284	15905-81-4
284	7786-81-4
285	50929-82-3
285	7788-98-9
286	7789-00-6
287	166269-55-2
287	54322-60-0
287	7789-06-2
288	7789-09-5
288	UN1439
289	7789-10-8
290	13464-92-1
290	53168-83-5
290	7789-42-6
291	7790-79-6
292	28825-30-1
292	405884-26-6
292	53168-85-7
292	7790-80-9
293	7790-81-0
294	26006-65-5
294	26006-69-9
294	52037-44-2
294	7790-85-4
295	8001-58-9
296	12710-25-7
296	68187-20-2
296	8012-00-8
297	8048-07-5
298	130730-32-4
298	9008-26-8
299	10022-68-1
300	10025-87-3
300	1258871-72-5
300	39380-77-3
300	UN1810
301	10031-13-7
302	10031-22-8
303 (01)	10043-35-3
303 (01)	12795-04-9
303 (01)	2253722-08-4
303 (01)	30698-98-7
303 (02)	11113-50-1
304	10043-92-2
304	121239-98-3
304	14835-02-0
304	14859-67-7
304	15411-71-9
304	16369-95-2
304	22481-48-7
304	28522-22-7
304	51712-91-5
304	51712-92-6
304	RR-04057-3
305	10099-74-8
305	18256-98-9
305	UN1469
306	10099-76-0
306	176547-68-5
307	10099-79-3
308	10101-63-0
308	82669-93-0
309	10102-49-5
309	UN1606
310	10102-50-8
310	UN1608
311	10103-50-1
311	1343-96-0
311	UN1622
312	10103-61-4
312	13478-34-7
312	29871-13-4
312	56626-06-3
313	10103-62-5
314	10108-64-2
314	35658-65-2
314	70206-08-5
314	72589-96-9
314	7790-78-5
315	10124-36-4
315	15244-35-6
315	22465-18-5
315	62642-07-3
315	7790-84-3
316	10026-24-1
316	10124-43-3
316	13455-34-0
316	139939-65-4
316	25215-19-4
316	60459-08-7
316	RR-54368-0
317	10124-50-2
317	UN1678
318	10026-22-9
318	10141-05-6
318	14690-59-6
318	19154-72-4
319	10190-55-3
319	14643-03-9
320	10290-12-7
320	UN1586
321	10294-40-3
321	12000-34-9
321	12231-18-4
322	10294-52-7
323	10325-94-7
323	14177-24-3
323	79990-52-6
324	10468-30-1
325 (01)	1018900-84-9
325 (01)	10588-01-9
325 (01)	1088355-13-8
325 (01)	12018-32-5
325 (01)	1391351-00-0
325 (02)	7789-12-0
326	11099-02-8
326	1314-06-3
326	34492-97-2
327	11103-86-9
327	12527-08-1
327	37809-34-0
328	11113-70-5
328	12619-84-0
328	12653-68-8
328	12737-97-2
328	52869-79-1
329	11113-75-0
329	12035-72-2
329	12137-08-5
329	12259-56-2
329	1314-04-1
330	11116-83-9
331	11118-57-3
331	11145-38-3
331	188785-92-4
331	37293-29-1
331	58591-12-1
332	11119-70-3
332	51329-63-6
332	52440-39-8
333	11120-22-2
333	12627-67-7
333	12673-46-0
333	62010-25-7
334	11130-13-5
334	11138-47-9
334	37244-98-7
334	37280-76-5
335	12001-29-5
335	12426-98-1
335	61076-97-9
336	12005-75-3
336	900531-39-7
337	12005-81-1
337	2092999-60-3
337	2428630-86-6
338	12005-88-8
339	12005-89-9
340	12005-92-4
341	12005-94-6
342	1016982-35-6
342	12005-95-7
343	12005-96-8
344	12006-08-5
345	12006-09-6
346	12006-12-1
347	12006-15-4
347	130917-47-4
348	1032564-26-3
348	12006-21-2
349	12006-40-5
350	12014-14-1
351	12014-28-7
352	12023-90-4
353	12034-30-9
353	1428856-88-5
354	12034-88-7
354	1421258-73-2
355	12035-36-8
356	12036-31-6
357	12036-76-9
358	1032564-28-5
358	12044-16-5
358	12505-63-4
359	107636-81-7
359	12044-20-1
360	12044-21-2
361	12044-22-3
361	12380-33-5
362	12044-25-6
362	1685247-26-0
363	12044-28-9
364	12044-42-7
365	12044-49-4
366	12044-54-1
367	12044-55-2
368	12048-28-1
369	12059-89-1
370	10099-62-4
370	12060-00-3
370	14650-47-6
371	12060-01-4
371	14013-09-3
372	12065-68-8
373	12065-90-6
374	12068-61-0
375	12137-74-5
376	12139-22-9
376	170904-52-6
377	12139-23-0
378	12141-20-7
379	12157-51-6
379	12185-64-7
380	12187-14-3
381	12202-17-4
381	12397-06-7
381	33011-59-5
381	50816-00-7
381	65863-24-3
382	12205-72-0
383	12254-85-2
384	12254-88-5
385	12255-04-8
386	12255-08-2
387	12255-09-3
388	12255-36-6
388	12780-90-4
389	12255-39-9
390	12255-48-0
391	12255-50-4
392	12255-53-7
393	12256-04-1
394	12268-84-7
395	12271-72-6
396	12292-07-8
397	12344-68-2
397	59229-13-9
398	12372-45-1
399	12403-82-6
399	39380-79-5
400	12417-99-1
401	12433-50-0
401	137904-18-8
401	58319-32-7
401	871483-10-2
402	12435-47-1
403	106070-27-3
403	106389-75-7
403	11129-14-9
403	12442-27-2
404	12578-12-0
405	12608-25-2
406	106804-23-3
406	118217-11-1
406	1245817-44-0
406	12626-81-2
406	135699-34-2
406	143928-79-4
406	1702636-77-8
406	188417-76-7
406	200444-20-8
406	37189-44-9
406	37221-92-4
406	37382-38-0
406	39387-81-0
406	56730-15-5
406	69670-72-0
407	12213-61-5
407	12656-85-8
407	64523-06-4
407	8005-36-5
408	12737-98-3
409	12765-51-4
410	13010-47-4
411	13423-61-5
411	16569-85-0
411	219828-32-7
411	23371-94-0
412	13424-46-9
412	85941-57-7
412	UN0129
413	13446-73-6
414	13453-15-1
415	13453-35-5
416	13453-66-2
416	19372-22-6
416	29134-88-1
417	128448-04-4
417	13454-78-9
418	13455-25-9
418	1350718-36-3
418	183858-81-3
419	1174204-79-5
419	13462-93-6
419	1355049-91-0
419	1929572-29-1
419	2089208-18-2
420	12612-55-4
420	13005-31-7
420	13463-39-3
420	14875-95-7
420	36252-60-5
420	42126-46-5
420	71327-12-3
420	848779-18-0
421	13464-35-2
422	13464-37-4
423	13464-38-5
423	13510-46-8
424	13464-44-3
425	13464-68-1
426	13473-75-1
427	13477-04-8
427	29871-12-3
428	13477-17-3
429	13477-70-8
430	13478-14-3
430	1621613-53-3
430	51957-41-6
431	1287784-11-5
431	13478-50-7
431	15061-40-2
432	13510-31-1
433	13510-44-6
433	1535485-71-2
434	1308-13-0
434	1328-67-2
434	13530-65-9
434	14675-41-3
435	13530-68-2
435	1391764-70-7
435	30441-38-4
436	13548-42-0
436	27787-63-9
437	13701-66-1
438	10060-08-9
438	13765-19-0
439	13814-96-5
439	35254-34-3
440	13845-35-7
441	13847-17-1
442	13909-09-6
443	13972-68-4
444	14017-36-8
445	14018-95-2
446	14047-09-7
447	14307-33-6
448	14307-35-8
448	1792172-36-1
448	7789-01-7
449	14486-19-2
449	41113-59-1
450	122304-48-7
450	122304-49-8
450	12425-26-2
450	1317-79-9
450	14808-60-7
450	70594-95-5
450	87347-84-0
451	14520-70-8
452	14596-37-3
452	24267-55-8
453	10214-39-8
453	14105-09-0
453	1429516-97-1
453	14720-53-7
453	2095571-59-6
454	14721-18-7
455	14977-61-8
455	34848-09-4
455	7791-14-2
455	UN1758
456	15120-17-9
457	10486-00-7
457	125022-34-6
457	13517-20-9
457	15120-21-5
458	15245-44-0
458	4219-19-6
458	59286-40-7
458	63918-97-8
458	6594-85-0
459	15347-57-6
459	17856-14-3
459	37280-55-0
460	15571-58-1
460	52433-96-2
460	64685-79-6
460	71061-19-3
460	85873-44-5
461	15586-38-6
462	15600-62-1
463	15606-95-8
464	15696-43-2
464	17362-65-1
465	1314087-54-1
465	15845-52-0
465	1887168-54-8
466	1043412-76-5
466	15851-44-2
466	1884414-00-9
466	2888539-04-4
467	1257633-00-3
467	15851-47-5
467	2409067-85-0
467	257292-73-2
468	15852-14-9
468	190899-29-7
469	15907-04-7
470	16037-50-6
470	38459-17-5
470	60763-96-4
471	13765-90-7
471	16038-76-9
472	10300-74-0
472	16071-86-6
472	39403-88-8
472	58601-87-9
472	76199-83-2
473	16543-55-8
474	1314-04-1
474	1344-49-6
474	16812-54-7
475	16996-40-0
476	11111-46-9
476	17029-22-0
477	149864-43-7
477	17570-76-2
478	1308-29-8
478	1323950-28-2
478	18454-12-1
479	18721-51-2
480	19010-66-3
480	301-07-5
481	19783-14-3
482	12548-37-7
482	20039-37-6
483	20325-40-0
484	20837-86-9
485	19696-90-3
485	20890-10-2
486	1306-13-4
486	13589-17-8
486	21041-95-2
487	22006-17-3
488	22398-80-7
489	1331-70-0
489	22569-74-0
490	24613-89-6
491	24719-19-5
491	7785-24-2
492	174956-83-3
492	25155-23-1
492	95660-61-0
493	25214-70-4
493	39363-25-2
493	56274-12-5
494 (01)	25550-51-0
494 (01)	39363-62-7
494 (01)	454184-09-9
494 (01)	86403-41-0
494 (01)	95032-44-3
494 (02)	1262424-73-6
494 (02)	129574-07-8
494 (02)	15433-45-1
494 (02)	19438-60-9
494 (02)	636588-30-2
494 (03)	48122-14-1
494 (04)	1338799-01-1
494 (04)	1357484-91-3
494 (04)	57110-29-9
495 (01)	1027045-74-4
495 (01)	134237-50-6
495 (01)	134237-51-7
495 (01)	134237-52-8
495 (01)	138257-17-7
495 (01)	138257-18-8
495 (01)	138257-19-9
495 (01)	169102-57-2
495 (01)	22374-57-8
495 (01)	25637-99-4
495 (01)	4736-49-6
495 (01)	65701-47-5
495 (01)	678970-15-5
495 (01)	678970-16-6
495 (01)	678970-17-7
495 (02)	23774-70-1
495 (02)	3194-55-6
496	13453-60-6
496	25659-31-8
497	25666-92-6
498	106-49-0
498	108-44-1
498	25640-74-8
498	26915-12-8
498	UN1708
498	UN3451
499	27016-73-5
499	32322-13-7
500	12068-59-6
500	124260-75-9
500	24440-79-7
500	27016-75-7
501	27083-27-8
502	27208-37-3
503	27253-28-7
504	27526-45-0
505	28089-34-1
506	199744-45-1
506	2071237-20-0
506	2240157-94-0
506	2511147-66-1
506	29935-35-1
507	104512-58-5
507	104512-63-2
507	104814-22-4
507	1417997-02-4
507	30525-89-4
507	43094-80-0
507	53026-80-5
507	UN2213
508	31119-53-6
509	31732-71-5
510	32289-58-0
511	32775-46-5
511	39372-68-4
512	34493-01-1
513	35112-70-0
514	35498-15-8
515	116995-33-6
515	1620837-37-7
515	182677-30-1
515	31153-30-7
515	35854-94-5
515	36483-60-0
516	24988-28-1
516	36501-84-5
516	96956-76-2
517	12503-65-0
517	37194-88-0
518	37300-23-5
518	57486-12-1
519	39297-24-0
520	12684-10-5
520	131-72-6
520	39300-45-3
520	57131-13-2
520	57526-97-3
520	6119-92-2
520	71607-43-7
521	39390-00-6
522	103173-66-6
522	115633-92-6
522	1620837-33-3
522	189084-57-9
522	189084-61-5
522	189084-62-6
522	189084-63-7
522	243982-82-3
522	327185-09-1
522	337513-55-0
522	337513-68-5
522	337513-77-6
522	337513-82-3
522	40088-47-9
522	446254-18-8
522	446254-19-9
522	446254-20-2
522	446254-21-3
522	446254-22-4
522	446254-23-5
522	446254-24-6
522	446254-25-7
522	446254-26-8
522	446254-27-9
522	446254-28-0
522	446254-29-1
522	446254-30-4
522	446254-31-5
522	446254-32-6
522	446254-33-7
522	446254-34-8
522	446254-35-9
522	446254-36-0
522	446254-37-1
522	446254-38-2
522	446254-39-3
522	446254-40-6
522	446254-41-7
522	446254-42-8
522	446254-43-9
522	446254-45-1
522	446254-48-4
522	446254-50-8
522	82458-12-6
522	93703-48-1
523	41189-36-0
524	42579-89-5
524	68189-41-3
525	49663-84-5
526	51222-60-7
527	51404-69-4
528	51868-24-7
529	52080-60-1
530	52231-92-2
531	52732-72-6
531	61869-44-1
532	54749-90-5
533	56073-07-5
534	56073-10-0
534	66052-95-7
534	80449-88-3
535	52652-59-2
535	56189-09-4
536	56450-43-2
537	57028-96-3
538	57117-31-4
539	59653-74-6
540	60348-60-9
541	60909-47-9
542	61788-53-2
543	61788-54-3
543	68439-90-7
544	61789-34-2
545	146104-54-3
545	2098001-96-6
545	61790-14-5
546	61951-96-0
547	62229-08-7
548	64091-91-4
549	64742-93-4
549	68516-21-2
549	68650-78-2
550	67711-86-8
551	68131-58-8
552	68131-59-9
553	68131-60-2
554	68152-99-8
555	68155-47-5
556	68308-34-9
556	UN1288
557	68332-81-0
558	68409-79-0
559	68409-82-5
560	68411-78-9
561	68512-49-2
562	68512-50-5
563	68512-51-6
564	146-50-9
564	68515-50-4
564	71850-09-4
564	7299-89-0
565	68515-51-5
566	68553-17-3
567	68555-05-5
568	68555-07-7
569	68585-90-0
570	68551-43-9
570	68603-83-8
571	68603-93-0
572	68604-05-7
573	68605-98-1
574	68631-49-2
575	68648-93-1
576	68784-10-1
577	68784-55-4
578	68784-58-7
579	68784-59-8
580	68784-75-8
581	68784-76-9
582	68855-80-1
583	68859-25-6
584	68876-84-6
585	68876-90-4
586	68876-98-2
587	68876-99-3
588	68877-00-9
589	68877-01-0
590	68891-87-2
591	68910-05-4
592	113172-79-5
592	116995-32-5
592	117948-63-7
592	139598-16-6
592	1620837-38-8
592	189084-67-1
592	68928-80-3
592 (01)	207122-16-5
592 (02)	446255-22-7
593	68952-91-0
594	68953-39-9
595	68954-18-7
596	68956-81-0
597	68987-33-7
598	68990-75-0
599	69011-06-9
600	69011-07-0
601	69011-69-4
602	69011-70-7
603	69029-52-3
604	69029-63-6
605	69029-74-9
606	69103-04-4
607	70084-75-2
608	70333-07-2
609	103426-92-2
609	103426-93-3
609	103426-94-4
609	103426-95-5
609	1321-64-8
609	1321-65-9
609	1335-87-1
609	1335-88-2
609	149864-78-8
609	149864-79-9
609	149864-80-2
609	149864-81-3
609	149864-82-4
609	150205-21-3
609	150224-15-0
609	150224-16-1
609	150224-17-2
609	150224-18-3
609	150224-19-4
609	150224-20-7
609	150224-21-8
609	150224-22-9
609	150224-23-0
609	150224-24-1
609	150224-25-2
609	17062-87-2
609	1825-30-5
609	1825-31-6
609	20020-02-4
609	2050-69-3
609	2050-72-8
609	2050-73-9
609	2050-74-0
609	2050-75-1
609	2065-70-5
609	2198-75-6
609	2198-77-8
609	2234-13-1
609	2437-54-9
609	2437-55-0
609	25586-43-0
609	28699-88-9
609	31604-28-1
609	32241-08-0
609	3432-57-3
609	34588-40-4
609	50402-51-2
609	50402-52-3
609	51570-43-5
609	51570-44-6
609	51570-45-7
609	53555-63-8
609	53555-64-9
609	53555-65-0
609	55720-33-7
609	55720-34-8
609	55720-35-9
609	55720-36-0
609	55720-37-1
609	55720-38-2
609	55720-39-3
609	55720-40-6
609	55720-41-7
609	55720-42-8
609	55720-43-9
609	6529-87-9
609	6733-54-6
609	67922-21-8
609	67922-22-9
609	67922-23-0
609	67922-24-1
609	67922-25-2
609	67922-26-3
609	67922-27-4
609	70776-03-3
609	90-13-1
609	90948-28-0
609	91-58-7
610	70879-91-3
611	27554-26-3
611	41451-28-9
611	71850-09-4
611	71888-89-6
612	72845-34-2
613	72869-26-2
614	72869-63-7
615	76180-96-6
616	84777-06-0
617	89697-78-9
618	90035-08-8
619	90604-89-0
620	90604-90-3
621	91031-62-8
622	93894-07-6
623	94551-62-9
624	95860-12-1
625	98106-56-0
626	99035-51-5
627	99328-54-8
628	99587-10-7
629	100402-53-7
630	100656-49-3
631	101356-99-4
632	102110-21-4
633	102110-24-7
634	102110-26-9
635	102110-30-5
636	102110-36-1
637	102110-62-3
638	102184-95-2
639	136426-54-5
640	143860-04-2
641	148092-61-9
642	207122-15-4
643	374572-91-5
644	404362-22-7
645	776297-69-9
646	81-15-2
646	UN2956
647	1135443-48-9
647	39378-26-2
647	55353-34-9
647	56573-57-0
647	82-68-8
648	169741-16-6
648	55819-02-8
648	84-61-7
649	85-01-8
650	1350551-41-5
650	8068-49-3
650	94-26-8
651	1334243-56-9
651	98-54-4
652	RR-191412-1
652 (01)	104-35-8
652 (02)	7311-27-5
652 (03)	102188-45-4
652 (03)	103939-37-3
652 (03)	105269-88-3
652 (03)	106152-98-1
652 (03)	107231-62-9
652 (03)	11098-16-1
652 (03)	11103-60-9
652 (03)	11107-93-0
652 (03)	111623-62-2
652 (03)	112509-36-1
652 (03)	114101-89-2
652 (03)	1163687-50-0
652 (03)	116711-78-5
652 (03)	1202388-20-2
652 (03)	1202388-26-8
652 (03)	123019-34-1
652 (03)	123068-21-3
652 (03)	124057-60-9
652 (03)	12767-68-9
652 (03)	12789-12-7
652 (03)	12790-67-9
652 (03)	137263-06-0
652 (03)	139281-67-7
652 (03)	141490-14-4
652 (03)	142985-89-5
652 (03)	143929-07-1
652 (03)	167140-06-9
652 (03)	172521-16-3
652 (03)	1809431-45-5
652 (03)	1809431-82-0
652 (03)	188612-23-9
652 (03)	190856-87-2
652 (03)	1943678-94-1
652 (03)	202936-22-9
652 (03)	205577-03-3
652 (03)	2091900-73-9
652 (03)	2096976-67-7
652 (03)	226225-58-7
652 (03)	226225-59-8
652 (03)	2323620-11-5
652 (03)	2332812-08-3
652 (03)	2408592-97-0
652 (03)	25640-88-4
652 (03)	26027-38-3
652 (03)	27176-93-8
652 (03)	27176-97-2
652 (03)	27177-01-1
652 (03)	27177-03-3
652 (03)	27177-08-8
652 (03)	27288-14-8
652 (03)	27942-26-3
652 (03)	27986-36-3
652 (03)	28136-10-9
652 (03)	286015-24-5
652 (03)	286015-28-9
652 (03)	29594-36-3
652 (03)	30676-83-6
652 (03)	32196-52-4
652 (03)	37187-23-8
652 (03)	37210-94-9
652 (03)	37230-99-2
652 (03)	37280-80-1
652 (03)	37291-67-1
652 (03)	37336-52-0
652 (03)	376647-33-5
652 (03)	39289-57-1
652 (03)	39316-45-5
652 (03)	39316-73-9
652 (03)	39346-85-5
652 (03)	39373-71-2
652 (03)	39392-83-1
652 (03)	39393-36-7
652 (03)	39421-49-3
652 (03)	39453-05-9
652 (03)	39454-98-3
652 (03)	39475-46-2
652 (03)	42617-03-8
652 (03)	441352-55-2
652 (03)	441352-56-3
652 (03)	441352-57-4
652 (03)	441352-58-5
652 (03)	441352-59-6
652 (03)	50855-29-3
652 (03)	509171-19-1
652 (03)	50934-84-4
652 (03)	51059-97-3
652 (03)	51609-19-9
652 (03)	51668-51-0
652 (03)	51938-25-1
652 (03)	51938-59-1
652 (03)	51938-60-4
652 (03)	52012-43-8
652 (03)	52038-46-7
652 (03)	52051-49-7
652 (03)	52434-07-8
652 (03)	52440-03-6
652 (03)	52440-78-5
652 (03)	52440-94-5
652 (03)	52504-18-4
652 (03)	52504-19-5
652 (03)	52683-07-5
652 (03)	53125-17-0
652 (03)	53529-49-0
652 (03)	53663-55-1
652 (03)	53763-35-2
652 (03)	53763-36-3
652 (03)	54174-36-6
652 (03)	54985-54-5
652 (03)	55126-80-2
652 (03)	55838-69-2
652 (03)	56590-96-6
652 (03)	57308-02-8
652 (03)	57321-10-5
652 (03)	57571-69-4
652 (03)	59330-69-7
652 (03)	60098-67-1
652 (03)	60476-27-9
652 (03)	61614-07-1
652 (03)	61840-55-9
652 (03)	62169-44-2
652 (03)	62229-21-4
652 (03)	62229-24-7
652 (03)	62229-29-2
652 (03)	623588-93-2
652 (03)	63440-03-9
652 (03)	63798-88-9
652 (03)	64296-14-6
652 (03)	64940-97-2
652 (03)	65035-40-7
652 (03)	65035-41-8
652 (03)	65455-69-8
652 (03)	65455-72-3
652 (03)	65777-14-2
652 (03)	66525-84-6
652 (03)	67053-58-1
652 (03)	72847-44-0
652 (03)	72847-45-1
652 (03)	74434-41-6
652 (03)	74656-63-6
652 (03)	74749-71-6
652 (03)	75882-09-6
652 (03)	76829-05-5
652 (03)	77271-60-4
652 (03)	80341-59-9
652 (03)	80966-32-1
652 (03)	81296-82-4
652 (03)	83271-48-1
652 (03)	874461-43-5
652 (03)	9016-45-9
652 (03)	9021-03-8
652 (03)	90452-81-6
652 (03)	9067-50-9
652 (03)	93095-76-2
652 (03)	933050-99-8
652 (03)	942205-98-3
652 (03)	95828-59-4
652 (03)	96231-61-7
652 (03)	96957-64-1
652 (03)	96958-17-7
652 (03)	96958-28-0
652 (03)	99402-83-2
652 (03)	99531-82-5
652 (03)	RR-191287-4
652 (03)	RR-191289-6
652 (03)	RR-191290-9
652 (04)	14409-72-4
652 (05)	1422956-30-6
652 (05)	20427-84-3
652 (06)	20636-48-0
652 (07)	26264-02-8
652 (08)	26571-11-9
652 (08)	41257-07-2
652 (09)	27177-05-5
652 (10)	27942-27-4
652 (11)	34166-38-6
652 (12)	100472-99-9
652 (12)	121548-43-4
652 (12)	138316-74-2
652 (12)	37205-87-1
652 (12)	51852-94-9
652 (12)	577791-97-0
652 (12)	620168-37-8
652 (12)	65455-69-8
652 (12)	65455-72-3
652 (12)	85005-55-6
652 (13)	65455-69-8
652 (13)	65455-72-3
652 (13)	68412-54-4
652 (13)	85005-55-6
652 (14)	127087-87-0
652 (14)	261176-82-3
652 (14)	85005-55-6
652 (14)	91648-64-5
652 (14)	91673-24-4
652 (15)	156609-10-8
652 (16)	1119449-37-4
652 (17)	1119449-38-5
653	RR-191413-2
653 (01)	104-40-5
653 (01)	29832-11-9
653 (02)	11066-49-2
653 (02)	27938-31-4
653 (03)	17404-66-9
653 (04)	1300-16-9
653 (04)	1323-65-5
653 (04)	136-83-4
653 (04)	139-84-4
653 (04)	25154-52-3
653 (04)	256459-00-4
653 (04)	27938-31-4
653 (04)	68081-86-7
653 (04)	87247-00-5
653 (04)	91672-41-2
653 (05)	26543-97-5
653 (06)	30784-30-6
653 (07)	52427-13-1
653 (08)	122961-18-6
653 (08)	186825-40-1
653 (08)	58865-77-3
653 (08)	84852-15-3
653 (08)	91000-35-0
653 (09)	90481-04-2
653 (09)	91672-41-2
653 (10)	142731-63-3
653 (11)	186825-36-5
653 (12)	186825-39-8
653 (13)	521947-27-3
654	120-12-7
654	1719-06-8
655	120-82-1
656	129-00-0
656	76165-23-6
657	191-24-2
658	206-44-0
658	93951-69-0
659	207-08-9
659	68756-79-6
660	307-55-1
661	355-46-4
661	RR-153716-2
661 (01)	355-46-4
661 (02)	3871-99-6
661 (03)	41184-65-0
661 (04)	41242-12-0
661 (05)	55120-77-9
661 (06)	68259-08-5
661 (07)	70136-72-0
661 (08)	70225-16-0
661 (09)	72033-41-1
661 (10)	82382-12-5
661 (11)	92011-17-1
661 (12)	108427-54-9
661 (13)	108427-55-0
661 (14)	144116-10-9
661 (15)	153443-35-7
661 (16)	189274-31-5
661 (17)	202189-84-2
661 (18)	213740-81-9
661 (19)	341035-71-0
661 (20)	341548-85-4
661 (21)	350836-93-0
661 (22)	421555-73-9
661 (23)	421555-74-0
661 (24)	425670-70-8
661 (25)	866621-50-3
661 (26)	910606-39-2
661 (27)	911027-68-4
661 (28)	911027-69-5
661 (29)	928049-42-7
661 (30)	1000597-52-3
661 (31)	1187817-57-7
661 (32)	1310480-24-0
661 (33)	1310480-27-3
661 (34)	1310480-28-4
661 (35)	1329995-45-0
661 (36)	1329995-69-8
661 (37)	1462414-59-0
662	376-06-7
663	540-97-6
664	541-02-6
665	104986-37-0
665	117563-66-3
665	1257661-59-8
665	556-67-2
665	83874-62-8
666	732-26-3
667	1024-57-3
667	24699-42-1
667	24717-72-4
667	28044-82-8
667	4067-30-5
667	66240-71-9
667	66429-35-4
668	RR-192415-8
668 (01)	1987-50-4
668 (02)	6465-71-0
668 (03)	6465-74-3
668 (04)	6863-24-7
668 (05)	30784-27-1
668 (06)	30784-31-7
668 (07)	30784-32-8
668 (08)	33104-11-9
668 (09)	37872-24-5
668 (10)	71945-81-8
668 (11)	103151-49-1
668 (11)	26997-02-4
668 (11)	5284-22-0
668 (11)	72624-02-3
668 (11)	RR-150586-8
668 (12)	72861-06-4
668 (13)	100532-36-3
668 (14)	102570-52-5
668 (15)	288864-02-8
668 (16)	854904-92-0
668 (17)	854904-93-1
668 (18)	857629-71-1
668 (19)	861010-65-3
668 (20)	861011-60-1
668 (21)	911370-98-4
668 (22)	911371-06-7
668 (23)	911371-07-8
668 (24)	1139800-98-8
668 (25)	1824346-00-0
669	110961-38-1
669	2058-94-8
670	11130-43-1
670	120026-27-9
670	1211504-20-9
670	12679-74-2
670	1336-60-3
670	141443-66-5
670	188612-22-8
670	38723-96-5
670	39283-49-3
670	39316-46-6
670	39320-65-5
670	39341-03-2
670	50643-03-3
670	50815-48-0
670	52628-05-4
670	53663-54-0
670	53858-66-5
670	54834-97-8
670	55068-75-2
670	55600-46-9
670	58056-95-4
670	59112-84-4
670	63172-50-9
670	71538-51-7
670	73904-96-8
670	77137-66-7
670	863727-84-8
670	881841-96-9
670	881842-18-8
670	9036-19-5
670	9081-83-8
670 (01)	2315-61-9
670 (02)	2315-67-5
670 (03)	2497-59-8
670 (04)	1017686-87-1
670 (04)	111287-03-7
670 (04)	125692-92-4
670 (04)	13463-07-5
670 (04)	172826-82-3
670 (04)	2003274-72-2
670 (04)	2055492-07-2
670 (04)	2091235-81-1
670 (04)	308104-64-5
670 (04)	38723-96-5
670 (04)	39409-11-5
670 (04)	66057-68-9
670 (04)	66057-69-0
670 (04)	66057-82-7
670 (04)	81398-86-9
670 (04)	9002-93-1
670 (04)	9010-42-8
670 (04)	9010-43-9
670 (04)	9077-65-0
670 (04)	935753-04-1
670 (05)	11130-43-1
670 (05)	120026-27-9
670 (05)	1211504-20-9
670 (05)	12679-74-2
670 (05)	1336-60-3
670 (05)	141443-66-5
670 (05)	188612-22-8
670 (05)	38723-96-5
670 (05)	39283-49-3
670 (05)	39316-46-6
670 (05)	39320-65-5
670 (05)	39341-03-2
670 (05)	50643-03-3
670 (05)	50815-48-0
670 (05)	52628-05-4
670 (05)	53663-54-0
670 (05)	53858-66-5
670 (05)	54834-97-8
670 (05)	55068-75-2
670 (05)	55600-46-9
670 (05)	58056-95-4
670 (05)	59112-84-4
670 (05)	63172-50-9
670 (05)	71538-51-7
670 (05)	73904-96-8
670 (05)	77137-66-7
670 (05)	863727-84-8
670 (05)	881841-96-9
670 (05)	881842-18-8
670 (05)	9036-19-5
670 (05)	9081-83-8
671	RR-165218-2
671 (01)	221229-36-3
671 (01)	3050-88-2
671 (02)	125935-91-3
671 (02)	1331-68-6
671 (02)	16784-72-8
671 (02)	221006-80-0
671 (02)	26523-78-4
671 (02)	88985-15-3
671 (03)	31631-13-7
671 (04)	106599-06-8
672	104817-17-6
672	131242-54-1
672	134512-21-3
672	189377-88-6
672	208761-49-3
672	29820-26-6
672	3135-21-5
672	3846-71-7
672	420135-91-7
672	474264-63-6
672	796971-92-1
673	102257-29-4
673	106085-69-2
673	114625-87-5
673	1399293-74-3
673	153613-74-2
673	188025-33-4
673	189456-66-4
673	3864-99-1
673	60712-40-5
673	796971-90-9
674	13966-28-4
674	14119-28-9
674	14119-29-0
674	14119-30-3
674	14255-04-0
674	14687-25-3
674	15067-28-4
674	15092-94-1
674	15752-86-0
674	15816-77-0
674	16645-99-1
674	16646-00-7
674	17239-87-1
674	27486-00-6
674	378253-10-2
674	378253-11-3
674	724427-66-1
674	7439-92-1
674	RR-145683-3
675	11114-14-0
675	1195618-74-6
675	13560-89-9
675	39386-10-2
675	40372-58-5
675	59459-11-9
675	60880-74-2
675 (01)	11114-14-0
675 (01)	1195618-74-6
675 (01)	13560-89-9
675 (01)	39386-10-2
675 (01)	40372-58-5
675 (01)	59459-11-9
675 (01)	60880-74-2
675 (02)	135821-03-3
675 (03)	135821-74-8
676	15087-24-8
676	36065-10-8
677	102257-30-7
677	104817-16-5
677	1244977-94-3
677	131242-53-0
677	134018-57-8
677	1391942-68-9
677	1449275-36-8
677	1492588-58-5
677	153613-73-1
677	186805-09-4
677	188025-36-7
677	189377-89-7
677	25973-55-1
677	3142-41-4
677	42558-99-6
677	51829-45-9
677	70419-42-0
677	796971-88-5
677	850346-35-9
677	855281-45-7
677	909728-30-9
677	98354-04-2
678	122245-62-9
678	142513-61-9
678	153613-76-4
678	188025-37-8
678	189456-67-5
678	36437-37-3
679	155421-40-2
679	39336-60-2
679	40487-42-1
679	64667-17-0
679	64719-41-1
680	406215-31-4
680	56773-42-3
680	83046-54-2
680	854620-32-9
681	58863-14-2
682	58863-15-3
683	58877-88-6
684	61788-32-7
685	205-99-2
685	65996-93-2
686	68953-84-4
687	70225-14-8
688	72629-94-8
689	85535-85-9
690	90640-80-5
691	90640-81-6
692	90640-82-7
693	91995-15-2
694	91995-17-4
695	93925-00-9
696	103426-96-6
697	103426-97-7
698	117933-89-8
698	RR-161119-4
698 (01)	117933-89-8
698 (02)	186309-28-4
698 (03)	343934-04-3
698 (04)	343934-05-4
698 (05)	676367-02-5
698 (06)	676367-03-6
698 (07)	676367-04-7
698 (08)	676367-05-8
698 (09)	676367-06-9
698 (10)	676367-07-0
698 (11)	676367-08-1
698 (12)	676367-09-2
699	251099-16-8
699	P-97-0790
