117-81-7	109630-52-6
117-81-7	117-81-7
117-81-7	126639-29-0
117-81-7	137718-37-7
117-81-7	205180-59-2
117-81-7	275818-89-8
117-81-7	40120-69-2
117-81-7	50885-87-5
117-81-7	607374-50-5
117-81-7	8033-53-2
117-81-7	82208-43-3
117-81-7	93951-87-2
18540-29-9	18540-29-9
7439-92-1	13966-28-4
7439-92-1	14119-28-9
7439-92-1	14119-29-0
7439-92-1	14119-30-3
7439-92-1	14255-04-0
7439-92-1	14687-25-3
7439-92-1	15067-28-4
7439-92-1	15092-94-1
7439-92-1	15752-86-0
7439-92-1	15816-77-0
7439-92-1	16645-99-1
7439-92-1	16646-00-7
7439-92-1	17239-87-1
7439-92-1	27486-00-6
7439-92-1	378253-10-2
7439-92-1	378253-11-3
7439-92-1	724427-66-1
7439-92-1	7439-92-1
7439-92-1	RR-145683-3
7439-97-6	123720-03-6
7439-97-6	13981-51-6
7439-97-6	13982-78-0
7439-97-6	149038-91-5
7439-97-6	15064-97-8
7439-97-6	15116-82-2
7439-97-6	15756-15-7
7439-97-6	378782-04-8
7439-97-6	378782-05-9
7439-97-6	378782-08-2
7439-97-6	378782-18-4
7439-97-6	51887-47-9
7439-97-6	7439-97-6
7439-97-6	8030-64-6
7439-97-6	8031-27-4
7439-97-6	92355-34-5
7439-97-6	92786-62-4
7439-97-6	UN2809
7440-43-9	14109-32-1
7440-43-9	14336-66-4
7440-43-9	14336-68-6
7440-43-9	14709-52-5
7440-43-9	15139-70-5
7440-43-9	30905-38-5
7440-43-9	378253-44-2
7440-43-9	378253-45-3
7440-43-9	378253-46-4
7440-43-9	7440-43-9
7440-43-9	RR-17718-4
84-69-5	84-69-5
84-74-2	84-74-2
84-74-2	93952-11-5
85-68-7	85-68-7
85-68-7	93951-88-3
90193-67-2	101-55-3
90193-67-2	103173-66-6
90193-67-2	113152-37-7
90193-67-2	113172-79-5
90193-67-2	115633-92-6
90193-67-2	1163-19-5
90193-67-2	116995-32-5
90193-67-2	116995-33-6
90193-67-2	117948-63-7
90193-67-2	117964-21-3
90193-67-2	1240017-47-3
90193-67-2	132405-96-0
90193-67-2	134206-43-2
90193-67-2	139598-16-6
90193-67-2	147217-71-8
90193-67-2	147217-72-9
90193-67-2	147217-73-0
90193-67-2	147217-74-1
90193-67-2	147217-75-2
90193-67-2	147217-76-3
90193-67-2	147217-77-4
90193-67-2	147217-78-5
90193-67-2	147217-79-6
90193-67-2	147217-80-9
90193-67-2	147217-81-0
90193-67-2	155999-95-4
90193-67-2	1620837-31-1
90193-67-2	1620837-33-3
90193-67-2	1620837-35-5
90193-67-2	1620837-37-7
90193-67-2	1620837-38-8
90193-67-2	171977-44-9
90193-67-2	182346-21-0
90193-67-2	182677-30-1
90193-67-2	189084-57-9
90193-67-2	189084-59-1
90193-67-2	189084-60-4
90193-67-2	189084-61-5
90193-67-2	189084-62-6
90193-67-2	189084-63-7
90193-67-2	189084-64-8
90193-67-2	189084-65-9
90193-67-2	189084-66-0
90193-67-2	189084-67-1
90193-67-2	2050-47-7
90193-67-2	207122-15-4
90193-67-2	207122-16-5
90193-67-2	218304-36-0
90193-67-2	243982-82-3
90193-67-2	31153-30-7
90193-67-2	32534-81-9
90193-67-2	32536-52-0
90193-67-2	327185-09-1
90193-67-2	337513-53-8
90193-67-2	337513-54-9
90193-67-2	337513-55-0
90193-67-2	337513-56-1
90193-67-2	337513-66-3
90193-67-2	337513-67-4
90193-67-2	337513-68-5
90193-67-2	337513-72-1
90193-67-2	337513-75-4
90193-67-2	337513-77-6
90193-67-2	337513-82-3
90193-67-2	35854-94-5
90193-67-2	36483-60-0
90193-67-2	36563-47-0
90193-67-2	366791-32-4
90193-67-2	40088-47-9
90193-67-2	407606-55-7
90193-67-2	407606-57-9
90193-67-2	41318-75-6
90193-67-2	437701-78-5
90193-67-2	437701-79-6
90193-67-2	446254-14-4
90193-67-2	446254-15-5
90193-67-2	446254-16-6
90193-67-2	446254-17-7
90193-67-2	446254-18-8
90193-67-2	446254-19-9
90193-67-2	446254-20-2
90193-67-2	446254-21-3
90193-67-2	446254-22-4
90193-67-2	446254-23-5
90193-67-2	446254-24-6
90193-67-2	446254-25-7
90193-67-2	446254-26-8
90193-67-2	446254-27-9
90193-67-2	446254-28-0
90193-67-2	446254-29-1
90193-67-2	446254-30-4
90193-67-2	446254-31-5
90193-67-2	446254-32-6
90193-67-2	446254-33-7
90193-67-2	446254-34-8
90193-67-2	446254-35-9
90193-67-2	446254-36-0
90193-67-2	446254-37-1
90193-67-2	446254-38-2
90193-67-2	446254-39-3
90193-67-2	446254-40-6
90193-67-2	446254-41-7
90193-67-2	446254-42-8
90193-67-2	446254-43-9
90193-67-2	446254-45-1
90193-67-2	446254-48-4
90193-67-2	446254-50-8
90193-67-2	446255-38-5
90193-67-2	446255-39-6
90193-67-2	446255-42-1
90193-67-2	446255-43-2
90193-67-2	446255-46-5
90193-67-2	446255-50-1
90193-67-2	446255-54-5
90193-67-2	446255-56-7
90193-67-2	46438-88-4
90193-67-2	49690-94-0
90193-67-2	51452-87-0
90193-67-2	51930-04-2
90193-67-2	53563-56-7
90193-67-2	5436-43-1
90193-67-2	56958-48-6
90193-67-2	60348-60-9
90193-67-2	63387-28-0
90193-67-2	63936-56-1
90193-67-2	65075-08-3
90193-67-2	67797-09-5
90193-67-2	68631-49-2
90193-67-2	6876-00-2
90193-67-2	68928-80-3
90193-67-2	6903-63-5
90193-67-2	7025-06-1
90193-67-2	82458-12-6
90193-67-2	83694-71-7
90193-67-2	85446-17-9
90193-67-2	90193-67-2
90193-67-2	93703-48-1
90193-67-2	RR-88853-9
90193-67-2	RR-88854-0
RR-00086-2	13029-09-9
RR-00086-2	13654-09-6
RR-00086-2	16400-50-3
RR-00086-2	16400-51-4
RR-00086-2	245657-57-2
RR-00086-2	27479-65-8
RR-00086-2	27753-52-2
RR-00086-2	27858-07-7
RR-00086-2	35194-78-6
RR-00086-2	36355-01-8
RR-00086-2	38421-62-4
RR-00086-2	475200-12-5
RR-00086-2	49602-90-6
RR-00086-2	49602-91-7
RR-00086-2	51202-79-0
RR-00086-2	53592-10-2
RR-00086-2	56307-79-0
RR-00086-2	57186-90-0
RR-00086-2	57422-77-2
RR-00086-2	59080-32-9
RR-00086-2	59080-33-0
RR-00086-2	59080-34-1
RR-00086-2	59080-35-2
RR-00086-2	59080-36-3
RR-00086-2	59080-37-4
RR-00086-2	59080-38-5
RR-00086-2	59080-39-6
RR-00086-2	59080-40-9
RR-00086-2	59536-65-1
RR-00086-2	59589-92-3
RR-00086-2	60044-24-8
RR-00086-2	60044-25-9
RR-00086-2	60108-72-7
RR-00086-2	64258-02-2
RR-00086-2	64258-03-3
RR-00086-2	66115-57-9
RR-00086-2	67774-32-7
RR-00086-2	67888-96-4
RR-00086-2	73141-48-7
RR-00086-2	74114-77-5
RR-00086-2	77102-82-0
RR-00086-2	77910-04-4
RR-00086-2	80274-92-6
RR-00086-2	81397-99-1
RR-00086-2	84303-45-7
RR-00086-2	855255-46-8
RR-00086-2	855255-51-5
RR-00086-2	855255-52-6
RR-00086-2	88700-05-4
RR-00086-2	915039-12-2
RR-00086-2	92-86-4
RR-00086-2	942505-32-0
RR-00086-2	942505-33-1
RR-00086-2	942505-34-2
RR-00086-2	942505-35-3
RR-00086-2	942505-36-4
RR-00086-2	945669-03-4
RR-00086-2	955955-53-0
RR-00086-2	96551-70-1
RR-00086-2	97038-95-4
RR-00086-2	97038-96-5
RR-00086-2	97038-97-6
RR-00086-2	97038-98-7
RR-00086-2	97063-75-7
RR-00086-2	RR-00086-2
RR-00086-2	RR-167525-8
