001	CMR//
002	CMR//
003	CMR//
004	CMR//
005	CMR//
006	CMR//
007	CMR//
008	STOT//
009	CMR//
010	CMR//
011	STOT//
012	CMR//
013	CMR//
014	CMR//
015	CMR//
016	CMR//
017	CMR//
018	CMR//
019	CMR//
020	CMR//
021	CMR//
022	CMR//
023	CMR//
024	CMR//
025	CMR//
026	CMR//
027	CMR//
028	CMR//
029	CMR//
030	CMR//
031	CMR//
032	STOT//
033	CMR//
034	STOT//
035	CMR//
036	CMR//
037	CMR//
038	CMR//
039	CMR//
040	CMR//
041	CMR//
042	CMR//
043	CMR//
044	CMR//
045	CMR//
046	EDCs//
047 (01)	CMR//
047 (02)	CMR//
047 (03)	CMR//
048	STOT//
049	STOT//
050	CMR//
051	CMR//
052	CMR//
053	STOT//
054 (01)	EU SVHC - respiratory sensitization//
054 (02)	EU SVHC - respiratory sensitization//
054 (03)	EU SVHC - respiratory sensitization//
055	CMR//
056	PBT//
057	CMR//
058	CMR//
059	CMR//
060	CMR//
061	CMR//
062	CMR//
063	CMR//
064	CMR//
065	CMR//
066	CMR//
067	CMR//
068	CMR//
069	CMR//
070	CMR//
071	CMR//
072	CMR//
073	CMR//
074	CMR//
075	CMR//
076	CMR//
077	CMR//
078	STOT//
079	CMR//
080	CMR//
081	CMR//
082	CMR//
083	CMR//
084 (01)	CMR//
084 (02)	CMR//
084 (03)	CMR//
085	CMR//
086	CMR//
087	EU SVHC - respiratory sensitization//
088	CMR//
089	CMR//
090	CMR//
091	CMR//
092	CMR//
093	CMR//
094	CMR//
095	CMR//
096	CMR//
097	CMR//
098	CMR//
099	STOT//
100	CMR//
101	CMR//
102	CMR//
103	CMR//
104	CMR//
105	CMR//
106	CMR//
107	EU SVHC - respiratory sensitization//
108	STOT//
109	CMR//
110	CMR//
111	CMR//
112	CMR//
113	EDCs//
114	STOT//
115	CMR//
116	CMR//
117	CMR//
118	CMR//
119	CMR//
120	CMR//
121	CMR//
122	CMR//
123	CMR//
124	CMR//
125	CMR//
126 (01)	CMR//
126 (02)	CMR//
127	PBT//
128	CMR//
129	CMR//
130	CMR//
131	CMR//
132	CMR//
133 (01)	CMR//
133 (02)	CMR//
133 (03)	CMR//
134	CMR//
135 (01)	CMR//
135 (02)	CMR//
135 (03)	CMR//
136	CMR//
137	CMR//
138	CMR//
139	CMR//
140	CMR//
141	CMR//
142	CMR//
143	CMR//
144	CMR//
145	CMR//
146	CMR//
147	CMR//
148	CMR//
149	CMR//
150	CMR//
151	EU SVHC - respiratory sensitization//
152	CMR//
153	CMR//
154	CMR//
155	CMR//
156	CMR//
157	CMR//
158	CMR//
159	CMR//
160	PBT//
161	CMR//
162	CMR//
163	CMR//
164	CMR//
165	CMR//
166	CMR//
167	CMR//
168	STOT//
169	CMR//
170	CMR//
171	CMR//
172	STOT//
173	STOT//
174	CMR//
175	CMR//
176	CMR//
177	CMR//
178	PBT//
179	CMR//
180	CMR//
181	CMR//
182	CMR//
183	CMR//
184	CMR//
185	CMR//
186	CMR//
187	CMR//
188	CMR//
189	CMR//
190	CMR//
191	CMR//
192	CMR//
193	CMR//
194	STOT//
194 (01)	STOT//
194 (02)	STOT//
194 (03)	STOT//
195 (01)	CMR//
195 (02)	CMR//
196	CMR//
197	CMR//
198	CMR//
199	CMR//
200	CMR//
201	CMR//
202	CMR//
203	CMR//
204	CMR//
205	CMR//
206	CMR//
207	CMR//
208	PBT//
209	CMR//
210	STOT//
211	STOT//
212	CMR//
213	CMR//
214	STOT//
215	CMR//
216	CMR//
217	STOT//
218	CMR//
219	CMR//
220	CMR//
221	CMR//
222	CMR//
223	CMR//
224	CMR//
225	STOT//
226	CMR//
227	CMR//
228	CMR//
229	PBT//
230	CMR//
231	STOT//
232	respiratory sensitization//
233	CMR//
234	STOT//
235	CMR//
236	CMR//
237	STOT//
238	vPvB//
239	CMR//
240	CMR//
241	CMR//
242	CMR//
243	CMR//
244	CMR//
245	CMR//
246	CMR//
247	CMR//
248	CMR//
249	CMR//
250	CMR//
251	CMR//
252	CMR//
253	STOT//
254	CMR//
255	CMR//
256	CMR//
257	CMR//
258	CMR//
259	CMR//
260	CMR//
261	CMR//
262	CMR//
263	CMR//
264	CMR//
265	CMR//
266	CMR//
267	CMR//
268	CMR//
269	CMR//
270	CMR//
271	CMR//
272	CMR//
273	CMR//
274	CMR//
275	CMR//
276	CMR//
277	CMR//
278	CMR//
279	CMR//
280	CMR//
281	CMR//
282	CMR//
283	CMR//
284	CMR//
285	CMR//
286	CMR//
287	CMR//
288	CMR//
289	CMR//
290	CMR//
291	CMR//
292	CMR//
293	CMR//
294	CMR//
295	CMR//
296	CMR//
297	CMR//
298	CMR//
299	CMR//
300	STOT//
301	CMR//
302	CMR//
303 (01)	CMR//
303 (02)	CMR//
304	CMR//
305	CMR//
306	CMR//
307	CMR//
308	CMR//
309	CMR//
310	CMR//
311	CMR//
312	CMR//
313	CMR//
314	CMR//
315	CMR//
316	CMR//
317	CMR//
318	CMR//
319	CMR//
320	CMR//
321	CMR//
322	CMR//
323	CMR//
324	CMR//
325 (01)	CMR//
325 (02)	CMR//
326	CMR//
327	CMR//
328	CMR//
329	CMR//
330	CMR//
331	CMR//
332	CMR//
333	CMR//
334	CMR//
335	CMR//
336	CMR//
337	CMR//
338	CMR//
339	CMR//
340	CMR//
341	CMR//
342	CMR//
343	CMR//
344	CMR//
345	CMR//
346	CMR//
347	CMR//
348	CMR//
349	CMR//
350	CMR//
351	CMR//
352	CMR//
353	CMR//
354	CMR//
355	CMR//
356	CMR//
357	CMR//
358	CMR//
359	CMR//
360	CMR//
361	CMR//
362	CMR//
363	CMR//
364	CMR//
365	CMR//
366	CMR//
367	CMR//
368	CMR//
369	CMR//
370	CMR//
371	CMR//
372	CMR//
373	CMR//
374	CMR//
375	CMR//
376	CMR//
377	CMR//
378	CMR//
379	CMR//
380	CMR//
381	CMR//
382	CMR//
383	CMR//
384	CMR//
385	CMR//
386	CMR//
387	CMR//
388	CMR//
389	CMR//
390	CMR//
391	CMR//
392	CMR//
393	CMR//
394	CMR//
395	CMR//
396	CMR//
397	CMR//
398	CMR//
399	CMR//
400	CMR//
401	CMR//
402	CMR//
403	CMR//
404	CMR//
405	CMR//
406	CMR//
407	CMR//
408	CMR//
409	CMR//
410	CMR//
411	CMR//
412	CMR//
413	CMR//
414	CMR//
415	CMR//
416	CMR//
417	CMR//
418	CMR//
419	CMR//
420	CMR//
421	CMR//
422	CMR//
423	CMR//
424	CMR//
425	CMR//
426	CMR//
427	CMR//
428	CMR//
429	CMR//
430	CMR//
431	CMR//
432	CMR//
433	CMR//
434	CMR//
435	CMR//
436	CMR//
437	CMR//
438	CMR//
439	CMR//
440	CMR//
441	CMR//
442	CMR//
443	CMR//
444	CMR//
445	CMR//
446	CMR//
447	CMR//
448	CMR//
449	CMR//
450	CMR//
451	CMR//
452	CMR//
453	CMR//
454	CMR//
455	CMR//
456	CMR//
457	CMR//
458	CMR//
459	CMR//
460	CMR//
461	CMR//
462	CMR//
463	CMR//
464	CMR//
465	CMR//
466	CMR//
467	CMR//
468	CMR//
469	CMR//
470	CMR//
471	CMR//
472	CMR//
473	CMR//
474	CMR//
475	CMR//
476	CMR//
477	CMR//
478	CMR//
479	CMR//
480	CMR//
481	CMR//
482	CMR//
483	CMR//
484	CMR//
485	CMR//
486	CMR//
487	CMR//
488	CMR//
489	CMR//
490	CMR//
491	CMR//
492	CMR//
493	CMR//
494 (01)	EU SVHC - respiratory sensitization//
494 (02)	EU SVHC - respiratory sensitization//
494 (03)	EU SVHC - respiratory sensitization//
494 (04)	EU SVHC - respiratory sensitization//
495 (01)	CMR//
495 (02)	CMR//
496	CMR//
497	CMR//
498	CMR//
499	CMR//
500	CMR//
501	STOT//
502	CMR//
503	CMR//
504	CMR//
505	STOT//
506	CMR//
507	CMR//
508	CMR//
509	STOT//
510	STOT//
511	CMR//
512	CMR//
513	CMR//
514	CMR//
515	vPvB//
516	CMR//
517	CMR//
518	CMR//
519	CMR//
520	CMR//
521	CMR//
522	PBT//
523	CMR//
524	CMR//
525	CMR//
526	CMR//
527	CMR//
528	CMR//
529	CMR//
530	CMR//
531	CMR//
532	CMR//
533	CMR//
534	CMR//
535	CMR//
536	CMR//
537	STOT//
538	CMR//
539	CMR//
540	vPvB//
541	CMR//
542	CMR//
543	CMR//
544	CMR//
545	CMR//
546	CMR//
547	CMR//
548	CMR//
549	CMR//
550	CMR//
551	CMR//
552	CMR//
553	CMR//
554	CMR//
555	CMR//
556	CMR//
557	CMR//
558	CMR//
559	CMR//
560	CMR//
561	CMR//
562	CMR//
563	CMR//
564	CMR//
565	CMR//
566	CMR//
567	CMR//
568	CMR//
569	CMR//
570	CMR//
571	CMR//
572	CMR//
573	CMR//
574	vPvB//
575	CMR//
576	CMR//
577	CMR//
578	CMR//
579	CMR//
580	CMR//
581	CMR//
582	CMR//
583	CMR//
584	CMR//
585	CMR//
586	CMR//
587	CMR//
588	CMR//
589	CMR//
590	CMR//
591	CMR//
592	vPvB//
592 (01)	vPvB//
592 (02)	vPvB//
593	CMR//
594	CMR//
595	CMR//
596	CMR//
597	CMR//
598	CMR//
599	CMR//
600	CMR//
601	CMR//
602	CMR//
603	CMR//
604	CMR//
605	CMR//
606	CMR//
607	CMR//
608	CMR//
609	vPvB//
610	CMR//
611	CMR//
612	CMR//
613	CMR//
614	CMR//
615	CMR//
616	CMR//
617	STOT//
618	CMR//
619	CMR//
620	CMR//
621	CMR//
622	CMR//
623	CMR//
624	CMR//
625	CMR//
626	CMR//
627	CMR//
628	CMR//
629	CMR//
630	CMR//
631	CMR//
632	CMR//
633	CMR//
634	CMR//
635	CMR//
636	CMR//
637	CMR//
638	CMR//
639	STOT//
640	CMR//
641	CMR//
642	vPvB//
643	STOT//
644	STOT//
645	CMR//
646	vPvB//
647	PBT//
648	CMR//
649	PBT//
650	EDCs//
651	EDCs//
652	EDCs//
652 (01)	EDCs//
652 (02)	EDCs//
652 (03)	EDCs//
652 (04)	EDCs//
652 (05)	EDCs//
652 (06)	EDCs//
652 (07)	EDCs//
652 (08)	EDCs//
652 (09)	EDCs//
652 (10)	EDCs//
652 (11)	EDCs//
652 (12)	EDCs//
652 (13)	EDCs//
652 (14)	EDCs//
652 (15)	EDCs//
652 (16)	EDCs//
652 (17)	EDCs//
653	EDCs//
653 (01)	EDCs//
653 (02)	EDCs//
653 (03)	EDCs//
653 (04)	EDCs//
653 (05)	EDCs//
653 (06)	EDCs//
653 (07)	EDCs//
653 (08)	EDCs//
653 (09)	EDCs//
653 (10)	EDCs//
653 (11)	EDCs//
653 (12)	EDCs//
653 (13)	EDCs//
654	PBT//
655	PBT//
656	PBT//
657	PBT//
658	PBT//
659	CMR//
660	vPvB//
661	vPvB//
661 (01)	vPvB//
661 (02)	vPvB//
661 (03)	vPvB//
661 (04)	vPvB//
661 (05)	vPvB//
661 (06)	vPvB//
661 (07)	vPvB//
661 (08)	vPvB//
661 (09)	vPvB//
661 (10)	vPvB//
661 (11)	vPvB//
661 (12)	vPvB//
661 (13)	vPvB//
661 (14)	vPvB//
661 (15)	vPvB//
661 (16)	vPvB//
661 (17)	vPvB//
661 (18)	vPvB//
661 (19)	vPvB//
661 (20)	vPvB//
661 (21)	vPvB//
661 (22)	vPvB//
661 (23)	vPvB//
661 (24)	vPvB//
661 (25)	vPvB//
661 (26)	vPvB//
661 (27)	vPvB//
661 (28)	vPvB//
661 (29)	vPvB//
661 (30)	vPvB//
661 (31)	vPvB//
661 (32)	vPvB//
661 (33)	vPvB//
661 (34)	vPvB//
661 (35)	vPvB//
661 (36)	vPvB//
661 (37)	vPvB//
662	vPvB//
663	PBT//
664	PBT//
665	PBT//
666	PBT//
667	PBT//
668	EDCs//
668 (01)	EDCs//
668 (02)	EDCs//
668 (03)	EDCs//
668 (04)	EDCs//
668 (05)	EDCs//
668 (06)	EDCs//
668 (07)	EDCs//
668 (08)	EDCs//
668 (09)	EDCs//
668 (10)	EDCs//
668 (11)	EDCs//
668 (12)	EDCs//
668 (13)	EDCs//
668 (14)	EDCs//
668 (15)	EDCs//
668 (16)	EDCs//
668 (17)	EDCs//
668 (18)	EDCs//
668 (19)	EDCs//
668 (20)	EDCs//
668 (21)	EDCs//
668 (22)	EDCs//
668 (23)	EDCs//
668 (24)	EDCs//
668 (25)	EDCs//
669	vPvB//
670	EDCs//
670 (01)	EDCs//
670 (02)	EDCs//
670 (03)	EDCs//
670 (04)	EDCs//
670 (05)	EDCs//
671	EDCs//
671 (01)	EDCs//
671 (02)	EDCs//
671 (03)	EDCs//
671 (04)	EDCs//
672	PBT//
673	vPvB//
674	CMR//
675	vPvB//
675 (01)	vPvB//
675 (02)	vPvB//
675 (03)	vPvB//
676	EDCs//
677	PBT//
678	vPvB//
679	PBT//
680	PBT//
681	vPvB//
682	vPvB//
683	vPvB//
684	vPvB//
685	CMR//
686	CMR//
687	CMR//
688	vPvB//
689	PBT//
690	CMR//
691	CMR//
692	CMR//
693	CMR//
694	CMR//
695	EDCs//
696	vPvB//
697	vPvB//
698	vPvB//
698 (01)	vPvB//
698 (02)	vPvB//
698 (03)	vPvB//
698 (04)	vPvB//
698 (05)	vPvB//
698 (06)	vPvB//
698 (07)	vPvB//
698 (08)	vPvB//
698 (09)	vPvB//
698 (10)	vPvB//
698 (11)	vPvB//
698 (12)	vPvB//
699	PBT//
