1,2,3-cd	Carcinogens
100-00-5	Carcinogens
100-17-4	Carcinogens
100-25-4	Reproductive toxicity male
100-40-3	Carcinogens
100-40-3	Reproductive toxicity female
100-41-4	Carcinogens
100-42-5	Carcinogens
100-44-7	Carcinogens
100-63-0	Carcinogens
100-75-4	Carcinogens
10024-97-2	Developmental toxicity
10024-97-2	Reproductive toxicity female
10026-24-1	Carcinogens
10034-93-2	Carcinogens
10043-66-0	Developmental toxicity
10048-13-2	Carcinogens
1007-28-9	Developmental toxicity
1007-28-9	Reproductive toxicity female
101-14-4	Carcinogens
101-61-1	Carcinogens
101-77-9	Carcinogens
101-80-4	Carcinogens
101-90-6	Carcinogens
10124-43-3	Carcinogens
1024-57-3	Carcinogens
103-11-7	Carcinogens
103-33-3	Carcinogens
10418-03-8	Carcinogens
10453-86-8	Carcinogens
10453-86-8	Developmental toxicity
10540-29-1	Carcinogens
105650-23-5	Carcinogens
105735-71-5	Carcinogens
10595-95-6	Carcinogens
106-46-7	Carcinogens
106-47-8	Carcinogens
106-87-6	Carcinogens
106-87-6	Reproductive toxicity female
106-89-8	Carcinogens
106-89-8	Reproductive toxicity male
106-91-2	Carcinogens
106-93-4	Carcinogens
106-93-4	Developmental toxicity
106-93-4	Reproductive toxicity male
106-94-5	Carcinogens
106-94-5	Developmental toxicity
106-94-5	Reproductive toxicity female
106-94-5	Reproductive toxicity male
106-99-0	Carcinogens
106-99-0	Developmental toxicity
106-99-0	Reproductive toxicity female
106-99-0	Reproductive toxicity male
107-06-2	Carcinogens
107-13-1	Carcinogens
107-21-1	Developmental toxicity
107-30-2	Carcinogens
1071-83-6	Carcinogens
107910-75-8	Developmental toxicity
107910-75-8	Reproductive toxicity male
108-05-4	Carcinogens
108-10-1	Carcinogens
108-10-1	Developmental toxicity
108-60-1	Carcinogens
108-88-3	Developmental toxicity
108171-26-2	Carcinogens
109-70-6	Carcinogens
109-86-4	Developmental toxicity
109-86-4	Reproductive toxicity male
109-99-9	Carcinogens
110-00-9	Carcinogens
110-13-4	Reproductive toxicity male
110-49-6	Developmental toxicity
110-49-6	Reproductive toxicity male
110-54-3	Reproductive toxicity male
110-80-5	Developmental toxicity
110-80-5	Reproductive toxicity male
110-86-1	Carcinogens
110235-47-7	Carcinogens
111-15-9	Developmental toxicity
111-15-9	Reproductive toxicity male
111-42-2	Carcinogens
111-44-4	Carcinogens
111025-46-8	Carcinogens
111406-87-2	Carcinogens
111406-87-2	Developmental toxicity
111406-87-2	Reproductive toxicity female
1116-54-7	Carcinogens
1120-71-4	Carcinogens
1134-23-2	Developmental toxicity
113803-47-7	Carcinogens
113852-37-2	Carcinogens
113852-37-2	Developmental toxicity
113852-37-2	Reproductive toxicity female
113852-37-2	Reproductive toxicity male
114-26-1	Carcinogens
114466-38-5	Developmental toxicity
115-02-6	Carcinogens
115-28-6	Carcinogens
115-67-3	Developmental toxicity
115-96-8	Carcinogens
116-14-3	Carcinogens
116355-83-0	Carcinogens
117-10-2	Carcinogens
117-37-3	Developmental toxicity
117-79-3	Carcinogens
117-81-7	Carcinogens
117-81-7	Developmental toxicity
117-81-7	Reproductive toxicity male
1172-18-5	Developmental toxicity
118-74-1	Carcinogens
118-74-1	Developmental toxicity
118-96-7	Carcinogens
119-34-6	Carcinogens
119-61-9	Carcinogens
119-90-4	Carcinogens
119-93-7	Carcinogens
120-12-7	Carcinogens
120-71-8	Carcinogens
120-80-9	Carcinogens
120-97-8	Developmental toxicity
12035-72-2	Carcinogens
12054-48-7	Carcinogens
121-14-2	Carcinogens
121-14-2	Reproductive toxicity male
121-75-5	Carcinogens
121181-53-1	Developmental toxicity
12125-56-3	Carcinogens
12126-59-9	Carcinogens
12126-59-9	Developmental toxicity
12174-11-7	Carcinogens
121776-33-8	Carcinogens
122-34-9	Developmental toxicity
122-34-9	Reproductive toxicity female
122-60-1	Carcinogens
122-66-7	Carcinogens
123-35-3	Carcinogens
123-91-1	Carcinogens
123312-89-0	Carcinogens
12427-38-2	Carcinogens
125-02-0	Developmental toxicity
125-33-7	Carcinogens
125-84-8	Developmental toxicity
12510-42-8	Carcinogens
126-07-8	Carcinogens
126-72-7	Carcinogens
126-85-2	Carcinogens
126-99-8	Carcinogens
127-07-1	Developmental toxicity
127-18-4	Carcinogens
127-19-5	Carcinogens
127-19-5	Developmental toxicity
127-19-5	Reproductive toxicity male
127-48-0	Developmental toxicity
1271-28-9	Carcinogens
128-03-0	Developmental toxicity
128-04-1	Developmental toxicity
129-15-7	Carcinogens
129-43-1	Carcinogens
129-73-7	Carcinogens
13010-47-4	Carcinogens
13010-47-4	Developmental toxicity
1303-00-0	Carcinogens
1307-96-6	Carcinogens
1309-64-4	Carcinogens
13121-70-5	Developmental toxicity
1313-27-5	Carcinogens
1313-99-1	Carcinogens
1314-20-1	Carcinogens
1314-62-1	Carcinogens
13194-48-4	Carcinogens
132-27-4	Carcinogens
13256-07-0	Carcinogens
13256-22-9	Carcinogens
13292-46-1	Developmental toxicity
13292-46-1	Reproductive toxicity female
133-06-2	Carcinogens
133-07-3	Carcinogens
13311-84-7	Developmental toxicity
1332-21-4	Carcinogens
1333-86-4	Carcinogens
1335-32-6	Carcinogens
1336-36-3	Carcinogens
1336-36-3	Developmental toxicity
134-29-2	Carcinogens
134-32-7	Carcinogens
13463-39-3	Carcinogens
13463-39-3	Developmental toxicity
13463-67-7	Carcinogens
135-20-6	Carcinogens
135319-73-2	Carcinogens
13552-44-8	Carcinogens
136-35-6	Carcinogens
136-40-3	Carcinogens
136-45-8	Carcinogens
13614-98-7	Developmental toxicity
13647-35-3	Developmental toxicity
136677-09-3	Carcinogens
136677-10-6	Carcinogens
13674-87-8	Carcinogens
137-17-7	Carcinogens
137-41-7	Carcinogens
137-42-8	Carcinogens
137-42-8	Developmental toxicity
138-93-2	Developmental toxicity
139-13-9	Carcinogens
139-40-2	Developmental toxicity
139-40-2	Reproductive toxicity female
139-65-1	Carcinogens
139-91-3	Carcinogens
13909-09-6	Carcinogens
140-57-8	Carcinogens
140-67-0	Carcinogens
140-88-5	Carcinogens
1402-68-2	Carcinogens
140207-93-8	Carcinogens
14028-44-5	Developmental toxicity
14047-09-7	Carcinogens
1405-10-3	Developmental toxicity
140923-17-7	Carcinogens
140923-25-7	Carcinogens
141-90-2	Carcinogens
14103-61-8	Carcinogens
141112-29-0	Carcinogens
142-04-1	Carcinogens
142-59-6	Developmental toxicity
143-50-0	Carcinogens
143-50-0	Developmental toxicity
143-67-9	Developmental toxicity
143-81-7	Developmental toxicity
143390-89-0	Carcinogens
1456-28-6	Carcinogens
1464-53-5	Carcinogens
147-94-4	Developmental toxicity
148-82-3	Carcinogens
148-82-3	Developmental toxicity
148477-71-8	Carcinogens
149-30-4	Carcinogens
14901-08-7	Carcinogens
151-56-4	Carcinogens
151-67-7	Developmental toxicity
153-78-6	Carcinogens
154-42-7	Developmental toxicity
154-93-8	Carcinogens
154-93-8	Developmental toxicity
154229-18-2	Developmental toxicity
154229-18-2	Reproductive toxicity female
154229-18-2	Reproductive toxicity male
15475-56-6	Developmental toxicity
15541-45-4	Carcinogens
156-10-5	Carcinogens
15625-89-5	Carcinogens
15663-27-1	Carcinogens
1596-84-5	Carcinogens
15972-60-8	Carcinogens
16071-86-6	Carcinogens
1615-80-1	Carcinogens
1620-21-9	Developmental toxicity
16338-99-1	Carcinogens
16543-55-8	Carcinogens
16568-02-8	Carcinogens
1689-84-5	Developmental toxicity
1689-99-2	Developmental toxicity
1694-09-3	Carcinogens
17086-28-1	Developmental toxicity
17230-88-5	Developmental toxicity
1746-01-6	Carcinogens
1746-01-6	Developmental toxicity
1763-23-1	Carcinogens
1763-23-1	Developmental toxicity
177406-68-7	Carcinogens
17804-35-2	Developmental toxicity
17804-35-2	Reproductive toxicity male
1836-75-5	Carcinogens
18378-89-7	Developmental toxicity
18662-53-8	Carcinogens
18883-66-4	Carcinogens
18883-66-4	Developmental toxicity
18883-66-4	Reproductive toxicity female
18883-66-4	Reproductive toxicity male
189-55-9	Carcinogens
189-64-0	Carcinogens
1897-45-6	Carcinogens
19044-88-3	Carcinogens
191-30-0	Carcinogens
1912-24-9	Developmental toxicity
1912-24-9	Reproductive toxicity female
1918-16-7	Carcinogens
192-65-4	Carcinogens
1929-82-4	Carcinogens
1929-82-4	Developmental toxicity
193-39-5	Carcinogens
1937-37-7	Carcinogens
194-59-2	Carcinogens
19666-30-9	Carcinogens
19666-30-9	Developmental toxicity
1972-08-3	Developmental toxicity
19774-82-4	Developmental toxicity
19774-82-4	Reproductive toxicity female
19774-82-4	Reproductive toxicity male
20265-96-7	Carcinogens
20325-40-0	Carcinogens
20354-26-1	Developmental toxicity
205-82-3	Carcinogens
205-99-2	Carcinogens
20548-62-3	Carcinogens
2058-46-0	Developmental toxicity
2062-78-4	Developmental toxicity
2062-78-4	Reproductive toxicity female
2068-78-2	Developmental toxicity
207-08-9	Carcinogens
20830-81-3	Carcinogens
2092-56-0	Carcinogens
215-58-7	Carcinogens
2155-70-6	Developmental toxicity
216974-75-3	Developmental toxicity
216974-75-3	Reproductive toxicity female
21725-46-2	Developmental toxicity
21739-91-3	Carcinogens
218-01-9	Carcinogens
21829-25-4	Developmental toxicity
21829-25-4	Reproductive toxicity female
21829-25-4	Reproductive toxicity male
220810-26-4	Developmental toxicity
2212-67-1	Developmental toxicity
2212-67-1	Reproductive toxicity female
2212-67-1	Reproductive toxicity male
22248-79-9	Carcinogens
22398-80-7	Carcinogens
224-41-9	Carcinogens
224-42-0	Carcinogens
22494-42-4	Developmental toxicity
22494-42-4	Reproductive toxicity female
22506-53-2	Carcinogens
226-36-8	Carcinogens
22967-92-6	Developmental toxicity
23092-17-3	Developmental toxicity
23103-98-2	Carcinogens
2312-35-8	Carcinogens
2312-35-8	Developmental toxicity
23246-96-0	Carcinogens
23541-50-6	Developmental toxicity
23564-05-8	Reproductive toxicity female
23564-05-8	Reproductive toxicity male
2385-85-5	Carcinogens
23950-58-5	Carcinogens
2425-06-1	Carcinogens
2426-08-6	Carcinogens
2429-74-5	Carcinogens
24382-04-5	Carcinogens
2439-01-2	Carcinogens
2439-01-2	Developmental toxicity
24390-14-5	Developmental toxicity
2475-45-8	Carcinogens
25013-16-5	Carcinogens
25122-46-7	Developmental toxicity
25122-46-7	Reproductive toxicity female
25316-40-9	Carcinogens
25316-40-9	Developmental toxicity
25316-40-9	Reproductive toxicity male
25321-14-6	Reproductive toxicity female
25321-14-6	Reproductive toxicity male
25812-30-0	Carcinogens
25812-30-0	Reproductive toxicity female
25812-30-0	Reproductive toxicity male
2593-15-9	Carcinogens
2602-46-2	Carcinogens
26148-68-5	Carcinogens
2646-17-5	Carcinogens
26471-62-5	Carcinogens
26644-46-2	Developmental toxicity
26761-40-0	Developmental toxicity
271-89-6	Carcinogens
27208-37-3	Carcinogens
2784-94-3	Carcinogens
2832-40-8	Carcinogens
28407-37-6	Carcinogens
28434-86-8	Carcinogens
28538-70-7	Carcinogens
28553-12-0	Carcinogens
28911-01-5	Developmental toxicity
28981-97-7	Developmental toxicity
29122-68-7	Developmental toxicity
2921-88-2	Developmental toxicity
2973-10-6	Carcinogens
29767-20-2	Developmental toxicity
298-46-4	Developmental toxicity
298-81-7	Carcinogens
299-75-2	Carcinogens
301-04-2	Carcinogens
301-12-2	Reproductive toxicity female
301-12-2	Reproductive toxicity male
302-01-2	Carcinogens
302-17-0	Carcinogens
302-70-5	Carcinogens
302-79-4	Developmental toxicity
303-34-4	Carcinogens
303-47-9	Carcinogens
305-03-3	Carcinogens
305-03-3	Developmental toxicity
30516-87-1	Carcinogens
3068-88-0	Carcinogens
309-00-2	Carcinogens
309-43-3	Developmental toxicity
31431-39-7	Developmental toxicity
315-22-0	Carcinogens
315-37-7	Developmental toxicity
320-67-2	Carcinogens
3252-43-5	Carcinogens
32534-81-9	Carcinogens
32809-16-8	Carcinogens
3296-90-0	Carcinogens
330-54-1	Carcinogens
330-55-2	Developmental toxicity
33069-62-4	Developmental toxicity
33069-62-4	Reproductive toxicity female
33069-62-4	Reproductive toxicity male
33089-61-1	Developmental toxicity
331-39-5	Carcinogens
33286-22-5	Developmental toxicity
3333-67-3	Carcinogens
33419-42-0	Carcinogens
33419-42-0	Developmental toxicity
335-67-1	Carcinogens
335-67-1	Developmental toxicity
3385-03-3	Developmental toxicity
3385-03-3	Reproductive toxicity female
3397-62-4	Developmental toxicity
3397-62-4	Reproductive toxicity female
34031-32-8	Developmental toxicity
34256-82-1	Carcinogens
34423-54-6	Carcinogens
34465-46-8	Carcinogens
34494-03-6	Carcinogens
3468-63-1	Carcinogens
3546-10-9	Carcinogens
35554-44-0	Carcinogens
3564-09-8	Carcinogens
3570-75-0	Carcinogens
364-98-7	Developmental toxicity
366-70-1	Carcinogens
366-70-1	Developmental toxicity
36734-19-7	Carcinogens
36735-22-5	Developmental toxicity
36791-04-5	Developmental toxicity
36791-04-5	Reproductive toxicity male
3688-53-7	Carcinogens
3697-24-3	Carcinogens
373-02-4	Carcinogens
37319-17-8	Carcinogens
375-95-1	Reproductive toxicity male
3761-53-3	Carcinogens
3771-19-5	Carcinogens
3778-73-2	Developmental toxicity
379-79-3	Developmental toxicity
380610-27-5	Developmental toxicity
3810-74-0	Developmental toxicity
38194-50-2	Developmental toxicity
38194-50-2	Reproductive toxicity female
38260-01-4	Developmental toxicity
38641-94-0	Carcinogens
389-08-2	Carcinogens
39156-41-7	Carcinogens
39300-45-3	Developmental toxicity
396-01-0	Carcinogens
3963-95-9	Developmental toxicity
39831-55-5	Developmental toxicity
40465-66-5	Carcinogens
409-21-2	Carcinogens
41340-25-4	Developmental toxicity
41340-25-4	Reproductive toxicity female
414-29-9	Carcinogens
41575-94-4	Developmental toxicity
42397-64-8	Carcinogens
42397-65-9	Carcinogens
4291-63-8	Developmental toxicity
43121-43-3	Developmental toxicity
43121-43-3	Reproductive toxicity female
43121-43-3	Reproductive toxicity male
434-07-1	Carcinogens
434-07-1	Developmental toxicity
4342-03-4	Carcinogens
4342-03-4	Developmental toxicity
435-97-2	Developmental toxicity
438-41-5	Developmental toxicity
439-14-5	Developmental toxicity
443-48-1	Carcinogens
446-86-6	Carcinogens
446-86-6	Developmental toxicity
4549-40-0	Carcinogens
474-25-9	Developmental toxicity
4759-48-2	Developmental toxicity
484-20-8	Carcinogens
492-80-8	Carcinogens
494-03-1	Carcinogens
49842-07-1	Developmental toxicity
50-00-0	Carcinogens
50-06-6	Carcinogens
50-07-7	Carcinogens
50-18-0	Carcinogens
50-18-0	Developmental toxicity
50-18-0	Reproductive toxicity female
50-18-0	Reproductive toxicity male
50-28-2	Carcinogens
50-29-3	Carcinogens
50-29-3	Developmental toxicity
50-29-3	Reproductive toxicity female
50-29-3	Reproductive toxicity male
50-32-8	Carcinogens
50-35-1	Developmental toxicity
50-36-2	Developmental toxicity
50-36-2	Reproductive toxicity female
50-41-9	Carcinogens
50-41-9	Developmental toxicity
50-55-5	Carcinogens
50-76-0	Carcinogens
50-76-0	Developmental toxicity
50-78-2	Developmental toxicity
50-78-2	Reproductive toxicity female
50471-44-8	Carcinogens
50471-44-8	Developmental toxicity
505-60-2	Carcinogens
509-14-8	Carcinogens
50926-11-9	Carcinogens
51-21-8	Developmental toxicity
51-52-5	Carcinogens
51-52-5	Developmental toxicity
51-75-2	Carcinogens
51-75-2	Developmental toxicity
51-79-6	Carcinogens
51-79-6	Developmental toxicity
51-98-9	Developmental toxicity
510-15-6	Carcinogens
5104-49-4	Developmental toxicity
5104-49-4	Reproductive toxicity female
512-56-1	Carcinogens
51264-14-3	Carcinogens
513-37-1	Carcinogens
51338-27-3	Carcinogens
51338-27-3	Developmental toxicity
5160-02-1	Carcinogens
52-01-7	Carcinogens
52-24-4	Carcinogens
52-28-8	Developmental toxicity
52-67-5	Developmental toxicity
52-76-6	Carcinogens
52-86-8	Developmental toxicity
52-86-8	Reproductive toxicity female
5216-25-1	Carcinogens
52232-67-4	Carcinogens
528-29-0	Reproductive toxicity male
53-16-7	Carcinogens
53-70-3	Carcinogens
53-96-3	Carcinogens
531-76-0	Carcinogens
531-82-8	Carcinogens
53404-19-6	Developmental toxicity
53404-19-6	Reproductive toxicity male
536-33-4	Developmental toxicity
53910-25-1	Developmental toxicity
53973-98-1	Carcinogens
54-11-5	Developmental toxicity
54-62-6	Developmental toxicity
54-62-6	Reproductive toxicity female
54-91-1	Developmental toxicity
540-73-8	Carcinogens
5411-22-3	Developmental toxicity
542-56-3	Carcinogens
542-75-6	Carcinogens
542-88-1	Carcinogens
54350-48-0	Developmental toxicity
546-88-3	Developmental toxicity
54749-90-5	Carcinogens
548-62-9	Carcinogens
54965-24-1	Developmental toxicity
55-18-5	Carcinogens
55-86-7	Carcinogens
55-86-7	Developmental toxicity
55-98-1	Carcinogens
55-98-1	Developmental toxicity
55090-44-3	Carcinogens
5522-43-0	Carcinogens
5534-09-8	Developmental toxicity
554-13-2	Developmental toxicity
555-84-0	Carcinogens
556-52-5	Carcinogens
55738-54-0	Carcinogens
5589-96-8	Carcinogens
56-04-2	Carcinogens
56-23-5	Carcinogens
56-38-2	Carcinogens
56-49-5	Carcinogens
56-53-1	Carcinogens
56-53-1	Developmental toxicity
56-55-3	Carcinogens
563-47-3	Carcinogens
56391-57-2	Developmental toxicity
564-25-0	Developmental toxicity
569-57-3	Carcinogens
569-61-9	Carcinogens
57-14-7	Carcinogens
57-33-0	Developmental toxicity
57-41-0	Carcinogens
57-41-0	Developmental toxicity
57-53-4	Developmental toxicity
57-57-8	Carcinogens
57-63-6	Carcinogens
57-63-6	Developmental toxicity
57-74-9	Carcinogens
57-83-0	Carcinogens
57-97-6	Carcinogens
57018-52-7	Carcinogens
57109-90-7	Developmental toxicity
57835-92-4	Carcinogens
57852-57-0	Developmental toxicity
57852-57-0	Reproductive toxicity male
58-14-0	Developmental toxicity
58-18-4	Developmental toxicity
58-20-8	Developmental toxicity
58-22-0	Carcinogens
58-25-3	Developmental toxicity
58-89-9	Carcinogens
59-05-2	Developmental toxicity
59-66-5	Developmental toxicity
59-87-0	Carcinogens
59-89-2	Carcinogens
59-92-7	Developmental toxicity
59-96-1	Carcinogens
590-96-5	Carcinogens
5902-51-2	Developmental toxicity
591-78-6	Developmental toxicity
591-78-6	Reproductive toxicity male
59122-46-2	Developmental toxicity
592-62-1	Carcinogens
593-60-2	Carcinogens
59467-96-8	Developmental toxicity
595-33-5	Carcinogens
595-33-5	Developmental toxicity
59669-26-0	Carcinogens
598-55-0	Carcinogens
598-78-7	Reproductive toxicity male
59865-13-3	Carcinogens
599-79-1	Carcinogens
599-79-1	Reproductive toxicity male
60-09-3	Carcinogens
60-11-7	Carcinogens
60-34-4	Carcinogens
60-35-5	Carcinogens
60-54-8	Developmental toxicity
60-56-0	Developmental toxicity
60-57-1	Carcinogens
60153-49-3	Carcinogens
602-87-9	Carcinogens
60391-92-6	Carcinogens
604-75-1	Carcinogens
604-75-1	Developmental toxicity
6055-19-2	Carcinogens
6055-19-2	Developmental toxicity
6055-19-2	Reproductive toxicity female
6055-19-2	Reproductive toxicity male
60568-05-0	Carcinogens
606-20-2	Carcinogens
606-20-2	Reproductive toxicity male
607-57-8	Carcinogens
608-73-1	Carcinogens
61-57-4	Carcinogens
61-82-5	Carcinogens
6109-97-3	Carcinogens
611-06-3	Carcinogens
6112-76-1	Developmental toxicity
612-82-8	Carcinogens
612-83-9	Carcinogens
613-35-4	Carcinogens
615-05-4	Carcinogens
615-53-2	Carcinogens
6164-98-3	Carcinogens
6190-39-2	Developmental toxicity
6190-65-4	Developmental toxicity
6190-65-4	Reproductive toxicity female
62-44-2	Carcinogens
62-50-0	Carcinogens
62-53-3	Carcinogens
62-55-5	Carcinogens
62-56-6	Carcinogens
62-73-7	Carcinogens
62-74-8	Reproductive toxicity male
62-75-9	Carcinogens
621-64-7	Carcinogens
624-83-9	Developmental toxicity
624-83-9	Reproductive toxicity female
62450-06-0	Carcinogens
62450-07-1	Carcinogens
62476-59-9	Carcinogens
63-05-8	Carcinogens
63-25-2	Carcinogens
63-25-2	Developmental toxicity
63-25-2	Reproductive toxicity female
63-25-2	Reproductive toxicity male
63-92-3	Carcinogens
63-98-9	Developmental toxicity
630-08-0	Developmental toxicity
630-20-6	Carcinogens
630-93-3	Carcinogens
631-64-1	Carcinogens
6358-53-8	Carcinogens
636-21-5	Carcinogens
637-07-0	Carcinogens
638-21-1	Reproductive toxicity male
64-67-5	Carcinogens
64-73-3	Developmental toxicity
64-75-5	Developmental toxicity
64-86-8	Developmental toxicity
64-86-8	Reproductive toxicity male
64091-91-4	Carcinogens
645-05-6	Developmental toxicity
645-05-6	Reproductive toxicity male
6459-94-5	Carcinogens
6533-00-2	Developmental toxicity
65807-02-5	Developmental toxicity
65807-02-5	Reproductive toxicity female
65807-02-5	Reproductive toxicity male
65996-93-2	Carcinogens
66-27-3	Carcinogens
66-75-1	Carcinogens
66-75-1	Developmental toxicity
66-75-1	Reproductive toxicity female
66-75-1	Reproductive toxicity male
66-76-2	Developmental toxicity
66-81-9	Developmental toxicity
66085-59-4	Developmental toxicity
66441-23-4	Developmental toxicity
665-66-7	Developmental toxicity
66733-21-9	Carcinogens
66852-54-8	Developmental toxicity
67-20-9	Reproductive toxicity male
67-45-8	Carcinogens
67-56-1	Developmental toxicity
67-66-3	Carcinogens
67-66-3	Developmental toxicity
67-72-1	Carcinogens
671-16-9	Carcinogens
67485-29-4	Developmental toxicity
67485-29-4	Reproductive toxicity male
67730-10-3	Carcinogens
67730-11-4	Carcinogens
68-12-2	Carcinogens
68-22-4	Carcinogens
68-22-4	Developmental toxicity
68-23-5	Carcinogens
68-26-8	Developmental toxicity
680-31-9	Carcinogens
680-31-9	Reproductive toxicity male
68006-83-7	Carcinogens
68107-26-6	Carcinogens
6814-58-0	Carcinogens
68308-34-9	Carcinogens
684-16-2	Developmental toxicity
684-16-2	Reproductive toxicity male
684-93-5	Carcinogens
68515-48-0	Carcinogens
68515-49-1	Developmental toxicity
68603-42-9	Carcinogens
69254-40-6	Carcinogens
693-98-1	Carcinogens
69409-94-5	Developmental toxicity
69806-50-4	Developmental toxicity
70-25-7	Carcinogens
70476-82-3	Carcinogens
70476-82-3	Developmental toxicity
7068-83-9	Carcinogens
71-43-2	Carcinogens
71-43-2	Developmental toxicity
71-43-2	Reproductive toxicity male
71-55-6	Carcinogens
71-58-9	Carcinogens
71-58-9	Developmental toxicity
71133-14-7	Carcinogens
712-68-5	Carcinogens
71526-07-3	Carcinogens
71549-78-5	Carcinogens
71751-41-2	Developmental toxicity
72-20-8	Developmental toxicity
72-33-3	Carcinogens
72-33-3	Developmental toxicity
72-54-8	Carcinogens
72-55-9	Carcinogens
72-55-9	Developmental toxicity
72-55-9	Reproductive toxicity male
72-57-1	Carcinogens
72490-01-8	Carcinogens
7280-37-7	Carcinogens
7280-37-7	Developmental toxicity
74-83-9	Developmental toxicity
74-87-3	Developmental toxicity
74-87-3	Reproductive toxicity male
74-88-4	Carcinogens
74-90-8	Reproductive toxicity male
74-96-4	Carcinogens
74381-53-6	Developmental toxicity
74381-53-6	Reproductive toxicity female
74381-53-6	Reproductive toxicity male
7439-92-1	Carcinogens
7439-92-1	Developmental toxicity
7439-92-1	Reproductive toxicity female
7439-92-1	Reproductive toxicity male
7439-97-6	Developmental toxicity
7440-02-0	Carcinogens
7440-41-7	Carcinogens
7440-43-9	Carcinogens
7440-43-9	Developmental toxicity
7440-43-9	Reproductive toxicity male
7440-48-4	Carcinogens
7446-09-5	Developmental toxicity
7446-27-7	Carcinogens
7446-34-6	Carcinogens
7481-89-2	Carcinogens
7496-02-8	Carcinogens
75-00-3	Carcinogens
75-01-4	Carcinogens
75-02-5	Carcinogens
75-07-0	Carcinogens
75-09-2	Carcinogens
75-15-0	Developmental toxicity
75-15-0	Reproductive toxicity female
75-15-0	Reproductive toxicity male
75-21-8	Carcinogens
75-21-8	Developmental toxicity
75-21-8	Reproductive toxicity female
75-21-8	Reproductive toxicity male
75-25-2	Carcinogens
75-26-3	Carcinogens
75-26-3	Reproductive toxicity female
75-26-3	Reproductive toxicity male
75-27-4	Carcinogens
75-34-3	Carcinogens
75-35-4	Carcinogens
75-52-5	Carcinogens
75-55-8	Carcinogens
75-56-9	Carcinogens
75-60-5	Carcinogens
75-87-6	Carcinogens
75321-20-9	Carcinogens
75330-75-5	Developmental toxicity
758-17-8	Carcinogens
75881-19-5	Carcinogens
75881-20-8	Carcinogens
75881-22-0	Carcinogens
759-73-9	Carcinogens
759-94-4	Developmental toxicity
76-03-9	Carcinogens
76-43-7	Developmental toxicity
76-44-8	Carcinogens
76-44-8	Developmental toxicity
76-87-9	Carcinogens
76-87-9	Developmental toxicity
76180-96-6	Carcinogens
764-41-0	Carcinogens
765-34-4	Carcinogens
76578-14-8	Reproductive toxicity male
77-09-8	Carcinogens
77-78-1	Carcinogens
77094-11-2	Carcinogens
77439-76-0	Carcinogens
77500-04-0	Carcinogens
77501-63-4	Carcinogens
7758-01-2	Carcinogens
78-48-8	Carcinogens
78-79-5	Carcinogens
78-87-5	Carcinogens
789-02-6	Developmental toxicity
789-02-6	Reproductive toxicity female
789-02-6	Reproductive toxicity male
79-00-5	Carcinogens
79-01-6	Carcinogens
79-01-6	Developmental toxicity
79-01-6	Reproductive toxicity male
79-06-1	Carcinogens
79-06-1	Developmental toxicity
79-06-1	Reproductive toxicity male
79-34-5	Carcinogens
79-43-6	Carcinogens
79-43-6	Developmental toxicity
79-43-6	Reproductive toxicity male
79-44-7	Carcinogens
79-46-9	Carcinogens
79-57-2	Developmental toxicity
79-94-7	Carcinogens
79217-60-0	Carcinogens
794-93-4	Carcinogens
797-63-7	Reproductive toxicity female
79748-81-5	Carcinogens
80-05-7	Developmental toxicity
80-05-7	Reproductive toxicity female
80-09-1	Developmental toxicity
80-09-1	Reproductive toxicity female
80-09-1	Reproductive toxicity male
8001-35-2	Carcinogens
8001-58-9	Carcinogens
8018-01-7	Carcinogens
80466-34-8	Carcinogens
80474-14-2	Developmental toxicity
81-49-2	Carcinogens
81-81-2	Developmental toxicity
81-88-9	Carcinogens
81103-11-9	Developmental toxicity
81131-70-6	Developmental toxicity
81591-81-3	Carcinogens
817-09-4	Carcinogens
82-28-0	Carcinogens
822-36-6	Carcinogens
82410-32-0	Carcinogens
82410-32-0	Developmental toxicity
82410-32-0	Reproductive toxicity male
82952-64-5	Developmental toxicity
838-88-0	Carcinogens
84-65-1	Carcinogens
84-74-2	Developmental toxicity
84-74-2	Reproductive toxicity female
84-74-2	Reproductive toxicity male
84-75-3	Reproductive toxicity female
84-75-3	Reproductive toxicity male
842-07-9	Carcinogens
846-49-1	Developmental toxicity
846-50-4	Developmental toxicity
85-68-7	Developmental toxicity
86-30-6	Carcinogens
86-74-8	Carcinogens
86220-42-0	Developmental toxicity
868-85-9	Carcinogens
87-29-6	Carcinogens
87-62-7	Carcinogens
87-68-3	Carcinogens
87-86-5	Carcinogens
872-50-4	Developmental toxicity
874967-67-6	Carcinogens
879085-55-9	Developmental toxicity
879085-55-9	Reproductive toxicity female
879085-55-9	Reproductive toxicity male
88-06-2	Carcinogens
88-72-2	Carcinogens
88-73-3	Carcinogens
88-85-7	Developmental toxicity
88-85-7	Reproductive toxicity male
881685-58-1	Carcinogens
88671-89-0	Developmental toxicity
88671-89-0	Reproductive toxicity male
89-61-2	Carcinogens
89-82-7	Carcinogens
90-04-0	Carcinogens
90-43-7	Carcinogens
90-94-8	Carcinogens
9002-68-0	Developmental toxicity
9004-66-4	Carcinogens
9006-42-2	Carcinogens
9006-42-2	Developmental toxicity
91-20-3	Carcinogens
91-22-5	Carcinogens
91-23-6	Carcinogens
91-59-8	Carcinogens
91-94-1	Carcinogens
919-16-4	Developmental toxicity
92-67-1	Carcinogens
92-87-5	Carcinogens
92-93-3	Carcinogens
924-16-3	Carcinogens
924-42-5	Carcinogens
924-46-9	Carcinogens
93-15-2	Carcinogens
930-55-2	Carcinogens
932-83-2	Carcinogens
94-58-6	Carcinogens
94-59-7	Carcinogens
94-78-0	Carcinogens
94-82-6	Reproductive toxicity male
94088-85-4	Developmental toxicity
95-06-7	Carcinogens
95-53-4	Carcinogens
95-54-5	Carcinogens
95-69-2	Carcinogens
95-79-4	Carcinogens
95-80-7	Carcinogens
95-83-0	Carcinogens
95-85-2	Carcinogens
96-09-3	Carcinogens
96-12-8	Carcinogens
96-12-8	Reproductive toxicity male
96-13-9	Carcinogens
96-18-4	Carcinogens
96-23-1	Carcinogens
96-24-2	Carcinogens
96-33-3	Carcinogens
96-45-7	Carcinogens
96-45-7	Developmental toxicity
97-23-4	Developmental toxicity
97-56-3	Carcinogens
97048-13-0	Developmental toxicity
97240-79-4	Developmental toxicity
98-00-0	Carcinogens
98-07-7	Carcinogens
98-56-6	Carcinogens
98-82-8	Carcinogens
98-83-9	Carcinogens
98-95-3	Carcinogens
98-95-3	Reproductive toxicity male
982-57-0	Carcinogens
99-65-0	Reproductive toxicity male
99-66-1	Developmental toxicity
99-97-8	Carcinogens
RR-00015-7	Carcinogens
RR-00026-0	Carcinogens
RR-00026-0	Developmental toxicity
RR-00026-0	Reproductive toxicity female
RR-00026-0	Reproductive toxicity male
RR-00027-1	Carcinogens
RR-00029-3	Carcinogens
RR-00030-6	Developmental toxicity
RR-00030-6	Reproductive toxicity female
RR-00030-6	Reproductive toxicity male
RR-00031-7	Carcinogens
RR-00032-8	Carcinogens
RR-00038-4	Developmental toxicity
RR-00038-4	Reproductive toxicity male
RR-00052-2	Carcinogens
RR-00055-5	Carcinogens
RR-00057-7	Reproductive toxicity female
RR-00057-7	Reproductive toxicity male
RR-00060-2	Carcinogens
RR-00061-3	Carcinogens
RR-00065-7	Carcinogens
RR-00066-8	Carcinogens
RR-00081-7	Carcinogens
RR-00084-0	Carcinogens
RR-00086-2	Carcinogens
RR-00086-2	Developmental toxicity
RR-00087-3	Carcinogens
RR-00088-4	Carcinogens
RR-00138-7	Developmental toxicity
RR-00266-4	Carcinogens
RR-00270-0	Carcinogens
RR-00514-1	Carcinogens
RR-00528-7	Carcinogens
RR-00532-3	Carcinogens
RR-00542-5	Carcinogens
RR-00543-6	Carcinogens
RR-00557-2	Carcinogens
RR-00559-4	Carcinogens
RR-00630-4	Carcinogens
RR-00795-4	Carcinogens
RR-00796-5	Carcinogens
RR-00800-4	Carcinogens
RR-01471-1	Developmental toxicity
RR-01472-2	Developmental toxicity
RR-01473-3	Developmental toxicity
RR-01475-5	Developmental toxicity
RR-01706-1	Carcinogens
RR-01707-2	Carcinogens
RR-01741-4	Carcinogens
RR-01858-6	Carcinogens
RR-01961-4	Carcinogens
RR-02087-1	Carcinogens
RR-02508-1	Carcinogens
RR-02801-3	Carcinogens
RR-03689-5	Developmental toxicity
RR-03726-3	Carcinogens
RR-03727-4	Carcinogens
RR-03728-5	Carcinogens
RR-03857-3	Carcinogens
RR-03925-8	Carcinogens
RR-03925-8	Developmental toxicity
RR-03978-1	Carcinogens
RR-03980-5	Carcinogens
RR-04033-5	Carcinogens
RR-04035-7	Carcinogens
RR-04112-3	Carcinogens
RR-04196-3	Carcinogens
RR-04721-2	Carcinogens
RR-04817-9	Reproductive toxicity male
RR-05123-0	Developmental toxicity
RR-107893-9	Carcinogens
RR-114036-9	Carcinogens
RR-120972-9	Carcinogens
RR-128267-3	Carcinogens
RR-12841-6	Carcinogens
RR-149881-3	Carcinogens
RR-158597-3	Reproductive toxicity male
RR-16330-4	Carcinogens
RR-17720-8	Carcinogens
RR-187858-6	Carcinogens
RR-19252-9	Carcinogens
RR-215238-7	Developmental toxicity
RR-26298-6	Carcinogens
RR-29040-4	Carcinogens
RR-33828-3	Developmental toxicity
RR-42416-8	Carcinogens
RR-48424-2	Carcinogens
RR-56755-5	Carcinogens
RR-60235-7	Carcinogens
RR-60235-7	Developmental toxicity
RR-64378-7	Carcinogens
a	Carcinogens
a,i	Carcinogens
b	Carcinogens
