1-1	108592-00-3
1-1	12136-89-9
1-1	157302-08-4
1-1	20828-18-6
1-1	26628-22-8
1-1	503002-54-8
1-1	575502-02-2
1-1	UN1687
1-1-10	13194-48-4
1-1-2	541-42-4
1-1-3	544-16-1
1-1-3	UN2351
1-1-4	100920-72-7
1-1-4	122666-97-1
1-1-4	138794-43-1
1-1-4	181658-85-5
1-1-4	355401-08-0
1-1-4	355401-10-4
1-1-4	65195-55-3
1-1-4	65195-56-4
1-1-4	71751-41-2
1-1-4	86753-29-9
1-1-5	107-11-9
1-1-5	1561105-23-4
1-1-5	UN2334
1-1-6	107-18-6
1-1-6	UN1098
1-1-7	8048-12-2
1-1-8	101701-80-8
1-1-8	102771-74-4
1-1-8	105439-02-9
1-1-8	110648-35-6
1-1-8	111093-75-5
1-1-8	1186289-22-4
1-1-8	1199811-14-7
1-1-8	1211316-62-9
1-1-8	124961-52-0
1-1-8	129212-17-5
1-1-8	135454-41-0
1-1-8	146282-59-9
1-1-8	146665-38-5
1-1-8	149579-36-2
1-1-8	1548444-15-0
1-1-8	158750-30-2
1-1-8	194936-84-0
1-1-8	26602-93-7
1-1-8	4098-71-9
1-1-8	50974-99-7
1-1-8	52985-93-0
1-1-8	63793-40-8
1-1-8	66708-07-4
1-1-8	70936-97-9
1-1-8	74091-63-7
1-1-8	74520-92-6
1-1-8	88778-74-9
1-1-8	UN2290
1-1-9	117176-66-6
1-1-9	25311-71-1
1-1-9	52907-24-1
1-1-9	61711-63-5
1-10	110616-89-2
1-10	11111-91-4
1-10	56-38-2
1-10	8057-70-3
1-10-2	115-90-2
1-10-3	148584-48-9
1-10-3	96-23-1
1-10-3	UN2750
1-10-4	98-87-3
1-10-4	UN1886
1-10-5	3347-22-6
1-11	12167-18-9
1-11	1335-85-9
1-11	1817-66-9
1-11	37359-43-6
1-11	497-56-3
1-11	53240-95-2
1-11	534-52-1
1-11	603-03-2
1-11	609-93-8
1-11	616-73-9
1-11	63989-82-2
1-11	8068-73-3
1-11	8071-51-0
1-11	UN1598
1-12	2312-76-7
1-12	RR-04037-9
1-12	UN0234
1-12	UN1348
1-12	UN3369
1-12-2	25550-58-7
1-12-2	329-71-5
1-12-2	51-28-5
1-12-2	573-56-8
1-12-2	577-71-9
1-12-2	586-11-8
1-12-2	66-56-8
1-12-2	71629-74-8
1-12-2	UN0076
1-12-2	UN1320
1-12-2	UN1599
1-13	152212-20-9
1-13	39403-80-0
1-13	88-85-7
1-13-2	82-66-6
1-13-3	683-18-1
1-13-4	7783-60-0
1-13-4	UN2418
1-13-5	1304-00-3
1-13-5	133441-46-0
1-13-5	16970-81-3
1-13-5	19287-45-7
1-13-5	19287-88-8
1-13-5	849231-16-9
1-13-5	UN1911
1-13-6	36614-38-7
1-14	1079803-49-8
1-14	8022-00-2
1-14	867-27-6
1-14	919-86-8
1-15	13171-21-6
1-15-2	116047-10-0
1-15-2	136338-65-3
1-15-2	1910-42-5
1-15-2	205105-68-6
1-15-2	2074-50-2
1-15-2	247050-57-3
1-15-2	3765-78-4
1-15-2	4685-14-7
1-15-2	57593-74-5
1-15-2	65982-50-5
1-15-2	RR-02563-8
1-16	298-00-0
1-16	37359-35-6
1-16	63653-66-7
1-16-2	57-14-7
1-16-2	88733-28-2
1-16-2	UN1163
1-16-3	3282-30-2
1-16-3	UN2438
1-16-4	22781-23-3
1-17	100-56-1
1-17	100-57-2
1-17	100022-25-1
1-17	1003-26-5
1-17	10031-18-2
1-17	10031-47-7
1-17	100403-63-2
1-17	10045-94-0
1-17	10048-99-4
1-17	10080-39-4
1-17	100940-62-3
1-17	101043-98-5
1-17	10124-48-8
1-17	10136-69-3
1-17	101654-43-7
1-17	101672-18-8
1-17	1017-74-9
1-17	10175-28-7
1-17	10192-55-9
1-17	102-98-7
1-17	102-99-8
1-17	102110-40-7
1-17	102110-57-6
1-17	102110-61-2
1-17	102110-66-7
1-17	10217-65-9
1-17	10217-67-1
1-17	10217-68-2
1-17	102280-93-3
1-17	10271-66-6
1-17	10284-47-6
1-17	10284-48-7
1-17	10284-49-8
1-17	10299-45-3
1-17	103-27-5
1-17	103332-13-4
1-17	103369-15-9
1-17	10338-77-9
1-17	10338-78-0
1-17	10338-79-1
1-17	103399-29-7
1-17	10341-89-6
1-17	103458-15-7
1-17	10361-02-1
1-17	10366-02-6
1-17	10375-56-1
1-17	104-59-6
1-17	104-60-9
1-17	10403-65-3
1-17	10403-66-4
1-17	104114-64-9
1-17	10415-75-5
1-17	1043-49-8
1-17	104325-07-7
1-17	104325-08-8
1-17	104335-53-7
1-17	104339-46-0
1-17	10451-12-4
1-17	10507-38-7
1-17	10507-40-1
1-17	10507-41-2
1-17	10507-42-3
1-17	105260-39-7
1-17	106168-40-5
1-17	107-26-6
1-17	107-27-7
1-17	107-28-8
1-17	1071-39-2
1-17	107296-30-0
1-17	1077-98-1
1-17	108-07-6
1-17	109-62-6
1-17	1091628-50-0
1-17	11004-81-2
1-17	11083-41-3
1-17	11110-52-4
1-17	112415-59-5
1-17	1126-48-3
1-17	113170-85-7
1-17	113722-57-9
1-17	1142-64-9
1-17	115-09-3
1-17	1184-57-2
1-17	1189-66-8
1-17	1191-80-6
1-17	1192-89-8
1-17	12002-19-6
1-17	12055-37-7
1-17	120674-92-2
1-17	12068-90-5
1-17	12136-15-1
1-17	1214247-08-1
1-17	12145-90-3
1-17	12194-11-5
1-17	122-64-5
1-17	122582-67-6
1-17	12298-67-8
1-17	123-88-6
1-17	12328-03-9
1-17	12344-40-0
1-17	123551-50-8
1-17	124-01-6
1-17	124-08-3
1-17	124-82-3
1-17	12406-51-8
1-17	12508-72-4
1-17	12514-41-9
1-17	12529-66-7
1-17	12542-90-4
1-17	12653-71-3
1-17	1267499-88-6
1-17	127026-24-8
1-17	127026-24-8
1-17	1273-75-2
1-17	127620-35-3
1-17	129-16-8
1-17	129-99-7
1-17	1300-78-3
1-17	13004-83-6
1-17	130973-93-2
1-17	130995-49-2
1-17	1310-88-9
1-17	1312-01-2
1-17	1312-03-4
1-17	131500-00-0
1-17	13170-76-8
1-17	1319-86-4
1-17	1320-80-5
1-17	13222-52-1
1-17	13257-51-7
1-17	1327160-06-4
1-17	13278-80-3
1-17	13294-23-0
1-17	133-58-4
1-17	13302-00-6
1-17	133350-44-4
1-17	133350-45-5
1-17	1334-77-6
1-17	133421-58-6
1-17	1335-31-5
1-17	1336-57-8
1-17	1336-96-5
1-17	1337-06-0
1-17	1337-09-3
1-17	13437-80-4
1-17	1344-45-2
1-17	1344-45-2
1-17	1344-48-5
1-17	13444-75-2
1-17	1345-09-1
1-17	13464-28-3
1-17	13465-31-1
1-17	13465-31-1
1-17	13465-33-3
1-17	13465-34-4
1-17	13465-37-7
1-17	1356399-46-6
1-17	136969-76-1
1-17	13766-41-1
1-17	13766-44-4
1-17	138-85-2
1-17	13864-38-5
1-17	13876-85-2
1-17	139116-12-4
1-17	13932-02-0
1-17	13967-25-4
1-17	13981-51-6
1-17	13982-78-0
1-17	140-20-5
1-17	14024-55-6
1-17	14024-75-0
1-17	14032-92-9
1-17	14066-61-6
1-17	14099-12-8
1-17	141-51-5
1-17	14110-97-5
1-17	1416052-38-4
1-17	14215-33-9
1-17	14235-86-0
1-17	14239-51-1
1-17	143-36-2
1-17	14315-77-6
1-17	143197-63-1
1-17	14354-56-4
1-17	14376-09-1
1-17	14459-36-0
1-17	145757-52-4
1-17	14783-59-6
1-17	148-61-8
1-17	148333-06-6
1-17	14836-60-3
1-17	14874-55-6
1-17	14990-20-6
1-17	151-38-2
1-17	15136-95-5
1-17	1520097-13-5
1-17	152923-45-0
1-17	15313-18-5
1-17	1537199-53-3
1-17	15375-94-7
1-17	15384-08-4
1-17	15385-57-6
1-17	15385-58-7
1-17	15415-64-2
1-17	155-85-1
1-17	15516-76-4
1-17	156234-43-4
1-17	156234-44-5
1-17	15634-23-8
1-17	15682-88-9
1-17	15785-93-0
1-17	15829-53-5
1-17	1600-27-7
1-17	16003-82-0
1-17	16056-34-1
1-17	16056-37-4
1-17	1645280-58-5
1-17	16509-11-8
1-17	16751-55-6
1-17	17048-37-2
1-17	17140-73-7
1-17	172906-39-7
1-17	17456-26-7
1-17	17470-61-0
1-17	175695-12-2
1-17	17689-59-7
1-17	17774-09-3
1-17	1785-43-9
1-17	178959-28-9
1-17	17974-95-7
1-17	18211-85-3
1-17	18467-88-4
1-17	18832-83-2
1-17	18917-83-4
1-17	18918-06-4
1-17	18918-17-7
1-17	19122-79-3
1-17	19367-79-4
1-17	19447-62-2
1-17	19528-48-4
1-17	19701-15-6
1-17	19719-72-3
1-17	20223-84-1
1-17	2042-50-4
1-17	20539-85-9
1-17	20564-21-0
1-17	20582-71-2
1-17	20601-83-6
1-17	20632-18-2
1-17	20720-76-7
1-17	20738-78-7
1-17	20883-32-3
1-17	21082-50-8
1-17	21109-99-9
1-17	2117-39-7
1-17	21259-76-7
1-17	2141-27-7
1-17	21450-81-7
1-17	21908-53-2
1-17	22098-38-0
1-17	22323-45-1
1-17	22330-18-3
1-17	2235-25-8
1-17	22450-90-4
1-17	226922-80-1
1-17	2279-64-3
1-17	22894-47-9
1-17	22967-92-6
1-17	23065-35-2
1-17	23319-66-6
1-17	23471-13-8
1-17	23471-23-0
1-17	23483-74-1
1-17	23587-90-8
1-17	2440-29-1
1-17	2440-34-8
1-17	2440-40-6
1-17	2440-42-8
1-17	2440-45-1
1-17	24423-68-5
1-17	24425-43-2
1-17	24579-90-6
1-17	24579-91-7
1-17	24806-32-4
1-17	25587-94-4
1-17	25948-50-9
1-17	2597-92-4
1-17	2597-93-5
1-17	2597-95-7
1-17	2597-97-9
1-17	26037-72-9
1-17	261-57-4
1-17	26114-17-0
1-17	26522-91-8
1-17	26535-94-4
1-17	2654-47-9
1-17	26544-04-7
1-17	26545-49-3
1-17	26552-50-1
1-17	26579-33-9
1-17	26719-07-3
1-17	2701-61-3
1-17	27228-67-7
1-17	27236-65-3
1-17	27360-58-3
1-17	27575-47-9
1-17	27605-30-7
1-17	27685-51-4
1-17	2777-37-9
1-17	28086-13-7
1-17	2845-00-3
1-17	28519-24-6
1-17	28752-79-6
1-17	28752-80-9
1-17	28953-04-0
1-17	29053-02-9
1-17	29138-86-1
1-17	2923-15-1
1-17	2949-11-3
1-17	3021-39-4
1-17	30366-55-3
1-17	304-90-5
1-17	304656-34-6
1-17	304656-34-6
1-17	3076-91-3
1-17	31065-88-0
1-17	31224-71-2
1-17	31632-68-5
1-17	31724-50-2
1-17	3198-04-7
1-17	32382-27-7
1-17	32407-99-1
1-17	326494-11-5
1-17	32701-49-8
1-17	32787-44-3
1-17	3294-57-3
1-17	3294-58-4
1-17	3294-60-8
1-17	33020-34-7
1-17	33445-15-7
1-17	33631-63-9
1-17	3367-28-0
1-17	3367-29-1
1-17	3367-30-4
1-17	3367-31-5
1-17	3367-32-6
1-17	33724-17-3
1-17	33770-60-4
1-17	33960-08-6
1-17	34732-46-2
1-17	3477-28-9
1-17	35678-47-8
1-17	3570-80-7
1-17	35823-05-3
1-17	3626-13-9
1-17	362653-08-5
1-17	36568-91-9
1-17	3688-11-7
1-17	37020-93-2
1-17	371-76-6
1-17	37237-15-3
1-17	37297-87-3
1-17	37320-91-5
1-17	37340-23-1
1-17	3810-81-9
1-17	38232-63-2
1-17	39377-58-7
1-17	39657-41-5
1-17	39833-87-9
1-17	40138-90-7
1-17	40661-97-0
1-17	4386-35-0
1-17	4387-13-7
1-17	4656-04-6
1-17	4665-55-8
1-17	486-67-9
1-17	492-18-2
1-17	49540-00-3
1-17	498-73-7
1-17	502-39-6
1-17	506-83-2
1-17	5131-56-6
1-17	51595-71-2
1-17	51622-02-7
1-17	517-16-8
1-17	51821-32-0
1-17	5185-84-2
1-17	525-30-4
1-17	52795-88-7
1-17	53007-72-0
1-17	53010-52-9
1-17	531-76-0
1-17	5326-00-1
1-17	53282-60-3
1-17	53404-67-4
1-17	53404-68-5
1-17	53404-69-6
1-17	53404-70-9
1-17	53408-91-6
1-17	535-55-7
1-17	53663-14-2
1-17	537-64-4
1-17	538-04-5
1-17	539-43-5
1-17	54-64-8
1-17	54129-03-2
1-17	5416-74-0
1-17	5421-48-7
1-17	5428-90-0
1-17	54295-90-8
1-17	543-63-5
1-17	54428-47-6
1-17	54481-45-7
1-17	55-68-5
1-17	55482-91-2
1-17	55728-51-3
1-17	55939-60-1
1-17	56724-82-4
1-17	5722-59-8
1-17	57363-77-6
1-17	5822-97-9
1-17	583-15-3
1-17	5834-81-1
1-17	584-18-9
1-17	584-43-0
1-17	5857-37-4
1-17	5857-38-5
1-17	5857-39-6
1-17	58570-91-5
1-17	587-85-9
1-17	588-66-9
1-17	589-65-1
1-17	59-85-8
1-17	5902-76-1
1-17	5902-79-4
1-17	5903-10-6
1-17	591-89-9
1-17	592-04-1
1-17	592-63-2
1-17	592-85-8
1-17	593-74-8
1-17	5954-14-3
1-17	5955-19-1
1-17	5964-24-9
1-17	5970-29-6
1-17	5970-32-1
1-17	5980-86-9
1-17	60064-28-0
1-17	6012-84-6
1-17	60345-95-1
1-17	6129-23-3
1-17	6150-94-3
1-17	616-99-9
1-17	61792-06-1
1-17	61840-45-7
1-17	62-37-3
1-17	62-38-4
1-17	62050-76-4
1-17	623-07-4
1-17	62374-53-2
1-17	62638-02-2
1-17	627-44-1
1-17	6270-99-1
1-17	6273-99-0
1-17	628-85-3
1-17	628-86-4
1-17	6283-24-5
1-17	629-35-6
1-17	62909-81-3
1-17	631-60-7
1-17	63325-16-6
1-17	6336-12-5
1-17	63382-64-9
1-17	63468-53-1
1-17	63549-47-3
1-17	63868-93-9
1-17	63868-94-0
1-17	63868-95-1
1-17	63868-96-2
1-17	63868-98-4
1-17	63869-00-1
1-17	63869-01-2
1-17	63869-02-3
1-17	63869-03-4
1-17	63869-04-5
1-17	63869-05-6
1-17	63869-06-7
1-17	63869-07-8
1-17	63869-08-9
1-17	63907-33-5
1-17	63937-14-4
1-17	63951-06-4
1-17	63951-09-7
1-17	63990-59-0
1-17	64025-06-5
1-17	64048-05-1
1-17	64048-06-2
1-17	64048-07-3
1-17	64048-08-4
1-17	64049-27-0
1-17	64049-28-1
1-17	64058-72-6
1-17	64058-74-8
1-17	64082-39-9
1-17	64491-92-5
1-17	645-99-8
1-17	64684-45-3
1-17	64697-74-1
1-17	64697-75-2
1-17	64697-76-3
1-17	64697-77-4
1-17	64697-78-5
1-17	64714-49-4
1-17	64771-59-1
1-17	65381-02-4
1-17	66827-74-5
1-17	67465-39-8
1-17	67465-41-2
1-17	67465-42-3
1-17	67465-43-4
1-17	67465-44-5
1-17	67466-58-4
1-17	67536-44-1
1-17	6795-81-9
1-17	68201-97-8
1-17	68833-55-6
1-17	691-88-3
1-17	6937-66-2
1-17	70514-23-7
1-17	71720-55-3
1-17	72044-13-4
1-17	72066-32-1
1-17	72379-35-2
1-17	72780-86-0
1-17	73399-68-5
1-17	73399-71-0
1-17	73491-34-6
1-17	73491-34-6
1-17	73513-17-4
1-17	73548-15-9
1-17	73926-87-1
1-17	73926-88-2
1-17	73926-89-3
1-17	73928-11-7
1-17	73928-12-8
1-17	7451-91-4
1-17	7487-94-7
1-17	749262-24-6
1-17	75268-98-3
1-17	75344-65-9
1-17	7548-26-7
1-17	75513-04-1
1-17	7616-83-3
1-17	7619-62-7
1-17	762-55-0
1-17	7620-30-6
1-17	7681-34-7
1-17	77329-67-0
1-17	77536-61-9
1-17	7756-49-2
1-17	7774-29-0
1-17	7782-66-3
1-17	7782-77-6
1-17	7782-86-7
1-17	7783-30-4
1-17	7783-32-6
1-17	7783-33-7
1-17	7783-34-8
1-17	7783-35-9
1-17	7783-36-0
1-17	7783-39-3
1-17	7784-03-4
1-17	7784-37-4
1-17	7789-10-8
1-17	7789-47-1
1-17	780-24-5
1-17	78571-20-7
1-17	792952-75-1
1-17	8003-05-2
1-17	8011-93-6
1-17	8012-34-8
1-17	8013-47-6
1-17	8017-88-7
1-17	8028-34-0
1-17	8030-32-8
1-17	8030-33-9
1-17	8046-70-6
1-17	8069-64-5
1-17	80994-87-2
1-17	814-82-4
1-17	820986-03-6
1-17	82151-04-0
1-17	823-04-1
1-17	82980-40-3
1-17	84029-43-6
1-17	84973-20-6
1-17	854874-41-2
1-17	856770-63-3
1-17	859033-90-2
1-17	86-36-2
1-17	86-85-1
1-17	878791-13-0
1-17	879681-01-3
1-17	89521-44-8
1-17	90-03-9
1-17	90584-88-6
1-17	91081-69-5
1-17	91082-69-8
1-17	91722-12-2
1-17	92062-13-0
1-17	92200-97-0
1-17	92421-68-6
1-17	92473-75-1
1-17	93820-20-3
1-17	93882-20-3
1-17	94-43-9
1-17	94022-47-6
1-17	94070-92-5
1-17	94070-93-6
1-17	94238-21-8
1-17	94276-38-7
1-17	94276-88-7
1-17	94277-53-9
1-17	94481-62-6
1-17	96906-16-0
1-17	97209-13-7
1-17	973-17-1
1-17	RR-00004-4
1-17	RR-00005-5
1-17	RR-00138-7
1-17	RR-00361-2
1-17	RR-00569-6
1-17	RR-01294-2
1-17	RR-01342-3
1-17	RR-01858-6
1-17	RR-02536-5
1-17	RR-04547-6
1-17	RR-04677-5
1-17	RR-07193-2
1-17	RR-145946-7
1-17	RR-14866-3
1-17	RR-15850-9
1-17	RR-194036-9
1-17	RR-42082-6
1-17	RR-56263-0
1-17	RR-56357-5
1-17	RR-58673-2
1-17	RR-87612-0
1-17	UN1244
1-17	UN1623
1-17	UN1624
1-17	UN1625
1-17	UN1626
1-17	UN1627
1-17	UN1629
1-17	UN1631
1-17	UN1636
1-17	UN1637
1-17	UN1639
1-17	UN1641
1-17	UN1642
1-17	UN1643
1-17	UN1644
1-17	UN1645
1-17	UN1674
1-17	UN1894
1-17	UN1895
1-17-2	100258-44-4
1-17-2	10103-26-1
1-17-2	101324-33-8
1-17-2	101686-74-2
1-17-2	101912-89-4
1-17-2	101912-97-4
1-17-2	10289-23-3
1-17-2	103070-73-1
1-17-2	103792-92-3
1-17-2	10476-82-1
1-17-2	10476-87-6
1-17-2	105022-71-7
1-17-2	105022-72-8
1-17-2	105403-46-1
1-17-2	105521-40-2
1-17-2	105841-43-8
1-17-2	105841-44-9
1-17-2	105841-70-1
1-17-2	105948-45-6
1-17-2	1061-27-4
1-17-2	106216-71-1
1-17-2	106234-23-5
1-17-2	106385-26-6
1-17-2	106424-31-1
1-17-2	106424-34-4
1-17-2	106424-52-6
1-17-2	107354-69-8
1-17-2	107559-52-4
1-17-2	107601-04-7
1-17-2	107601-05-8
1-17-2	107601-06-9
1-17-2	107601-07-0
1-17-2	107989-62-8
1-17-2	108171-69-3
1-17-2	108374-34-1
1-17-2	108486-13-1
1-17-2	108827-18-5
1-17-2	108987-70-8
1-17-2	110541-80-5
1-17-2	111536-63-1
1-17-2	111897-22-4
1-17-2	111897-24-6
1-17-2	114793-33-8
1-17-2	115976-57-3
1-17-2	115976-60-8
1-17-2	116708-31-7
1-17-2	116728-44-0
1-17-2	117552-81-5
1-17-2	1194719-36-2
1-17-2	119569-79-8
1-17-2	120023-42-9
1-17-2	120334-15-8
1-17-2	120579-55-7
1-17-2	120858-00-6
1-17-2	120883-94-5
1-17-2	12113-04-1
1-17-2	121499-75-0
1-17-2	121526-88-3
1-17-2	121527-65-9
1-17-2	121543-62-2
1-17-2	121543-86-0
1-17-2	121707-90-2
1-17-2	122147-77-7
1-17-2	122147-78-8
1-17-2	122361-60-8
1-17-2	122564-98-1
1-17-2	122619-87-8
1-17-2	122764-64-1
1-17-2	123121-12-0
1-17-2	123266-76-2
1-17-2	123289-26-9
1-17-2	123457-64-7
1-17-2	123468-24-6
1-17-2	123807-71-6
1-17-2	123937-38-2
1-17-2	123937-46-2
1-17-2	124108-56-1
1-17-2	124136-47-6
1-17-2	125-17-7
1-17-2	126590-09-8
1-17-2	126924-31-0
1-17-2	127620-33-1
1-17-2	127620-35-3
1-17-2	128662-88-4
1-17-2	128662-89-5
1-17-2	128735-34-2
1-17-2	129035-03-6
1-17-2	129218-48-0
1-17-2	1300-19-2
1-17-2	1301-26-4
1-17-2	130555-51-0
1-17-2	131223-26-2
1-17-2	132271-09-1
1-17-2	1323-31-5
1-17-2	132335-57-0
1-17-2	133764-14-4
1-17-2	141263-98-1
1-17-2	141264-00-8
1-17-2	141264-02-0
1-17-2	141264-04-2
1-17-2	1421-86-9
1-17-2	14504-57-5
1-17-2	14654-02-5
1-17-2	147282-84-6
1-17-2	148559-96-0
1-17-2	148559-97-1
1-17-2	148559-98-2
1-17-2	148559-99-3
1-17-2	158646-92-5
1-17-2	15912-16-0
1-17-2	16036-87-6
1-17-2	16639-66-0
1-17-2	17034-55-8
1-17-2	17140-57-7
1-17-2	17140-58-8
1-17-2	18880-53-0
1-17-2	20050-14-0
1-17-2	20219-29-8
1-17-2	20328-78-3
1-17-2	20436-53-7
1-17-2	21423-08-5
1-17-2	21800-13-5
1-17-2	22214-62-6
1-17-2	22725-06-0
1-17-2	22733-74-0
1-17-2	23181-49-9
1-17-2	23637-34-5
1-17-2	23660-44-8
1-17-2	24046-61-5
1-17-2	26061-47-2
1-17-2	26190-91-0
1-17-2	27498-36-8
1-17-2	28376-22-9
1-17-2	29362-83-2
1-17-2	3113-18-6
1-17-2	3183-17-3
1-17-2	33069-04-4
1-17-2	337-37-1
1-17-2	337-38-2
1-17-2	337-39-3
1-17-2	3508-71-2
1-17-2	36123-69-0
1-17-2	36547-79-2
1-17-2	3708-20-1
1-17-2	37333-45-2
1-17-2	37441-37-5
1-17-2	38004-58-9
1-17-2	39089-11-7
1-17-2	39089-12-8
1-17-2	39089-13-9
1-17-2	39089-14-0
1-17-2	39089-15-1
1-17-2	39089-16-2
1-17-2	39089-17-3
1-17-2	39698-25-4
1-17-2	40443-27-4
1-17-2	40701-06-2
1-17-2	4109-15-3
1-17-2	41239-66-1
1-17-2	41528-82-9
1-17-2	42138-26-1
1-17-2	42138-27-2
1-17-2	42138-30-7
1-17-2	466-68-2
1-17-2	4850-67-3
1-17-2	49719-63-3
1-17-2	49719-64-4
1-17-2	50727-49-6
1-17-2	50727-50-9
1-17-2	50727-51-0
1-17-2	50727-52-1
1-17-2	50727-53-2
1-17-2	50727-54-3
1-17-2	50727-55-4
1-17-2	50727-56-5
1-17-2	509-42-2
1-17-2	51484-87-8
1-17-2	52340-19-9
1-17-2	52539-51-2
1-17-2	525584-40-1
1-17-2	52714-88-2
1-17-2	52714-96-2
1-17-2	52748-69-3
1-17-2	53021-66-2
1-17-2	54387-02-9
1-17-2	54563-88-1
1-17-2	54667-63-9
1-17-2	55659-55-7
1-17-2	56797-39-8
1-17-2	57-24-9
1-17-2	5803-81-6
1-17-2	58299-26-6
1-17-2	58299-27-7
1-17-2	5890-10-8
1-17-2	5936-16-3
1-17-2	59863-84-2
1-17-2	60-41-3
1-17-2	60181-70-6
1-17-2	60491-10-3
1-17-2	60498-30-8
1-17-2	6056-14-0
1-17-2	60723-49-1
1-17-2	6101-00-4
1-17-2	6101-01-5
1-17-2	6101-02-6
1-17-2	6101-03-7
1-17-2	6101-04-8
1-17-2	6101-05-9
1-17-2	6101-06-0
1-17-2	6101-07-1
1-17-2	6101-09-3
1-17-2	6101-42-4
1-17-2	6158-11-8
1-17-2	6158-12-9
1-17-2	62459-34-1
1-17-2	63261-47-2
1-17-2	63284-32-2
1-17-2	63284-33-3
1-17-2	6416-01-9
1-17-2	6416-06-4
1-17-2	6424-33-5
1-17-2	64666-35-9
1-17-2	6487-51-0
1-17-2	6533-70-6
1-17-2	65337-82-8
1-17-2	65355-10-4
1-17-2	66-32-0
1-17-2	66063-57-8
1-17-2	66083-89-4
1-17-2	66083-91-8
1-17-2	66083-92-9
1-17-2	67028-97-1
1-17-2	67267-34-9
1-17-2	6899-11-2
1-17-2	70266-85-2
1-17-2	70266-86-3
1-17-2	73732-52-2
1-17-2	73800-74-5
1-17-2	73800-76-7
1-17-2	74577-96-1
1-17-2	76201-36-0
1-17-2	7636-75-1
1-17-2	76445-05-1
1-17-2	7649-63-0
1-17-2	78686-40-5
1-17-2	79055-72-4
1-17-2	79082-07-8
1-17-2	79726-19-5
1-17-2	80214-20-6
1-17-2	8052-88-8
1-17-2	8062-13-3
1-17-2	8067-17-2
1-17-2	80879-64-7
1-17-2	81431-41-6
1-17-2	83450-60-6
1-17-2	854644-96-5
1-17-2	86087-04-9
1-17-2	86393-05-7
1-17-2	86393-07-9
1-17-2	875538-26-4
1-17-2	87852-56-0
1-17-2	87852-72-0
1-17-2	88154-35-2
1-17-2	900786-57-4
1-17-2	92818-46-7
1-17-2	936009-28-8
1-17-2	93940-83-1
1-17-2	96322-46-2
1-17-2	96561-37-4
1-17-2	96561-42-1
1-17-2	96680-59-0
1-17-2	98392-15-5
1-17-2	98748-11-9
1-17-2	99031-66-0
1-17-2	99771-32-1
1-17-2	RR-01709-4
1-17-2	UN1692
1-18	10025-68-0
1-18	10026-03-6
1-18	10026-21-8
1-18	10026-23-0
1-18	10031-45-5
1-18	10039-31-3
1-18	100403-63-2
1-18	10060-09-0
1-18	10101-96-9
1-18	10101-99-2
1-18	10102-12-2
1-18	10102-18-8
1-18	10102-23-5
1-18	10112-94-4
1-18	101357-00-0
1-18	101357-01-1
1-18	101357-02-2
1-18	101357-03-3
1-18	101357-04-4
1-18	10161-84-9
1-18	101672-11-1
1-18	102110-61-2
1-18	10214-40-1
1-18	10236-58-5
1-18	10294-32-3
1-18	10326-29-1
1-18	1034144-42-7
1-18	10431-47-7
1-18	10486-58-5
1-18	1049-38-3
1-18	10504-99-1
1-18	105257-50-9
1-18	106097-46-5
1-18	106804-81-3
1-18	107068-76-8
1-18	108424-99-3
1-18	108425-00-9
1-18	1092379-04-8
1-18	109339-79-9
1-18	109339-80-2
1-18	110620-89-8
1-18	110720-61-1
1-18	110781-18-5
1-18	110781-19-6
1-18	110987-60-5
1-18	11112-63-3
1-18	11115-99-4
1-18	111369-71-2
1-18	111369-72-3
1-18	11140-60-6
1-18	11140-61-7
1-18	111568-26-4
1-18	112073-63-9
1-18	112099-83-9
1-18	112131-82-5
1-18	112131-87-0
1-18	112285-95-7
1-18	1123-91-7
1-18	112965-42-1
1-18	1132-39-4
1-18	113228-99-2
1-18	113229-01-9
1-18	113329-64-9
1-18	113553-55-2
1-18	115233-24-4
1-18	115493-57-7
1-18	116065-96-4
1-18	116099-09-3
1-18	116473-38-2
1-18	116812-56-7
1-18	117449-21-5
1-18	117449-22-6
1-18	118340-36-6
1-18	118478-84-5
1-18	1187-56-0
1-18	1189246-68-1
1-18	1195144-19-4
1-18	12002-67-4
1-18	12002-86-7
1-18	12006-05-2
1-18	12006-06-3
1-18	12014-94-7
1-18	120148-08-5
1-18	120149-75-9
1-18	120149-76-0
1-18	12018-83-6
1-18	12018-95-0
1-18	12020-04-1
1-18	12020-38-1
1-18	12020-66-5
1-18	12024-11-2
1-18	12024-24-7
1-18	12024-90-7
1-18	12029-87-7
1-18	12031-51-5
1-18	12033-59-9
1-18	12034-77-4
1-18	12035-33-5
1-18	12036-87-2
1-18	12038-08-3
1-18	12038-64-1
1-18	12039-21-3
1-18	12039-51-9
1-18	12039-52-0
1-18	12039-53-1
1-18	12039-54-2
1-18	12039-55-3
1-18	12044-31-4
1-18	12044-57-4
1-18	12053-13-3
1-18	12054-10-3
1-18	12056-07-4
1-18	12058-18-3
1-18	12065-10-0
1-18	12065-11-1
1-18	12067-45-7
1-18	12067-46-8
1-18	12068-69-8
1-18	12068-80-3
1-18	12069-00-0
1-18	12136-60-6
1-18	12137-13-2
1-18	12137-76-7
1-18	12138-21-5
1-18	1214720-55-4
1-18	12162-21-9
1-18	12162-60-6
1-18	12163-21-2
1-18	12164-90-8
1-18	12166-43-7
1-18	12166-47-1
1-18	12201-85-3
1-18	1220118-41-1
1-18	12213-70-6
1-18	12214-12-9
1-18	122163-00-2
1-18	1221821-47-1
1-18	12232-25-6
1-18	122572-70-7
1-18	122572-71-8
1-18	12299-33-1
1-18	12299-34-2
1-18	12299-35-3
1-18	12299-42-2
1-18	12299-46-6
1-18	12299-51-3
1-18	12299-98-8
1-18	123517-16-8
1-18	123517-41-9
1-18	12397-00-1
1-18	12397-16-9
1-18	12400-33-8
1-18	124205-86-3
1-18	12534-09-7
1-18	1253906-76-1
1-18	125694-36-2
1-18	1258273-87-8
1-18	12626-31-2
1-18	12626-36-7
1-18	12640-89-0
1-18	126424-27-9
1-18	126424-28-0
1-18	126424-29-1
1-18	126424-33-7
1-18	12656-50-7
1-18	12656-57-4
1-18	126999-21-1
1-18	127242-58-4
1-18	127276-99-7
1-18	127277-00-3
1-18	127764-45-8
1-18	129618-34-4
1-18	130110-53-1
1-18	130110-54-2
1-18	1302-09-6
1-18	1302-82-5
1-18	1303-36-2
1-18	1303-37-3
1-18	1303-62-4
1-18	1304-39-8
1-18	1305-84-6
1-18	1306-24-7
1-18	1307-99-9
1-18	1308-79-8
1-18	1310-32-3
1-18	1312-74-9
1-18	1313-04-8
1-18	1313-22-0
1-18	1313-85-5
1-18	1314-05-2
1-18	1315-05-5
1-18	1315-06-6
1-18	1315-07-7
1-18	1315-08-8
1-18	1315-09-9
1-18	131599-73-0
1-18	131599-74-1
1-18	131599-76-3
1-18	1317-41-5
1-18	133333-94-5
1-18	133927-17-0
1-18	13410-01-0
1-18	13446-28-1
1-18	1345-10-4
1-18	13465-62-8
1-18	13465-66-2
1-18	13597-46-1
1-18	13597-54-1
1-18	136-92-5
1-18	136543-49-2
1-18	136543-50-5
1-18	136543-51-6
1-18	1369526-72-6
1-18	13718-59-7
1-18	13768-86-0
1-18	13780-18-2
1-18	13814-59-0
1-18	13814-62-5
1-18	14013-56-0
1-18	14019-91-1
1-18	14124-68-6
1-18	141676-86-0
1-18	14265-71-5
1-18	1436428-29-3
1-18	144-34-3
1-18	144507-49-3
1-18	14459-36-0
1-18	1449-68-9
1-18	14590-19-3
1-18	14590-38-6
1-18	1462878-70-1
1-18	1464-42-2
1-18	1464-43-3
1-18	14687-60-6
1-18	146922-05-6
1-18	14696-77-6
1-18	1482-82-2
1-18	14902-95-5
1-18	14986-91-5
1-18	15025-89-5
1-18	1504562-52-0
1-18	15060-62-5
1-18	15123-69-0
1-18	15123-92-9
1-18	15123-97-4
1-18	15168-20-4
1-18	1520097-13-5
1-18	15422-57-8
1-18	15422-58-9
1-18	15498-87-0
1-18	15572-25-5
1-18	15586-47-7
1-18	15593-51-8
1-18	15593-52-9
1-18	15593-61-0
1-18	15615-72-2
1-18	15702-34-8
1-18	15758-45-9
1-18	15855-80-8
1-18	1603-84-5
1-18	1605283-50-8
1-18	16142-89-5
1-18	1623456-05-2
1-18	1627498-60-5
1-18	1645316-98-8
1-18	1666-13-3
1-18	174817-89-1
1-18	17508-29-1
1-18	1755-36-8
1-18	17697-12-0
1-18	17852-69-6
1-18	1799735-35-5
1-18	18312-66-8
1-18	1879054-37-1
1-18	1898210-10-0
1-18	18987-38-7
1-18	19188-18-2
1-18	19632-73-6
1-18	19869-93-3
1-18	20405-64-5
1-18	20541-49-5
1-18	20601-83-6
1-18	2068005-39-8
1-18	2087110-63-0
1-18	20960-77-4
1-18	21198-79-8
1-18	21559-14-8
1-18	2179-79-5
1-18	2196169-62-5
1-18	2222122-62-3
1-18	22541-55-5
1-18	2412416-26-1
1-18	2414965-66-3
1-18	24493-83-2
1-18	24493-84-3
1-18	24495-43-0
1-18	24495-59-8
1-18	24687-31-8
1-18	24687-35-2
1-18	2490500-45-1
1-18	25425-97-2
1-18	25468-09-1
1-18	2574-71-2
1-18	2578-27-0
1-18	2578-28-1
1-18	25930-79-4
1-18	26046-90-2
1-18	26271-85-2
1-18	264921-16-6
1-18	2697-61-2
1-18	26970-82-1
1-18	272-30-0
1-18	2724228-22-0
1-18	273-15-4
1-18	2749963-13-9
1-18	2777-58-4
1-18	2786-43-8
1-18	2818-88-4
1-18	2818-89-5
1-18	2870-37-3
1-18	2870-38-4
1-18	288-05-1
1-18	2897-21-4
1-18	29411-74-3
1-18	2946-15-8
1-18	2946-17-0
1-18	2946-20-5
1-18	29528-97-0
1-18	29621-88-3
1-18	29680-54-4
1-18	2996841-70-2
1-18	309242-70-4
1-18	309242-71-5
1-18	31052-43-4
1-18	31052-46-7
1-18	3211-76-5
1-18	32835-25-9
1-18	32835-32-8
1-18	33144-86-4
1-18	33609-19-7
1-18	3425-46-5
1-18	34276-89-6
1-18	34837-55-3
1-18	35350-43-7
1-18	3542-13-0
1-18	35498-95-4
1-18	36297-89-9
1-18	37256-15-8
1-18	37256-16-9
1-18	37359-15-2
1-18	37773-02-7
1-18	38650-20-3
1-18	3878-44-2
1-18	39399-60-5
1-18	39404-76-7
1-18	39712-38-4
1-18	39981-05-0
1-18	40093-99-0
1-18	41262-21-9
1-18	41292-06-2
1-18	42423-89-2
1-18	42905-02-2
1-18	4671-93-6
1-18	4730-83-0
1-18	50378-83-1
1-18	506-80-9
1-18	50647-14-8
1-18	50829-23-7
1-18	50926-12-0
1-18	5117-16-8
1-18	5117-17-9
1-18	51682-05-4
1-18	51682-74-7
1-18	51682-77-0
1-18	51694-22-5
1-18	51799-69-0
1-18	52126-83-7
1-18	52513-84-5
1-18	52685-95-7
1-18	5270-30-4
1-18	53800-83-2
1-18	5456-28-0
1-18	55259-49-9
1-18	5533-46-0
1-18	55425-27-9
1-18	55811-25-1
1-18	56051-04-8
1-18	56051-08-2
1-18	56093-45-9
1-18	56253-60-2
1-18	5707-04-0
1-18	57478-60-1
1-18	57673-50-4
1-18	57897-99-1
1-18	58127-88-1
1-18	5819-01-2
1-18	58339-34-7
1-18	593-79-3
1-18	59918-84-2
1-18	60763-24-8
1-18	60860-63-1
1-18	60940-34-3
1-18	62042-25-5
1-18	627-53-2
1-18	628-39-7
1-18	630-10-4
1-18	63090-47-1
1-18	63149-25-7
1-18	63795-61-9
1-18	63815-64-5
1-18	63815-75-8
1-18	63815-76-9
1-18	63815-80-5
1-18	63815-98-5
1-18	63816-07-9
1-18	63816-14-8
1-18	63816-15-9
1-18	63816-16-0
1-18	63816-17-1
1-18	63870-44-0
1-18	63870-48-4
1-18	63906-49-0
1-18	63906-50-3
1-18	63907-45-9
1-18	63981-20-4
1-18	63981-21-5
1-18	64046-00-0
1-18	645-96-5
1-18	6486-05-1
1-18	65294-08-8
1-18	66142-22-1
1-18	66375-26-6
1-18	66455-76-3
1-18	67014-91-9
1-18	67465-26-3
1-18	67711-96-0
1-18	67711-97-1
1-18	67711-98-2
1-18	67711-99-3
1-18	67712-00-9
1-18	67800-88-8
1-18	6810-64-6
1-18	68413-87-6
1-18	68443-89-0
1-18	68516-47-2
1-18	68541-88-8
1-18	68555-40-8
1-18	68611-66-5
1-18	68758-81-6
1-18	69012-41-5
1-18	69029-55-6
1-18	69029-88-5
1-18	695161-38-7
1-18	6996-92-5
1-18	70134-26-8
1-18	70679-43-5
1-18	70714-63-5
1-18	70867-60-6
1-18	70942-37-9
1-18	7101-31-7
1-18	71098-88-9
1-18	71243-75-9
1-18	72473-22-4
1-18	72491-44-2
1-18	72828-62-7
1-18	72924-94-8
1-18	7310-87-4
1-18	73506-32-8
1-18	73508-21-1
1-18	7370-58-3
1-18	74037-18-6
1-18	7446-08-4
1-18	7446-15-3
1-18	7446-17-5
1-18	7446-21-1
1-18	7446-22-2
1-18	7446-24-4
1-18	7446-34-6
1-18	7488-51-9
1-18	7488-56-4
1-18	75926-26-0
1-18	76213-48-4
1-18	7782-82-3
1-18	7783-00-8
1-18	7783-07-5
1-18	7783-08-6
1-18	7783-19-9
1-18	7783-21-3
1-18	7783-43-9
1-18	7783-79-1
1-18	7784-05-6
1-18	7784-07-8
1-18	7787-41-9
1-18	7788-94-5
1-18	7789-51-7
1-18	7789-52-8
1-18	7789-65-3
1-18	7790-59-2
1-18	7790-71-8
1-18	7790-74-1
1-18	7791-23-3
1-18	83783-61-3
1-18	84255-09-4
1-18	845890-99-5
1-18	85050-02-8
1-18	85050-03-9
1-18	85539-83-9
1-18	856616-83-6
1-18	860308-46-9
1-18	873660-49-2
1-18	877454-24-5
1-18	879546-05-1
1-18	88608-76-8
1-18	89703-05-9
1-18	90218-42-1
1-18	90466-79-8
1-18	909-64-8
1-18	920-25-2
1-18	92062-13-0
1-18	92128-37-5
1-18	92484-66-7
1-18	93838-99-4
1-18	93839-00-0
1-18	93857-70-6
1-18	93857-89-7
1-18	93964-28-4
1-18	94158-30-2
1-18	94166-38-8
1-18	94166-40-2
1-18	94213-13-5
1-18	957799-13-2
1-18	97507-71-6
1-18	98191-69-6
1-18	988-93-2
1-18	99811-54-8
1-18	RR-00485-3
1-18	RR-00612-2
1-18	RR-01919-2
1-18	RR-04026-6
1-18	RR-04552-3
1-18	RR-14741-1
1-18	RR-14872-1
1-18	RR-34608-7
1-18	RR-34653-2
1-18	RR-35224-9
1-18	RR-35401-8
1-18	RR-35957-9
1-18	RR-36767-9
1-18	RR-37334-2
1-18	RR-37537-1
1-18	RR-38927-5
1-18	RR-42178-3
1-18	RR-42851-3
1-18	RR-43729-6
1-18	RR-43833-5
1-18	RR-45490-0
1-18	RR-46259-9
1-18	RR-46260-2
1-18	RR-46261-3
1-18	RR-56256-1
1-18	UN1905
1-18	UN2194
1-18	UN2202
1-18	UN2630
1-18	UN2657
1-18	UN2879
1-19	107-49-3
1-19-2	79538-32-2
1-19-3	10424-65-4
1-19-3	104422-11-9
1-19-3	105468-35-7
1-19-3	117277-88-0
1-19-3	123626-97-1
1-19-3	1239135-84-2
1-19-3	129653-91-4
1-19-3	129654-61-1
1-19-3	143549-79-5
1-19-3	154636-59-6
1-19-3	195460-17-4
1-19-3	75-59-2
1-19-3	78017-87-5
1-19-3	93615-68-0
1-19-3	950683-29-1
1-19-3	UN1835
1-19-4	1135443-22-9
1-19-4	15880-99-6
1-19-4	2439-10-3
1-19-4	51426-08-5
1-19-4	96923-04-5
1-19-5	98-07-7
1-19-5	UN2226
1-19-6	102-82-9
1-19-6	168153-19-3
1-19-6	UN2542
1-19-7	55134-13-9
1-19-7	RR-54561-9
1-2	2104-64-5
1-2	65580-79-2
1-2	65580-80-5
1-2-2	14202-66-5
1-2-2	54381-26-9
1-2-3	114415-79-1
1-2-3	98-09-9
1-2-3	UN2225
1-2-4	10025-87-3
1-2-4	1258871-72-5
1-2-4	39380-77-3
1-2-4	UN1810
1-20	13890-81-8
1-20	13890-82-9
1-20	16760-37-5
1-20	22083-74-5
1-20	25162-00-9
1-20	54-11-5
1-20	551-13-3
1-20	6912-85-2
1-20	74555-91-2
1-20	UN1654
1-21	100022-25-1
1-21	10020-05-0
1-21	100435-91-4
1-21	10047-35-5
1-21	102857-74-9
1-21	104062-50-2
1-21	110441-65-1
1-21	110794-22-4
1-21	118980-02-2
1-21	119328-39-1
1-21	119427-28-0
1-21	119543-59-8
1-21	119543-61-2
1-21	119543-62-3
1-21	119543-63-4
1-21	119543-64-5
1-21	122759-59-5
1-21	12328-53-9
1-21	125947-48-0
1-21	126425-22-7
1-21	126425-23-8
1-21	126460-15-9
1-21	126460-16-0
1-21	126460-19-3
1-21	126460-20-6
1-21	126505-90-6
1-21	127088-40-8
1-21	128758-70-3
1-21	129047-75-2
1-21	129721-88-6
1-21	130555-55-4
1-21	13624-74-3
1-21	13624-75-4
1-21	13624-76-5
1-21	13624-77-6
1-21	13624-78-7
1-21	13624-79-8
1-21	137740-94-4
1-21	13837-13-3
1-21	13837-14-4
1-21	13890-80-7
1-21	13890-83-0
1-21	13890-84-1
1-21	13890-85-2
1-21	13890-86-3
1-21	13890-87-4
1-21	13890-88-5
1-21	14032-92-9
1-21	14129-12-5
1-21	14129-13-6
1-21	1421-32-5
1-21	14222-24-3
1-21	14474-00-1
1-21	14480-51-4
1-21	14544-85-5
1-21	151527-31-0
1-21	151528-73-3
1-21	15197-02-1
1-21	15375-89-0
1-21	15566-33-3
1-21	15566-45-7
1-21	15677-87-9
1-21	16426-45-2
1-21	16488-84-9
1-21	18911-12-1
1-21	19333-07-4
1-21	19527-02-7
1-21	20334-41-2
1-21	20539-51-9
1-21	21361-93-3
1-21	21583-33-5
1-21	22083-76-7
1-21	23277-52-3
1-21	23758-42-1
1-21	23758-43-2
1-21	24580-89-0
1-21	25137-75-1
1-21	25221-70-9
1-21	26793-60-2
1-21	26793-61-3
1-21	27399-23-1
1-21	2820-51-1
1-21	28357-52-0
1-21	29790-52-1
1-21	31269-83-7
1-21	3275-73-8
1-21	36447-36-6
1-21	39461-16-0
1-21	39461-17-1
1-21	41944-89-2
1-21	46002-56-6
1-21	4699-61-0
1-21	4699-62-1
1-21	4699-63-2
1-21	4699-64-3
1-21	4699-65-4
1-21	4777-37-1
1-21	51385-03-6
1-21	5153-64-0
1-21	5308-71-4
1-21	53224-08-1
1-21	5456-02-0
1-21	54661-91-5
1-21	5562-64-1
1-21	55774-24-8
1-21	55990-77-7
1-21	56110-75-9
1-21	58787-03-4
1-21	58947-99-2
1-21	59598-67-3
1-21	59598-68-4
1-21	59598-69-5
1-21	59598-70-8
1-21	59598-84-4
1-21	59599-00-7
1-21	59888-66-3
1-21	60004-81-1
1-21	60065-70-5
1-21	6012-21-1
1-21	6012-23-3
1-21	6019-02-9
1-21	6019-03-0
1-21	6019-04-1
1-21	6019-06-3
1-21	6019-09-6
1-21	6059-25-2
1-21	61091-23-4
1-21	61566-91-4
1-21	6159-83-7
1-21	6169-10-4
1-21	6191-53-3
1-21	62201-70-1
1-21	65-30-5
1-21	65-31-6
1-21	6505-86-8
1-21	6509-46-2
1-21	653-81-6
1-21	6549-06-0
1-21	6550-19-2
1-21	6591-68-0
1-21	66915-36-4
1-21	66915-45-5
1-21	68935-25-1
1-21	68935-26-2
1-21	72057-10-4
1-21	72057-11-5
1-21	73057-36-0
1-21	73086-01-8
1-21	73086-02-9
1-21	73086-03-0
1-21	88660-49-5
1-21	88660-50-8
1-21	88660-51-9
1-21	88660-52-0
1-21	88660-53-1
1-21	88660-54-2
1-21	88660-55-3
1-21	88660-56-4
1-21	88660-57-5
1-21	88660-58-6
1-21	88660-59-7
1-21	88660-60-0
1-21	88660-62-2
1-21	88660-63-3
1-21	88673-56-7
1-21	88673-57-8
1-21	90937-10-3
1-21	90937-12-5
1-21	90937-13-6
1-21	90960-67-1
1-21	91098-28-1
1-21	91198-78-6
1-21	94006-00-5
1-21	96055-45-7
1-21	RR-00378-1
1-21	UN1656
1-21	UN1657
1-21	UN3444
1-22	12612-55-4
1-22	13005-31-7
1-22	13463-39-3
1-22	14875-95-7
1-22	26024-55-5
1-22	33637-76-2
1-22	33637-77-3
1-22	36252-60-5
1-22	42126-46-5
1-22	60120-57-2
1-22	71327-12-3
1-22	848779-18-0
1-22-2	103072-21-5
1-22-2	107314-16-9
1-22-2	1081805-58-4
1-22-2	123773-48-8
1-22-2	190601-97-9
1-22-2	201536-77-8
1-22-2	218459-95-1
1-22-2	280144-17-4
1-22-2	5124-30-1
1-22-2	68966-63-2
1-22-2	73156-15-7
1-22-2	88504-76-1
1-22-3	95465-99-9
1-23	100258-44-4
1-23	10031-13-7
1-23	100311-01-1
1-23	10048-95-0
1-23	100482-34-6
1-23	100641-27-8
1-23	100656-54-0
1-23	10080-72-5
1-23	100995-81-1
1-23	10101-57-2
1-23	10102-48-4
1-23	10102-49-5
1-23	10102-50-8
1-23	10102-53-1
1-23	10103-50-1
1-23	10103-60-3
1-23	10103-61-4
1-23	10103-62-5
1-23	10124-50-2
1-23	101319-72-6
1-23	1016982-35-6
1-23	101836-84-4
1-23	101860-05-3
1-23	1018852-79-3
1-23	102055-05-0
1-23	102110-21-4
1-23	102110-48-5
1-23	102110-56-5
1-23	102110-62-3
1-23	102430-06-8
1-23	102516-61-0
1-23	102525-64-4
1-23	10290-12-7
1-23	1032564-26-3
1-23	1032564-28-5
1-23	10326-24-6
1-23	10336-66-0
1-23	10336-68-2
1-23	10336-71-7
1-23	10378-48-0
1-23	104170-16-3
1-23	10476-82-1
1-23	10476-87-6
1-23	106070-25-1
1-23	106097-60-3
1-23	106097-61-4
1-23	106097-63-6
1-23	106104-30-7
1-23	106129-90-2
1-23	106194-88-1
1-23	106495-95-8
1-23	106604-55-1
1-23	106699-17-6
1-23	106804-39-1
1-23	106804-40-4
1-23	106957-86-2
1-23	107-34-6
1-23	107067-98-1
1-23	107067-99-2
1-23	107103-01-5
1-23	107121-52-8
1-23	107121-53-9
1-23	107251-67-2
1-23	107251-68-3
1-23	107284-23-1
1-23	107391-69-5
1-23	107477-77-0
1-23	107498-96-4
1-23	107636-81-7
1-23	107762-95-8
1-23	107793-14-6
1-23	107793-15-7
1-23	107793-16-8
1-23	107992-66-5
1-23	108424-60-8
1-23	108424-61-9
1-23	108600-27-7
1-23	108801-46-3
1-23	108801-47-4
1-23	108821-70-1
1-23	108821-71-2
1-23	108821-72-3
1-23	108821-73-4
1-23	108821-74-5
1-23	108821-75-6
1-23	108855-42-1
1-23	108855-43-2
1-23	1091626-85-5
1-23	109877-61-4
1-23	109882-46-4
1-23	110602-77-2
1-23	110603-58-2
1-23	110603-60-6
1-23	110687-64-4
1-23	11075-32-4
1-23	110781-06-1
1-23	110781-07-2
1-23	110781-08-3
1-23	110832-28-5
1-23	11105-04-7
1-23	11111-46-9
1-23	111242-84-3
1-23	111242-85-4
1-23	11126-73-1
1-23	111419-46-6
1-23	111776-55-7
1-23	112050-17-6
1-23	112070-47-0
1-23	1122-90-3
1-23	112285-95-7
1-23	113228-99-2
1-23	113229-01-9
1-23	113515-10-9
1-23	113553-75-6
1-23	113876-86-1
1-23	113919-96-3
1-23	113919-97-4
1-23	113919-98-5
1-23	113920-24-4
1-23	113959-74-3
1-23	114755-61-2
1-23	114756-91-1
1-23	114824-20-3
1-23	1153-05-5
1-23	115493-57-7
1-23	115728-29-5
1-23	116-49-4
1-23	116065-96-4
1-23	116099-09-3
1-23	116473-38-2
1-23	1174204-79-5
1-23	117746-50-6
1-23	118340-36-6
1-23	119-96-0
1-23	1192411-43-0
1-23	119354-96-0
1-23	1197-16-6
1-23	12002-03-8
1-23	12003-04-2
1-23	12005-69-5
1-23	12005-70-8
1-23	12005-75-3
1-23	12005-81-1
1-23	12005-82-2
1-23	12005-86-6
1-23	12005-88-8
1-23	12005-89-9
1-23	12005-92-4
1-23	12005-94-6
1-23	12005-95-7
1-23	12005-96-8
1-23	12005-99-1
1-23	12006-05-2
1-23	12006-06-3
1-23	12006-08-5
1-23	12006-09-6
1-23	12006-10-9
1-23	12006-12-1
1-23	12006-15-4
1-23	12006-21-2
1-23	12006-40-5
1-23	120148-08-5
1-23	120149-75-9
1-23	120149-76-0
1-23	12044-16-5
1-23	12044-20-1
1-23	12044-21-2
1-23	12044-22-3
1-23	12044-25-6
1-23	12044-28-9
1-23	12044-30-3
1-23	12044-30-3
1-23	12044-31-4
1-23	12044-32-5
1-23	12044-42-7
1-23	12044-49-4
1-23	12044-50-7
1-23	12044-52-9
1-23	12044-54-1
1-23	12044-55-2
1-23	12044-57-4
1-23	12044-65-4
1-23	12044-79-0
1-23	12068-59-6
1-23	12068-61-0
1-23	121-19-7
1-23	121-59-5
1-23	12254-85-2
1-23	12254-88-5
1-23	12255-04-8
1-23	12255-08-2
1-23	12255-09-3
1-23	12255-10-6
1-23	12255-11-7
1-23	12255-36-6
1-23	12255-39-9
1-23	12255-48-0
1-23	12255-50-4
1-23	12255-53-7
1-23	12255-80-0
1-23	12255-89-9
1-23	12255-99-1
1-23	12256-04-1
1-23	12256-33-6
1-23	12271-72-6
1-23	12279-90-2
1-23	12310-22-4
1-23	123334-18-9
1-23	12344-68-2
1-23	12355-85-0
1-23	12393-61-2
1-23	124-58-3
1-23	124-65-2
1-23	12414-94-7
1-23	12417-99-1
1-23	124260-75-9
1-23	12445-06-6
1-23	12505-63-4
1-23	12511-97-6
1-23	125687-68-5
1-23	125694-36-2
1-23	125715-67-5
1-23	126-82-9
1-23	12612-21-4
1-23	12626-31-2
1-23	1263481-96-4
1-23	126999-21-1
1-23	127-85-5
1-23	12774-48-0
1-23	12777-38-7
1-23	127795-79-3
1-23	12780-90-4
1-23	12795-30-1
1-23	128662-88-4
1-23	129618-34-4
1-23	1299-88-3
1-23	1303-00-0
1-23	1303-11-3
1-23	1303-13-5
1-23	1303-18-0
1-23	1303-22-6
1-23	1303-28-2
1-23	1303-32-8
1-23	1303-33-9
1-23	1303-34-0
1-23	1303-36-2
1-23	1303-37-3
1-23	1303-39-5
1-23	130917-47-4
1-23	1314087-58-5
1-23	1315336-31-2
1-23	131599-73-0
1-23	131599-74-1
1-23	131599-76-3
1-23	132-33-2
1-23	13246-32-7
1-23	1327-52-2
1-23	1327-53-3
1-23	1332-10-1
1-23	1333-25-1
1-23	13355-00-5
1-23	13367-92-5
1-23	133927-17-0
1-23	1343-96-0
1-23	1345-20-6
1-23	13453-15-1
1-23	13462-91-4
1-23	13462-93-6
1-23	13462-94-7
1-23	13464-35-2
1-23	13464-36-3
1-23	13464-37-4
1-23	13464-38-5
1-23	13464-39-6
1-23	13464-42-1
1-23	13464-43-2
1-23	13464-44-3
1-23	13464-58-9
1-23	13464-68-1
1-23	13477-04-8
1-23	13477-70-8
1-23	13478-14-3
1-23	13478-34-7
1-23	13478-34-7
1-23	13478-34-7
1-23	13510-31-1
1-23	13510-44-6
1-23	13510-46-8
1-23	13510-72-0
1-23	13510-94-6
1-23	1355049-91-0
1-23	1363218-52-3
1-23	13702-38-0
1-23	13843-65-7
1-23	138608-19-2
1-23	139-93-5
1-23	13911-65-4
1-23	140-45-4
1-23	14034-76-5
1-23	14060-38-9
1-23	14304-78-0
1-23	144-21-8
1-23	144-87-6
1-23	1450620-86-6
1-23	14525-25-8
1-23	14644-70-3
1-23	146504-31-6
1-23	14674-83-0
1-23	14687-61-7
1-23	14765-72-1
1-23	14809-44-0
1-23	14809-45-1
1-23	14849-23-1
1-23	14973-92-3
1-23	1499-33-8
1-23	15120-17-9
1-23	15122-58-4
1-23	15194-98-6
1-23	15195-00-3
1-23	15195-06-9
1-23	1535485-71-2
1-23	15422-59-0
1-23	15575-20-9
1-23	15606-95-8
1-23	15755-33-6
1-23	15755-35-8
1-23	16102-92-4
1-23	16142-89-5
1-23	164170-84-7
1-23	16509-22-1
1-23	1668-00-4
1-23	16685-55-5
1-23	1685247-26-0
1-23	17029-22-0
1-23	17068-85-8
1-23	17068-86-9
1-23	1758-48-1
1-23	1772-02-7
1-23	1776-70-1
1-23	185395-33-9
1-23	188947-55-9
1-23	1929572-29-1
1-23	1940140-03-3
1-23	199744-45-1
1-23	2045-00-3
1-23	2071237-20-0
1-23	2089208-18-2
1-23	21006-73-5
1-23	21093-83-4
1-23	21480-65-9
1-23	2163-77-1
1-23	2163-80-6
1-23	217972-77-5
1-23	21840-08-4
1-23	21892-63-7
1-23	2215-16-9
1-23	2226341-09-7
1-23	2240157-94-0
1-23	22441-45-8
1-23	22538-92-7
1-23	22541-54-4
1-23	22626-92-2
1-23	22739-14-6
1-23	22831-42-1
1-23	22904-84-3
1-23	2321-53-1
1-23	23302-47-8
1-23	23525-22-6
1-23	23582-05-0
1-23	23582-06-1
1-23	23878-46-8
1-23	24440-79-7
1-23	2445-07-0
1-23	24719-13-9
1-23	24719-19-5
1-23	2511147-66-1
1-23	2533-82-6
1-23	27016-73-5
1-23	27016-75-7
1-23	27152-57-4
1-23	27526-45-0
1-23	27569-09-1
1-23	28380-38-3
1-23	2865-70-5
1-23	28837-97-0
1-23	2896-10-8
1-23	28980-47-4
1-23	28980-48-5
1-23	29871-10-1
1-23	29871-13-4
1-23	29935-35-1
1-23	306-12-7
1-23	3141-12-6
1-23	32322-13-7
1-23	32680-29-8
1-23	32775-46-5
1-23	333-25-5
1-23	33382-64-8
1-23	35171-52-9
1-23	352030-72-9
1-23	3547-38-4
1-23	35745-11-0
1-23	3599-28-8
1-23	3639-19-8
1-23	36465-76-6
1-23	3687-31-8
1-23	3688-92-4
1-23	37196-28-4
1-23	37226-49-6
1-23	37337-11-4
1-23	37382-15-3
1-23	3772-44-9
1-23	3861-75-4
1-23	39297-24-0
1-23	39310-41-3
1-23	3937-40-4
1-23	39399-60-5
1-23	3969-54-8
1-23	40334-69-8
1-23	40334-70-1
1-23	420-24-6
1-23	4262-43-5
1-23	437-15-0
1-23	4431-24-7
1-23	4519-32-8
1-23	457-60-3
1-23	4656-80-8
1-23	471-35-2
1-23	4808-24-6
1-23	494-79-1
1-23	4964-14-1
1-23	50288-23-8
1-23	503-80-0
1-23	50641-75-3
1-23	507-27-7
1-23	507-28-8
1-23	515-76-4
1-23	520-10-5
1-23	52081-02-4
1-23	52126-83-7
1-23	52740-16-6
1-23	531-72-6
1-23	534-33-8
1-23	53404-12-9
1-23	53404-47-0
1-23	53669-45-7
1-23	538-03-4
1-23	53800-83-2
1-23	53923-27-6
1-23	541-25-3
1-23	5410-29-7
1-23	5425-62-7
1-23	5440-04-0
1-23	549-59-7
1-23	554-72-3
1-23	55588-51-7
1-23	557-89-1
1-23	558-31-6
1-23	55957-14-7
1-23	56320-22-0
1-23	56450-43-2
1-23	566188-87-2
1-23	56626-06-3
1-23	56729-51-2
1-23	57673-50-4
1-23	578-94-9
1-23	5785-43-3
1-23	57900-42-2
1-23	58-36-6
1-23	5806-84-8
1-23	5806-89-3
1-23	58076-82-7
1-23	58076-82-7
1-23	58114-73-1
1-23	5814-20-0
1-23	585-54-6
1-23	5892-48-8
1-23	590-34-1
1-23	59229-13-9
1-23	593-52-2
1-23	593-58-8
1-23	593-88-4
1-23	593-89-5
1-23	59400-80-5
1-23	59634-20-7
1-23	5968-84-3
1-23	598-14-1
1-23	60154-16-7
1-23	60168-33-4
1-23	6018-31-1
1-23	60189-99-3
1-23	603-32-7
1-23	60646-36-8
1-23	60909-47-9
1-23	60953-19-7
1-23	6101-00-4
1-23	61219-26-9
1-23	6131-99-3
1-23	6131-99-3
1-23	61462-16-6
1-23	617-75-4
1-23	618-22-4
1-23	618-25-7
1-23	618-82-6
1-23	620-27-9
1-23	6217-24-9
1-23	622-68-4
1-23	62337-00-2
1-23	62613-15-4
1-23	62702-52-7
1-23	6306-96-3
1-23	63217-32-3
1-23	63217-33-4
1-23	63468-73-5
1-23	63665-22-5
1-23	637-03-6
1-23	6379-37-9
1-23	6380-34-3
1-23	63957-41-5
1-23	63989-69-5
1-23	64046-74-8
1-23	64046-75-9
1-23	64046-96-4
1-23	64047-01-4
1-23	64048-88-0
1-23	64048-89-1
1-23	64048-90-4
1-23	64048-96-0
1-23	64048-98-2
1-23	64048-99-3
1-23	64049-05-4
1-23	64049-06-5
1-23	64049-08-7
1-23	64049-09-8
1-23	64049-10-1
1-23	64049-11-2
1-23	64049-12-3
1-23	64049-14-5
1-23	64049-15-6
1-23	64049-16-7
1-23	64049-17-8
1-23	64049-22-5
1-23	64049-23-6
1-23	64049-24-7
1-23	64049-25-8
1-23	64070-83-3
1-23	64475-90-7
1-23	64684-28-2
1-23	64887-10-1
1-23	64973-06-4
1-23	65113-28-2
1-23	65453-05-6
1-23	65997-18-4
1-23	66019-20-3
1-23	6634-88-4
1-23	67226-86-2
1-23	67251-38-1
1-23	676-70-0
1-23	676-71-1
1-23	676-75-5
1-23	67711-96-0
1-23	67712-00-9
1-23	683-43-2
1-23	683-45-4
1-23	686-61-3
1-23	68611-46-1
1-23	68784-76-9
1-23	688-97-1
1-23	68892-01-3
1-23	68951-38-2
1-23	68957-75-5
1-23	69011-59-2
1-23	69011-60-5
1-23	69012-20-0
1-23	69012-51-7
1-23	69012-57-3
1-23	69029-45-4
1-23	69029-49-8
1-23	69029-51-2
1-23	69029-67-0
1-23	69029-69-2
1-23	69029-70-5
1-23	69029-78-3
1-23	69029-88-5
1-23	69029-90-9
1-23	69029-97-6
1-23	692-23-9
1-23	692-42-2
1-23	692-95-5
1-23	696-28-6
1-23	6966-64-9
1-23	70333-07-2
1-23	71130-50-2
1-23	71130-51-3
1-23	712-48-1
1-23	72067-67-5
1-23	72845-34-2
1-23	73003-83-5
1-23	73156-86-2
1-23	73688-85-4
1-23	73728-19-5
1-23	749262-24-6
1-23	75-60-5
1-23	7631-89-2
1-23	76407-89-1
1-23	7645-25-2
1-23	7681-83-6
1-23	7774-41-6
1-23	7778-39-4
1-23	7778-41-8
1-23	7778-43-0
1-23	7778-44-1
1-23	7784-08-9
1-23	7784-33-0
1-23	7784-34-1
1-23	7784-35-2
1-23	7784-36-3
1-23	7784-37-4
1-23	7784-38-5
1-23	7784-40-9
1-23	7784-41-0
1-23	7784-42-1
1-23	7784-44-3
1-23	7784-45-4
1-23	7784-46-5
1-23	7785-24-2
1-23	7786-36-9
1-23	78331-48-3
1-23	8011-67-4
1-23	8012-54-2
1-23	8028-22-6
1-23	8028-23-7
1-23	8028-73-7
1-23	8052-79-7
1-23	8066-44-2
1-23	8073-10-7
1-23	80879-64-7
1-23	80925-03-7
1-23	817163-85-2
1-23	822-65-1
1-23	829-83-4
1-23	84057-85-2
1-23	84195-61-9
1-23	84215-47-4
1-23	84215-48-5
1-23	84282-36-0
1-23	84304-15-4
1-23	84304-16-5
1-23	84776-01-2
1-23	85117-02-8
1-23	85237-42-9
1-23	855886-94-1
1-23	855954-34-6
1-23	856307-43-2
1-23	856565-65-6
1-23	856568-31-5
1-23	878891-76-0
1-23	900-77-6
1-23	900531-39-7
1-23	91053-46-2
1-23	91053-47-3
1-23	91053-48-4
1-23	917-76-0
1-23	91724-16-2
1-23	92062-13-0
1-23	92128-37-5
1-23	926-53-4
1-23	93841-79-3
1-23	94113-53-8
1-23	94138-87-1
1-23	94232-26-5
1-23	94278-22-5
1-23	94313-58-3
1-23	945-48-2
1-23	94551-66-3
1-23	94551-87-8
1-23	97-44-9
1-23	97404-76-7
1-23	97791-83-8
1-23	98-05-5
1-23	98-14-6
1-23	98-50-0
1-23	98-72-6
1-23	98106-56-0
1-23	98246-91-4
1-23	99035-51-5
1-23	NA1556
1-23	P-91-1278
1-23	RR-00035-1
1-23	RR-00065-7
1-23	RR-00104-7
1-23	RR-00132-1
1-23	RR-00154-7
1-23	RR-00586-7
1-23	RR-00625-7
1-23	RR-00717-0
1-23	RR-00732-9
1-23	RR-00733-0
1-23	RR-00801-5
1-23	RR-01200-0
1-23	RR-01275-9
1-23	RR-01292-0
1-23	RR-01513-4
1-23	RR-01913-6
1-23	RR-02086-0
1-23	RR-03689-5
1-23	RR-04020-0
1-23	RR-06762-9
1-23	RR-07194-3
1-23	RR-10012-9
1-23	RR-10387-7
1-23	RR-10388-8
1-23	RR-10463-2
1-23	RR-11147-7
1-23	RR-11148-8
1-23	RR-12396-6
1-23	RR-12442-5
1-23	RR-12446-9
1-23	RR-12618-1
1-23	RR-12622-7
1-23	RR-12626-1
1-23	RR-13297-8
1-23	RR-14263-2
1-23	RR-14736-4
1-23	RR-17668-1
1-23	RR-19628-1
1-23	RR-209165-8
1-23	RR-42176-1
1-23	RR-42178-3
1-23	RR-42180-7
1-23	RR-42236-6
1-23	RR-42793-0
1-23	RR-42906-1
1-23	RR-43729-6
1-23	RR-43827-7
1-23	RR-46599-6
1-23	RR-55401-8
1-23	RR-58785-9
1-23	RR-58786-0
1-23	UN1546
1-23	UN1553
1-23	UN1554
1-23	UN1555
1-23	UN1559
1-23	UN1560
1-23	UN1561
1-23	UN1572
1-23	UN1573
1-23	UN1585
1-23	UN1586
1-23	UN1606
1-23	UN1607
1-23	UN1608
1-23	UN1622
1-23	UN1623
1-23	UN1678
1-23	UN1683
1-23	UN1685
1-23	UN1686
1-23	UN1688
1-23	UN1691
1-23	UN1698
1-23	UN1699
1-23	UN1712
1-23	UN1892
1-23	UN2027
1-23	UN2188
1-23	UN2473
1-23	UN3450
1-23-2	10217-52-4
1-23-2	119775-10-9
1-23-2	302-01-2
1-23-2	31886-26-7
1-23-2	75013-58-0
1-23-2	78206-91-4
1-23-2	UN2029
1-23-3	139642-59-4
1-23-3	77210-89-0
1-23-3	818-61-1
1-23-4	108114-39-2
1-23-4	110608-37-2
1-23-4	1202865-35-7
1-23-4	177564-71-5
1-23-4	198351-78-9
1-23-4	204013-22-9
1-23-4	25584-83-2
1-23-4	27985-80-4
1-23-4	2918-23-2
1-23-4	457899-96-6
1-23-4	50984-64-0
1-23-4	50985-29-0
1-23-4	56084-03-8
1-23-4	71551-14-9
1-23-4	79896-87-0
1-23-4	91029-98-0
1-23-4	91313-64-3
1-23-4	999-61-1
1-23-5	65907-30-4
1-24	32057-09-3
1-24	326604-75-5
1-24	7664-39-3
1-24	UN1052
1-24	UN1790
1-24-2	2699-79-8
1-24-2	UN2191
1-24-3	1086196-04-4
1-24-3	7789-21-1
1-24-3	UN1777
1-24-4	459-02-9
1-24-4	64609-06-9
1-24-4	RR-86879-1
1-24-5	55837-20-2
1-24-5	RR-65194-5
1-24-6	105-36-2
1-24-6	679806-14-5
1-24-6	UN1603
1-24-7	12684-28-5
1-24-7	13356-08-6
1-24-7	57547-75-8
1-25	72-20-8
1-26	115-29-7
1-26	12640-58-3
1-26	19595-59-6
1-26	29106-31-8
1-26	33213-65-9
1-26	33213-66-0
1-26	426824-51-3
1-26	6994-04-3
1-26	8003-45-0
1-26	959-98-8
1-26-10	505027-72-5
1-26-10	63933-47-1
1-26-10	74-93-1
1-26-10	UN1064
1-26-11	39603-48-0
1-26-12	60-24-2
1-26-12	99748-78-4
1-26-12	UN2966
1-26-2	77-47-4
1-26-2	UN2646
1-26-3	108-98-5
1-26-3	UN2337
1-26-4	75-44-5
1-26-4	957761-04-5
1-26-4	UN1076
1-26-5	124-63-0
1-26-5	UN3246
1-26-6	2346-99-8
1-26-7	23135-22-0
1-26-8	676-97-1
1-26-8	NA9206
1-26-9	136511-07-4
1-26-9	136799-44-5
1-26-9	16752-77-5
1-26-9	19928-35-9
1-26-9	19928-37-1
1-26-9	22224-93-7
1-27	20424-95-7
1-27	23745-86-0
1-27	62-74-8
1-27	63905-85-1
1-27	63905-86-2
1-27	63905-88-4
1-27	63905-89-5
1-27	63905-90-8
1-27	RR-33012-1
1-27	UN2628
1-27	UN2629
1-28	640-19-7
1-29	12057-74-8
1-29	1302-45-0
1-29	182321-38-6
1-29	20859-73-8
1-29	71751-04-7
1-29	8005-48-9
1-29	RR-00139-8
1-29	RR-14699-6
1-29	UN1397
1-29	UN3048
1-3	12185-10-3
1-3	14596-37-3
1-3	15749-66-3
1-3	29879-37-6
1-3	7723-14-0
1-3	UN1338
1-3	UN1381
1-3	UN2447
1-30	167076-44-0
1-30	7803-51-2
1-30	UN2199
1-31	26979-63-5
1-31	26979-64-6
1-31	26979-66-8
1-31	26979-67-9
1-31	26979-72-6
1-31	26979-73-7
1-31	7783-82-6
1-31	UN2196
1-4	21152-15-8
1-4	297-78-9
1-4	3212-31-5
1-5	152-16-9
1-5-2	12547-31-8
1-5-2	681-84-5
1-5-2	UN2606
1-6	8063-06-7
1-6-10	10026-13-8
1-6-10	UN1806
1-6-11	10294-34-5
1-6-11	31012-04-1
1-6-11	UN1741
1-6-12	7719-12-2
1-6-12	UN1809
1-6-13	1307-96-6
1-6-13	185461-93-2
1-6-13	186373-01-3
1-6-14	109704-87-2
1-6-14	13319-75-0
1-6-14	155123-44-7
1-6-14	20654-88-0
1-6-14	372-85-0
1-6-14	7637-07-2
1-6-14	UN1008
1-6-14	UN2851
1-6-15	7783-55-3
1-6-16	869-29-4
1-6-2	123-73-9
1-6-2	15798-64-8
1-6-2	4170-30-3
1-6-2	UN1143
1-6-3	107-20-0
1-6-3	65703-76-6
1-6-3	UN2232
1-6-4	96-34-4
1-6-4	UN2295
1-6-5	97-00-7
1-6-6	1404060-48-5
1-6-6	180273-50-1
1-6-6	1885-14-9
1-6-6	UN2746
1-6-7	109-09-1
1-6-7	UN2822
1-6-8	52340-46-2
1-6-8	69420-22-0
1-6-8	96-24-2
1-6-8	UN2689
1-6-9	100-44-7
1-6-9	UN1738
1-7	14846-40-3
1-7	1762-26-1
1-7	1762-27-2
1-7	1762-28-3
1-7	1920-90-7
1-7	3440-75-3
1-7	65121-94-0
1-7	65151-08-8
1-7	75-74-1
1-7	78-00-2
1-7	RR-04210-4
1-7	RR-43765-0
1-8	118499-69-7
1-8	119107-37-8
1-8	12211-52-8
1-8	12351-98-3
1-8	12560-36-0
1-8	1269814-32-5
1-8	1299-91-8
1-8	13074-68-5
1-8	13092-67-6
1-8	1327160-06-4
1-8	1335-31-5
1-8	133708-36-8
1-8	13408-62-3
1-8	13453-34-4
1-8	13601-11-1
1-8	13601-19-9
1-8	13682-73-0
1-8	13715-19-0
1-8	13746-66-2
1-8	13755-38-9
1-8	13821-08-4
1-8	13943-58-3
1-8	13963-58-1
1-8	13967-50-5
1-8	13998-03-3
1-8	14023-90-6
1-8	14038-43-8
1-8	14038-85-8
1-8	14039-23-7
1-8	14049-79-7
1-8	14123-08-1
1-8	14165-53-8
1-8	14170-30-0
1-8	14217-00-6
1-8	14217-21-1
1-8	14220-17-8
1-8	14221-48-8
1-8	14244-60-1
1-8	14244-62-3
1-8	14263-59-3
1-8	14263-73-1
1-8	14264-31-4
1-8	143-33-9
1-8	14323-36-5
1-8	14323-41-2
1-8	14402-74-5
1-8	14402-75-6
1-8	14402-89-2
1-8	14459-95-1
1-8	14460-02-7
1-8	14481-29-9
1-8	1448962-82-0
1-8	14564-70-6
1-8	14763-77-0
1-8	14834-18-5
1-8	1495-50-7
1-8	14965-99-2
1-8	15002-31-0
1-8	151-50-8
1-8	15280-09-8
1-8	15313-18-5
1-8	15333-24-1
1-8	15377-79-4
1-8	156-62-7
1-8	15634-29-4
1-8	15655-10-4
1-8	15665-62-0
1-8	15671-21-3
1-8	15745-74-1
1-8	18724-70-4
1-8	191234-22-7
1-8	19663-17-3
1-8	20249-47-2
1-8	2035-66-7
1-8	20427-11-6
1-8	210290-06-5
1-8	21430-69-3
1-8	22681-81-8
1-8	23209-26-9
1-8	2408-36-8
1-8	24151-25-5
1-8	2541-67-5
1-8	25587-94-4
1-8	25596-52-5
1-8	25895-60-7
1-8	29829-51-4
1-8	3017-23-0
1-8	30752-89-7
1-8	31065-88-0
1-8	31096-40-9
1-8	31395-95-6
1-8	34156-26-8
1-8	341972-31-4
1-8	357-21-1
1-8	36-73-7
1-8	37020-93-2
1-8	37187-64-7
1-8	373-51-3
1-8	39049-81-5
1-8	39377-49-6
1-8	4367-08-2
1-8	460-19-5
1-8	506-61-6
1-8	506-64-9
1-8	506-65-0
1-8	506-68-3
1-8	506-77-4
1-8	506-78-5
1-8	51267-92-6
1-8	535-37-5
1-8	542-62-1
1-8	542-83-6
1-8	542-84-7
1-8	54373-70-5
1-8	544-92-3
1-8	554-07-4
1-8	557-12-0
1-8	557-13-1
1-8	557-19-7
1-8	557-21-1
1-8	562-76-5
1-8	562-79-8
1-8	562-81-2
1-8	5683-74-9
1-8	57-12-5
1-8	591-89-9
1-8	592-01-8
1-8	592-04-1
1-8	592-05-2
1-8	592-06-3
1-8	59561-07-8
1-8	5970-29-6
1-8	60195-52-0
1-8	66004-32-8
1-8	66358-72-3
1-8	67355-37-7
1-8	67859-42-1
1-8	68133-86-8
1-8	68133-87-9
1-8	73963-97-0
1-8	74-90-8
1-8	8011-93-6
1-8	91235-82-4
1-8	936554-28-8
1-8	99601-92-0
1-8	99601-93-1
1-8	RR-00573-2
1-8	RR-45497-7
1-8	UN1026
1-8	UN1565
1-8	UN1575
1-8	UN1588
1-8	UN1589
1-8	UN1614
1-8	UN1620
1-8	UN1626
1-8	UN1636
1-8	UN1642
1-8	UN1653
1-8	UN1679
1-8	UN1680
1-8	UN1684
1-8	UN1689
1-8	UN1713
1-8	UN1889
1-8	UN1935
1-8	UN2316
1-8	UN2317
1-9	298-04-4
1-9-2	10311-84-9
1-9-3	333-29-9
1-9-4	3078-97-5
