101	108-68-9
101	1300-71-6
101	144700-02-7
101	526-75-0
101	71975-58-1
101	95-65-8
101	95-87-4
101	95-87-4
101	UN2261
101	UN3430
102	108-68-9
102	1300-71-6
102	144700-02-7
102	526-75-0
102	95-65-8
102	95-87-4
102	UN2261
102	UN3430
106	160336-23-2
110	84989-04-8
111	101027-05-8
111	101357-08-8
111	102262-19-1
111	109048-90-0
111	109225-23-2
111	109657-68-3
111	109657-69-4
111	11104-65-7
111	11113-70-5
111	11118-57-3
111	11119-70-3
111	11145-38-3
111	112285-78-6
111	113015-82-0
111	115517-69-6
111	115517-70-9
111	115517-71-0
111	115658-56-5
111	115658-57-6
111	115949-83-2
111	115949-89-8
111	116305-12-5
111	12016-69-2
111	12017-79-7
111	12017-94-6
111	12018-10-9
111	12018-18-7
111	12018-19-8
111	12053-18-8
111	12254-85-2
111	125233-42-3
111	12617-87-7
111	12619-84-0
111	12653-68-8
111	12680-48-7
111	12705-38-3
111	12737-97-2
111	12777-94-5
111	131162-93-1
111	1332-16-7
111	1332-16-7
111	1335-24-6
111	136141-00-9
111	1426817-51-7
111	16286-27-4
111	184828-23-7
111	188785-92-4
111	225797-70-6
111	37224-56-9
111	37224-57-0
111	37228-30-1
111	37228-30-1
111	37293-29-1
111	37367-87-6
111	37382-24-4
111	50922-29-7
111	51329-63-6
111	52110-72-2
111	52440-39-8
111	52869-79-1
111	53809-63-5
111	55072-56-5
111	55072-56-5
111	553650-13-8
111	561029-54-7
111	57790-30-4
111	58591-12-1
111	58640-42-9
111	59330-20-0
111	63497-09-6
111	69011-08-1
111	74665-01-3
111	848393-12-4
119	178961-20-1
13	166516-60-5
13	25212-19-5
13	26568-79-6
13	37280-34-5
13	51329-77-2
13	52847-43-5
13	52932-31-7
13	59680-46-5
13	72246-34-5
13	74504-46-4
13	9036-70-8
147	36813-24-8
186	27342-75-2
186	29988-00-9
186	34777-72-5
224	1039756-61-0
224	138698-36-9
224	183185-47-9
224	32426-11-2
224	37227-99-9
224	37228-00-5
224	37334-63-7
224	37334-67-1
224	37336-43-9
224	37339-19-8
224	37340-16-2
224	5538-94-3
224	56573-47-8
224	56573-48-9
224	59249-59-1
224	60569-67-7
224	60649-22-1
224	61789-77-3
224	61789-80-8
224	62112-31-6
224	66419-31-6
224	66455-24-1
224	68334-33-8
224	68424-95-3
224	68783-78-8
224	71487-01-9
224	8014-21-9
252	39279-50-0
252	56573-43-4
252	59978-02-8
252	61788-93-0
252	61788-95-2
252	67700-98-5
252	68391-04-8
252	68439-70-3
252	68814-69-7
253	321723-48-2
253	39363-67-2
253	58968-94-8
253	61788-90-7
253	68955-55-5
253	70592-80-2
253	85408-48-6
253	85408-49-7
283	26656-82-6
315	100295-82-7
315	100295-83-8
315	100431-82-1
315	100431-82-1
315	100431-87-6
315	100431-87-6
315	100483-74-7
315	100508-45-0
315	100508-45-0
315	100757-71-9
315	100757-71-9
315	100757-71-9
315	100757-71-9
315	100757-71-9
315	100757-71-9
315	100757-71-9
315	100757-71-9
315	100757-71-9
315	100833-63-4
315	100833-63-4
315	100833-63-4
315	100833-63-4
315	100833-63-4
315	100833-63-4
315	100833-63-4
315	100833-63-4
315	100833-63-4
315	101181-74-2
315	101181-74-2
315	10143-20-1
315	10143-20-1
315	10143-23-4
315	10202-77-4
315	10202-77-4
315	10203-28-8
315	10203-28-8
315	10203-28-8
315	10203-28-8
315	10203-28-8
315	10203-28-8
315	10203-28-8
315	10203-28-8
315	10203-28-8
315	10203-30-2
315	10203-30-2
315	10203-30-2
315	10203-30-2
315	10203-30-2
315	10203-30-2
315	10203-30-2
315	10203-30-2
315	10203-30-2
315	10203-32-4
315	10203-32-4
315	10203-32-4
315	10203-32-4
315	10203-32-4
315	10203-32-4
315	10203-32-4
315	10203-32-4
315	10203-32-4
315	10203-33-5
315	10203-33-5
315	10203-33-5
315	10203-33-5
315	10203-33-5
315	10203-33-5
315	10203-33-5
315	10203-33-5
315	10203-33-5
315	102680-34-2
315	102680-34-2
315	10289-68-6
315	10289-68-6
315	10289-68-6
315	10289-68-6
315	102968-75-2
315	102968-75-2
315	102968-75-2
315	102968-75-2
315	102968-75-2
315	102968-75-2
315	102968-75-2
315	102968-75-2
315	102968-75-2
315	102968-76-3
315	102968-76-3
315	102968-76-3
315	102968-76-3
315	102968-76-3
315	102968-76-3
315	102968-76-3
315	102968-76-3
315	102968-76-3
315	103-08-2
315	103-08-2
315	103-20-8
315	103-20-8
315	103-20-8
315	103-20-8
315	103-20-8
315	103-20-8
315	103-20-8
315	103088-91-1
315	103088-91-1
315	103088-92-2
315	103088-92-2
315	103184-98-1
315	103184-98-1
315	103184-99-2
315	103184-99-2
315	103227-60-7
315	103227-60-7
315	103360-63-0
315	103360-63-0
315	104-76-7
315	104-76-7
315	105-30-6
315	10522-26-6
315	10522-26-6
315	10522-26-6
315	10522-26-6
315	10522-26-6
315	10522-26-6
315	10522-26-6
315	10522-26-6
315	10522-26-6
315	10524-70-6
315	10524-70-6
315	10524-71-7
315	10524-71-7
315	105485-69-6
315	105485-69-6
315	105485-69-6
315	105485-69-6
315	105485-69-6
315	105485-69-6
315	105485-69-6
315	105485-69-6
315	105485-69-6
315	10575-56-1
315	10575-56-1
315	106-67-2
315	106-67-2
315	106593-58-2
315	106593-58-2
315	1070-32-2
315	1070-32-2
315	107494-37-1
315	107494-37-1
315	108-11-2
315	108-82-7
315	108-82-7
315	108393-72-2
315	108439-06-1
315	108439-06-1
315	108448-40-4
315	108530-04-7
315	110225-00-8
315	110225-00-8
315	111-27-3
315	111-70-6
315	11118-23-3
315	111675-51-5
315	111675-51-5
315	111675-55-9
315	111675-55-9
315	111675-56-0
315	111675-56-0
315	111675-61-7
315	111675-61-7
315	111675-63-9
315	111675-63-9
315	111675-69-5
315	111675-69-5
315	111675-75-3
315	111675-75-3
315	111675-76-4
315	111675-76-4
315	111675-78-6
315	111675-79-7
315	111767-96-5
315	111767-98-7
315	111767-99-8
315	111768-00-4
315	111768-01-5
315	111768-02-6
315	111768-03-7
315	111768-04-8
315	111768-05-9
315	111768-06-0
315	111768-08-2
315	111768-09-3
315	111774-57-3
315	111774-57-3
315	112-42-5
315	112-42-5
315	112-53-8
315	112-70-9
315	112-70-9
315	112-70-9
315	112-70-9
315	112-72-1
315	112-72-1
315	112-72-1
315	112-72-1
315	112-72-1
315	112-72-1
315	112-92-5
315	112-92-5
315	113298-92-3
315	113298-92-3
315	115182-86-0
315	115182-86-0
315	115667-95-3
315	115667-95-3
315	1173838-88-4
315	118447-53-3
315	118447-53-3
315	118492-13-0
315	118492-13-0
315	1185-33-7
315	120837-26-5
315	120837-26-5
315	123-17-1
315	123-17-1
315	123-17-1
315	123-17-1
315	123-17-1
315	123-17-1
315	123-17-1
315	123-17-1
315	123-17-1
315	123-24-0
315	123-24-0
315	123-44-4
315	123-44-4
315	123-96-6
315	123-96-6
315	124702-95-0
315	124702-95-0
315	126950-60-5
315	128441-03-2
315	128441-03-2
315	13023-60-4
315	13023-60-4
315	130322-50-8
315	130322-50-8
315	1320-98-5
315	1322-35-6
315	13231-81-7
315	13254-34-7
315	13254-34-7
315	1331-39-1
315	1331-39-1
315	1331-40-4
315	1331-40-4
315	13332-16-6
315	13332-29-1
315	1336-11-4
315	1336-11-4
315	13432-25-2
315	13432-25-2
315	134633-28-6
315	13471-42-6
315	134766-55-5
315	134766-55-5
315	13501-73-0
315	13501-73-0
315	137008-30-1
315	137008-30-1
315	137008-38-9
315	137008-38-9
315	13848-60-7
315	13848-60-7
315	13848-60-7
315	13848-60-7
315	13848-60-7
315	13848-60-7
315	13848-60-7
315	13848-60-7
315	13848-60-7
315	14202-62-1
315	14202-62-1
315	14250-79-4
315	14250-79-4
315	14250-80-7
315	14250-80-7
315	143819-62-9
315	143819-62-9
315	14499-84-4
315	14499-84-4
315	14499-84-4
315	14499-84-4
315	14499-84-4
315	14499-84-4
315	14499-84-4
315	14499-84-4
315	14499-84-4
315	1454-85-9
315	1454-85-9
315	14609-79-1
315	14609-79-1
315	1484-87-3
315	1484-87-3
315	14852-31-4
315	14852-31-4
315	14898-80-7
315	14979-39-6
315	14979-39-6
315	1502-68-7
315	1502-92-7
315	1502-93-8
315	1502-94-9
315	15071-36-0
315	1517-67-5
315	1561-17-7
315	1561-17-7
315	1572-96-9
315	1573-28-0
315	1573-28-0
315	160611-14-3
315	16325-63-6
315	16325-63-6
315	16404-54-9
315	1653-30-1
315	1653-30-1
315	1653-31-2
315	1653-31-2
315	1653-31-2
315	1653-31-2
315	1653-33-4
315	1653-33-4
315	1653-33-4
315	1653-33-4
315	1653-33-4
315	1653-33-4
315	1653-33-4
315	1653-34-5
315	1653-34-5
315	1653-35-6
315	1653-35-6
315	1653-37-8
315	1653-37-8
315	1653-37-8
315	1653-37-8
315	1653-40-3
315	1653-40-3
315	1656-06-0
315	16651-60-8
315	16651-60-8
315	16813-18-6
315	16813-18-6
315	17015-11-1
315	17092-41-0
315	17092-42-1
315	17092-54-5
315	1767-46-0
315	17670-90-5
315	17670-90-5
315	17687-70-6
315	17687-70-6
315	17687-70-6
315	17687-70-6
315	17687-71-7
315	17687-71-7
315	17687-71-7
315	17687-71-7
315	18352-67-5
315	18352-67-5
315	18352-67-5
315	18352-67-5
315	18352-67-5
315	18352-67-5
315	18352-67-5
315	18352-67-5
315	18352-67-5
315	18352-71-1
315	18352-71-1
315	18352-71-1
315	18352-71-1
315	18352-71-1
315	18352-71-1
315	18352-71-1
315	18352-71-1
315	18352-71-1
315	18371-13-6
315	1838-73-9
315	1838-73-9
315	18450-73-2
315	18450-73-2
315	18450-74-3
315	18450-74-3
315	18593-91-4
315	18593-91-4
315	18593-92-5
315	18593-92-5
315	18675-24-6
315	18675-24-6
315	18720-62-2
315	18720-62-2
315	18720-65-5
315	18720-65-5
315	18720-66-6
315	18720-66-6
315	189021-36-1
315	19113-77-0
315	19113-77-0
315	19138-83-1
315	19264-94-9
315	19411-41-7
315	19411-41-7
315	19549-70-3
315	19549-70-3
315	19549-71-4
315	19549-71-4
315	19549-72-5
315	19549-72-5
315	19549-73-6
315	19549-73-6
315	19549-77-0
315	19549-77-0
315	19549-79-2
315	19549-79-2
315	19550-02-8
315	19550-02-8
315	19550-03-9
315	19550-03-9
315	19550-07-3
315	19550-07-3
315	19550-08-4
315	19550-08-4
315	19550-30-2
315	19780-31-5
315	19780-31-5
315	19780-31-5
315	19780-31-5
315	19780-31-5
315	19780-31-5
315	19780-31-5
315	19780-31-5
315	19780-31-5
315	19780-40-6
315	19780-40-6
315	19780-41-7
315	19780-41-7
315	19780-42-8
315	19780-42-8
315	19780-44-0
315	19780-44-0
315	19781-12-5
315	19781-12-5
315	19781-12-5
315	19781-24-9
315	19781-43-2
315	19781-43-2
315	19781-83-0
315	19781-83-0
315	19965-71-0
315	19965-71-0
315	19965-71-0
315	19965-71-0
315	19965-71-0
315	19965-71-0
315	19965-71-0
315	19965-71-0
315	19965-71-0
315	20180-66-9
315	20194-45-0
315	20194-45-0
315	20194-45-0
315	20194-45-0
315	20194-45-0
315	20194-45-0
315	20194-45-0
315	20194-45-0
315	20194-45-0
315	20194-48-3
315	20194-48-3
315	20281-83-8
315	20281-85-0
315	20281-86-1
315	20281-88-3
315	20281-90-7
315	20281-91-8
315	20680-53-9
315	20680-53-9
315	20680-53-9
315	20680-53-9
315	20680-53-9
315	20680-53-9
315	20680-53-9
315	20680-53-9
315	20680-53-9
315	20680-54-0
315	20680-54-0
315	20818-95-5
315	20818-95-5
315	21078-65-9
315	21078-65-9
315	21078-65-9
315	21078-65-9
315	21078-65-9
315	21078-65-9
315	21078-65-9
315	21078-65-9
315	21078-65-9
315	21078-68-2
315	21078-68-2
315	21078-68-2
315	21078-68-2
315	21078-68-2
315	21078-68-2
315	21078-68-2
315	21078-68-2
315	21078-68-2
315	21078-80-8
315	21078-80-8
315	21078-80-8
315	21078-80-8
315	21078-80-8
315	21078-80-8
315	21078-80-8
315	21078-80-8
315	21078-80-8
315	21078-83-1
315	21078-83-1
315	21078-83-1
315	21078-83-1
315	21078-83-1
315	21078-83-1
315	21078-83-1
315	21078-85-3
315	21078-85-3
315	21078-87-5
315	21078-87-5
315	21078-88-6
315	21078-88-6
315	21102-09-0
315	21102-09-0
315	21102-10-3
315	21102-10-3
315	21102-12-5
315	21102-12-5
315	21102-13-6
315	21102-13-6
315	21242-50-2
315	21242-50-2
315	21570-35-4
315	21570-35-4
315	21964-39-6
315	21964-39-6
315	21974-97-0
315	21974-97-0
315	21987-23-5
315	21987-23-5
315	22025-20-3
315	22025-20-3
315	22417-49-8
315	22417-49-8
315	22417-49-8
315	22417-49-8
315	22417-49-8
315	22417-49-8
315	22417-49-8
315	22417-49-8
315	22417-49-8
315	22418-70-8
315	22418-70-8
315	22469-65-4
315	22469-65-4
315	22658-92-0
315	22658-92-0
315	22663-61-2
315	22663-61-2
315	22663-61-2
315	22663-61-2
315	2313-61-3
315	2313-65-7
315	23171-85-9
315	23171-85-9
315	23418-37-3
315	23418-37-3
315	2370-12-9
315	2370-13-0
315	2370-13-0
315	2370-15-2
315	2370-15-2
315	2370-15-2
315	2370-15-2
315	2370-15-2
315	2370-15-2
315	2370-15-2
315	2370-15-2
315	2370-15-2
315	23708-56-7
315	23708-56-7
315	2425-77-6
315	2425-77-6
315	2430-22-0
315	2430-22-0
315	24448-19-9
315	24448-19-9
315	2490-09-7
315	2490-09-7
315	2490-10-0
315	2490-10-0
315	2490-11-1
315	2490-11-1
315	2490-40-6
315	2490-40-6
315	2490-41-7
315	2490-41-7
315	2490-42-8
315	2490-42-8
315	2490-43-9
315	2490-43-9
315	2490-44-0
315	2490-44-0
315	2490-45-1
315	2490-45-1
315	2490-47-3
315	2490-47-3
315	2490-48-4
315	2490-48-4
315	25237-85-8
315	25237-85-8
315	25237-85-8
315	25237-85-8
315	25237-85-8
315	25237-85-8
315	25237-85-8
315	25237-85-8
315	25237-85-8
315	25339-16-6
315	25339-16-6
315	25354-98-7
315	25354-98-7
315	25354-99-8
315	25354-99-8
315	25355-00-4
315	25355-00-4
315	25355-02-6
315	25355-02-6
315	25355-03-7
315	25355-03-7
315	2541-75-5
315	2541-75-5
315	25428-98-2
315	25428-98-2
315	25428-98-2
315	25428-98-2
315	25428-98-2
315	25428-98-2
315	25428-98-2
315	25428-98-2
315	25428-98-2
315	25452-34-0
315	25452-34-0
315	25452-35-1
315	25452-35-1
315	25452-36-2
315	25452-36-2
315	25564-53-8
315	25564-53-8
315	25564-57-2
315	25564-57-2
315	25564-59-4
315	25564-59-4
315	25564-62-9
315	25564-62-9
315	25570-11-0
315	25570-11-0
315	25917-35-5
315	25966-64-7
315	25966-64-7
315	25966-65-8
315	25966-65-8
315	25966-65-8
315	25966-65-8
315	26073-23-4
315	26073-23-4
315	26209-94-9
315	26209-94-9
315	26215-92-9
315	26215-92-9
315	26215-92-9
315	26215-92-9
315	26248-42-0
315	26248-42-0
315	26248-42-0
315	26248-42-0
315	26330-76-7
315	26330-76-7
315	26401-20-7
315	26432-14-4
315	26432-14-4
315	26432-15-5
315	26432-15-5
315	26533-34-6
315	26533-34-6
315	26533-35-7
315	26533-35-7
315	26549-24-6
315	26549-25-7
315	26549-26-8
315	26549-26-8
315	26762-44-7
315	26762-44-7
315	26952-21-6
315	26952-21-6
315	27243-09-0
315	27243-09-0
315	27243-10-3
315	27243-10-3
315	27243-10-3
315	27243-10-3
315	27243-10-3
315	27243-10-3
315	27243-10-3
315	27243-10-3
315	27243-10-3
315	27342-88-7
315	27458-92-0
315	27458-92-0
315	27458-92-0
315	27458-92-0
315	27458-93-1
315	27458-93-1
315	27458-94-2
315	27458-94-2
315	27522-11-8
315	27644-49-1
315	27644-49-1
315	27649-34-9
315	27649-34-9
315	27649-36-1
315	27649-36-1
315	2768-12-9
315	2768-12-9
315	2768-18-5
315	2768-18-5
315	28339-05-1
315	28339-05-1
315	28339-05-1
315	28339-05-1
315	28339-05-1
315	28339-05-1
315	28339-05-1
315	28339-05-1
315	28339-05-1
315	28929-85-3
315	28929-86-4
315	29354-98-1
315	29354-98-1
315	29678-31-7
315	29678-31-7
315	29678-33-9
315	29678-33-9
315	29772-39-2
315	29772-39-2
315	29835-44-7
315	29835-44-7
315	29835-44-7
315	29835-44-7
315	29835-44-7
315	29835-44-7
315	29835-44-7
315	29835-44-7
315	29835-44-7
315	3054-92-0
315	3054-92-0
315	3121-79-7
315	31271-00-8
315	31271-00-8
315	31271-00-8
315	31271-00-8
315	31271-00-8
315	31271-00-8
315	31271-00-8
315	31271-00-8
315	31271-00-8
315	31334-78-8
315	31334-78-8
315	31334-78-8
315	31334-78-8
315	31334-80-2
315	31334-80-2
315	31334-80-2
315	31334-80-2
315	31367-46-1
315	31367-46-1
315	31389-11-4
315	31389-11-4
315	31841-58-4
315	31841-58-4
315	31841-58-4
315	31841-58-4
315	31841-58-4
315	31841-58-4
315	31841-58-4
315	31841-58-4
315	31841-58-4
315	31841-74-4
315	31841-74-4
315	31841-74-4
315	31841-74-4
315	31841-77-7
315	31841-77-7
315	321901-80-8
315	321901-80-8
315	321901-80-8
315	32444-34-1
315	32579-68-3
315	32579-68-3
315	32579-69-4
315	32579-69-4
315	32579-69-4
315	32579-69-4
315	32579-69-4
315	32579-69-4
315	32579-69-4
315	32579-69-4
315	32579-69-4
315	32579-70-7
315	32579-70-7
315	32579-70-7
315	32579-70-7
315	32836-42-3
315	32836-42-3
315	32836-42-3
315	32836-42-3
315	32836-42-3
315	32836-42-3
315	32836-42-3
315	32836-42-3
315	32836-42-3
315	33933-77-6
315	33933-77-6
315	33933-80-1
315	33933-80-1
315	33943-21-4
315	33943-21-4
315	3396-02-9
315	3396-02-9
315	33969-59-4
315	33978-71-1
315	33978-71-1
315	33978-71-1
315	33978-71-1
315	33978-71-1
315	33978-71-1
315	33978-71-1
315	33978-71-1
315	33978-71-1
315	34197-82-5
315	34197-82-5
315	3452-97-9
315	3452-97-9
315	34760-18-4
315	34760-18-4
315	35119-84-7
315	35119-84-7
315	35177-29-8
315	35177-29-8
315	3525-25-5
315	3525-25-5
315	36311-34-9
315	36311-34-9
315	36400-98-3
315	36400-98-3
315	36653-82-4
315	36653-82-4
315	36794-64-6
315	3730-60-7
315	3730-60-7
315	37490-40-7
315	37490-40-7
315	37490-40-7
315	37490-40-7
315	37493-70-2
315	37493-70-2
315	37769-60-1
315	37849-30-2
315	37849-30-2
315	37849-30-2
315	37849-30-2
315	37849-30-2
315	37849-30-2
315	37849-30-2
315	37849-30-2
315	37849-30-2
315	38206-58-5
315	38206-58-5
315	38395-41-4
315	38395-41-4
315	38395-41-4
315	38395-41-4
315	38443-88-8
315	38443-88-8
315	38443-88-8
315	38443-88-8
315	38514-02-2
315	38514-02-2
315	38514-03-3
315	38514-03-3
315	38514-04-4
315	38514-04-4
315	38514-05-5
315	38514-05-5
315	38514-11-3
315	38514-11-3
315	38514-12-4
315	38514-12-4
315	38514-13-5
315	38514-13-5
315	38514-14-6
315	38514-14-6
315	38636-36-1
315	38713-13-2
315	38713-13-2
315	38713-13-2
315	38713-13-2
315	39003-07-1
315	39106-92-8
315	39106-92-8
315	3913-02-8
315	3913-02-8
315	3913-02-8
315	3913-02-8
315	3913-02-8
315	3913-02-8
315	3913-02-8
315	3913-02-8
315	3913-02-8
315	39387-31-0
315	39433-03-9
315	39457-30-2
315	39465-04-8
315	3965-59-1
315	3965-59-1
315	3970-59-0
315	3970-59-0
315	3970-62-5
315	40225-75-0
315	40225-75-0
315	40435-42-5
315	40435-42-5
315	40589-16-0
315	40589-16-0
315	40853-58-5
315	40853-58-5
315	41065-95-6
315	41065-95-6
315	41096-61-1
315	41096-61-1
315	4128-31-8
315	4128-31-8
315	4131-80-0
315	4131-80-0
315	4166-46-5
315	4166-46-5
315	41744-75-6
315	41744-75-6
315	41746-85-4
315	41746-85-4
315	41902-42-5
315	41902-42-5
315	41902-42-5
315	41902-42-5
315	42072-39-9
315	42072-62-8
315	42072-62-8
315	42072-62-8
315	42072-62-8
315	42072-62-8
315	42072-62-8
315	42072-62-8
315	42072-62-8
315	42072-62-8
315	4209-90-9
315	4209-90-9
315	4209-91-0
315	4209-91-0
315	42184-01-0
315	42184-01-0
315	42184-01-0
315	42184-01-0
315	42328-76-7
315	42328-76-7
315	4272-06-4
315	4272-06-4
315	42763-52-0
315	42763-52-0
315	42842-12-6
315	42842-12-6
315	42842-13-7
315	42842-13-7
315	42928-45-0
315	42928-45-0
315	42928-47-2
315	42928-47-2
315	42930-67-6
315	42930-67-6
315	42930-67-6
315	42930-67-6
315	45235-48-1
315	45235-48-1
315	464-07-3
315	4706-81-4
315	4706-81-4
315	4706-81-4
315	4706-81-4
315	4706-81-4
315	4706-81-4
315	4706-81-4
315	4730-22-7
315	4730-22-7
315	4911-70-0
315	4989-79-1
315	4989-79-1
315	51079-52-8
315	51079-52-8
315	5108-33-8
315	5108-33-8
315	5108-33-8
315	5108-33-8
315	51166-20-2
315	51166-20-2
315	51174-83-5
315	51174-83-5
315	51200-80-7
315	51200-80-7
315	51200-84-1
315	51200-84-1
315	51246-24-3
315	51246-24-3
315	51246-25-4
315	51246-25-4
315	51246-25-4
315	51246-25-4
315	51246-25-4
315	51246-25-4
315	51246-25-4
315	51246-25-4
315	51246-25-4
315	51246-26-5
315	51246-26-5
315	51246-26-5
315	51246-26-5
315	51260-59-4
315	51260-59-4
315	51552-64-8
315	51552-64-8
315	51552-64-8
315	51552-64-8
315	51552-64-8
315	51552-64-8
315	51552-64-8
315	51552-64-8
315	51552-64-8
315	5162-48-1
315	5162-48-1
315	51655-55-1
315	51655-55-1
315	51655-56-2
315	51655-56-2
315	51655-57-3
315	51655-57-3
315	51655-57-3
315	51655-57-3
315	51655-60-8
315	51655-60-8
315	51655-63-1
315	51655-63-1
315	51655-63-1
315	51655-63-1
315	51750-47-1
315	51750-47-1
315	51774-11-9
315	51864-91-6
315	51864-91-6
315	51864-92-7
315	51864-92-7
315	51864-93-8
315	51864-93-8
315	51864-93-8
315	51864-93-8
315	51864-93-8
315	51864-93-8
315	51864-93-8
315	51864-93-8
315	51864-93-8
315	52019-78-0
315	52356-02-2
315	52356-02-2
315	52783-44-5
315	52783-44-5
315	52788-59-7
315	52788-59-7
315	53151-79-4
315	53151-79-4
315	5331-63-5
315	5331-63-5
315	5333-44-8
315	5333-44-8
315	5333-48-2
315	5333-48-2
315	5333-48-2
315	5333-48-2
315	5333-48-2
315	5333-48-2
315	53353-04-1
315	53398-71-3
315	53398-71-3
315	5340-31-8
315	5340-31-8
315	5340-31-8
315	5340-31-8
315	5340-31-8
315	5340-31-8
315	5340-31-8
315	5340-31-8
315	5340-31-8
315	5340-35-2
315	5340-35-2
315	5340-36-3
315	5340-36-3
315	5340-41-0
315	5340-41-0
315	5340-51-2
315	5340-51-2
315	5340-52-3
315	5340-52-3
315	5340-52-3
315	5340-52-3
315	5340-52-3
315	5340-52-3
315	5340-52-3
315	5340-52-3
315	5340-52-3
315	5340-80-7
315	5340-80-7
315	5340-80-7
315	5340-80-7
315	54004-41-0
315	54004-41-0
315	54206-54-1
315	543-49-7
315	54322-29-1
315	54322-29-1
315	54381-03-2
315	54381-03-2
315	54381-03-2
315	54381-03-2
315	54381-04-3
315	54381-04-3
315	54381-04-3
315	54381-04-3
315	54381-04-3
315	54381-04-3
315	54381-04-3
315	54381-04-3
315	54381-04-3
315	54460-99-0
315	54460-99-0
315	54461-00-6
315	54461-00-6
315	5457-42-1
315	5457-42-1
315	5457-42-1
315	5457-42-1
315	5457-42-1
315	5457-42-1
315	5457-42-1
315	5457-42-1
315	5457-42-1
315	54630-50-1
315	54630-50-1
315	54712-26-4
315	54774-83-3
315	54774-83-3
315	54774-83-3
315	54774-83-3
315	54774-83-3
315	54774-83-3
315	54774-83-3
315	54774-83-3
315	54774-83-3
315	54775-01-8
315	54775-01-8
315	54775-01-8
315	54775-01-8
315	54775-01-8
315	54775-01-8
315	54775-01-8
315	54775-01-8
315	54775-01-8
315	54972-97-3
315	55110-82-2
315	55110-82-2
315	55310-58-2
315	55310-58-2
315	55310-59-3
315	55310-59-3
315	55310-60-6
315	55310-60-6
315	55310-61-7
315	55310-61-7
315	55505-23-2
315	55505-24-3
315	55505-24-3
315	55505-28-7
315	55505-28-7
315	55505-29-8
315	55505-29-8
315	55505-33-4
315	55505-33-4
315	55505-33-4
315	55505-33-4
315	55505-34-5
315	55505-34-5
315	55514-25-5
315	55514-25-5
315	55514-25-5
315	55514-25-5
315	55514-25-5
315	55514-25-5
315	55514-25-5
315	55514-25-5
315	55514-25-5
315	55719-99-8
315	55719-99-8
315	55720-01-9
315	55720-01-9
315	55720-04-2
315	55720-04-2
315	55816-17-6
315	55816-17-6
315	5582-82-1
315	5582-82-1
315	56065-39-5
315	56065-39-5
315	56298-90-9
315	56298-90-9
315	56314-72-8
315	56314-72-8
315	56314-73-9
315	56314-73-9
315	56314-74-0
315	56314-74-0
315	56314-74-0
315	56314-74-0
315	56314-74-0
315	56314-74-0
315	56314-74-0
315	56314-74-0
315	56314-74-0
315	56314-75-1
315	56314-75-1
315	56314-75-1
315	56314-75-1
315	56314-75-1
315	56314-75-1
315	56314-75-1
315	56314-75-1
315	56314-75-1
315	56314-76-2
315	56314-76-2
315	56314-76-2
315	56314-76-2
315	56314-77-3
315	56314-77-3
315	56314-77-3
315	56314-77-3
315	565-60-6
315	565-67-3
315	56846-92-5
315	56846-92-5
315	56846-93-6
315	56846-93-6
315	56973-28-5
315	57233-26-8
315	57233-26-8
315	57233-29-1
315	57233-29-1
315	57233-32-6
315	57233-32-6
315	57289-07-3
315	57289-07-3
315	57409-53-7
315	57409-53-7
315	57630-25-8
315	57630-25-8
315	5770-03-6
315	5770-03-6
315	5770-03-6
315	5770-03-6
315	58175-57-8
315	58175-57-8
315	58242-80-1
315	58524-92-8
315	58524-92-8
315	58783-82-7
315	58783-82-7
315	58783-82-7
315	58783-82-7
315	58795-24-7
315	58795-24-7
315	589-35-5
315	589-55-9
315	589-62-8
315	589-62-8
315	589-82-2
315	589-98-0
315	589-98-0
315	590-36-3
315	59056-73-4
315	59056-73-4
315	591-70-8
315	591-70-8
315	591-72-0
315	591-72-0
315	591-73-1
315	591-73-1
315	59117-31-6
315	59117-31-6
315	59156-74-0
315	59156-74-0
315	59156-75-1
315	59156-75-1
315	59156-76-2
315	59156-76-2
315	59222-84-3
315	59222-84-3
315	59222-84-3
315	59222-84-3
315	593-03-3
315	593-03-3
315	593-32-8
315	593-32-8
315	5932-79-6
315	5932-79-6
315	594-60-5
315	594-83-2
315	595-41-5
315	597-05-7
315	597-05-7
315	597-49-9
315	597-76-2
315	597-76-2
315	597-90-0
315	597-90-0
315	597-93-3
315	597-93-3
315	597-93-3
315	597-93-3
315	597-96-6
315	5970-63-8
315	5970-63-8
315	59734-23-5
315	59734-23-5
315	5978-70-1
315	5978-70-1
315	598-01-6
315	598-01-6
315	600-36-2
315	60129-23-9
315	60129-23-9
315	60129-24-0
315	60129-24-0
315	6033-23-4
315	6033-24-5
315	60435-70-3
315	60435-70-3
315	60564-75-2
315	60564-75-2
315	60564-76-3
315	60564-76-3
315	60564-77-4
315	60564-77-4
315	60564-77-4
315	60564-77-4
315	60564-77-4
315	60564-77-4
315	60564-77-4
315	60564-77-4
315	60564-77-4
315	60564-78-5
315	60564-78-5
315	60564-79-6
315	60564-79-6
315	60564-79-6
315	60564-79-6
315	60564-79-6
315	60564-79-6
315	60564-79-6
315	60564-79-6
315	60564-79-6
315	60650-33-1
315	60671-33-2
315	60671-33-2
315	60671-34-3
315	60671-34-3
315	60671-34-3
315	60671-34-3
315	60671-34-3
315	60671-34-3
315	60671-34-3
315	60671-34-3
315	60671-34-3
315	60671-35-4
315	60671-35-4
315	60671-35-4
315	60671-35-4
315	60671-36-5
315	60671-36-5
315	60671-36-5
315	60671-36-5
315	60671-36-5
315	60671-36-5
315	60671-36-5
315	60671-36-5
315	60671-36-5
315	60671-37-6
315	60671-37-6
315	60671-37-6
315	60671-37-6
315	60671-37-6
315	60671-37-6
315	60671-37-6
315	60671-37-6
315	60671-37-6
315	609-27-8
315	61169-84-4
315	61169-84-4
315	61184-91-6
315	61184-92-7
315	6144-93-0
315	615-29-2
315	6169-06-8
315	6169-06-8
315	617-29-8
315	61838-24-2
315	61949-26-6
315	61973-86-2
315	61973-86-2
315	6210-51-1
315	62101-31-9
315	62101-31-9
315	62101-31-9
315	62101-31-9
315	62101-32-0
315	62101-32-0
315	62101-32-0
315	62101-32-0
315	62101-33-1
315	62101-33-1
315	62101-33-1
315	62101-33-1
315	623-37-0
315	623-55-2
315	623-93-8
315	623-93-8
315	624-08-8
315	624-08-8
315	624-22-6
315	624-51-1
315	624-51-1
315	624-95-3
315	625-06-9
315	625-23-0
315	625-25-2
315	625-25-2
315	626-89-1
315	626-93-7
315	627-59-8
315	627-98-5
315	62701-49-9
315	628-44-4
315	628-44-4
315	628-99-9
315	628-99-9
315	629-76-5
315	629-76-5
315	62958-39-8
315	62958-39-8
315	62958-40-1
315	62958-40-1
315	62958-40-1
315	62958-40-1
315	62958-41-2
315	62958-41-2
315	62958-41-2
315	62958-41-2
315	6305-71-1
315	63067-46-9
315	63067-46-9
315	63067-47-0
315	63067-47-0
315	63126-08-9
315	63126-08-9
315	63393-82-8
315	63393-83-9
315	6345-85-3
315	6345-85-3
315	6345-85-3
315	6345-85-3
315	6345-85-3
315	6345-85-3
315	6345-85-3
315	6345-85-3
315	6345-85-3
315	63707-89-1
315	63707-89-1
315	63707-90-4
315	63707-90-4
315	63730-39-2
315	63730-39-2
315	63782-91-2
315	63782-91-2
315	63814-74-4
315	64029-94-3
315	64029-94-3
315	64029-94-3
315	64029-94-3
315	64029-94-3
315	64029-94-3
315	64029-94-3
315	64029-94-3
315	64029-94-3
315	64502-86-9
315	6481-95-4
315	6481-95-4
315	65502-58-1
315	65502-58-1
315	65502-61-6
315	65502-61-6
315	6570-87-2
315	65769-10-0
315	65769-10-0
315	65822-93-7
315	65822-93-7
315	65927-60-8
315	65927-60-8
315	66050-98-4
315	66050-99-5
315	66225-51-2
315	66283-22-5
315	66283-22-5
315	6632-94-6
315	6632-94-6
315	66534-89-2
315	66534-89-2
315	66576-24-7
315	66576-24-7
315	66576-25-8
315	66576-25-8
315	66576-34-9
315	66576-34-9
315	66576-35-0
315	66576-35-0
315	66576-55-4
315	66576-55-4
315	66576-56-5
315	66576-56-5
315	66576-57-6
315	66576-57-6
315	66605-94-5
315	66605-94-5
315	66605-94-5
315	66605-94-5
315	66793-71-3
315	66793-71-3
315	66793-73-5
315	66793-73-5
315	66793-84-8
315	66793-84-8
315	66794-05-6
315	66794-05-6
315	66810-87-5
315	66810-87-5
315	67245-18-5
315	67245-18-5
315	67253-82-1
315	67253-82-1
315	67253-83-2
315	67253-83-2
315	67253-84-3
315	67253-84-3
315	67315-12-2
315	67315-12-2
315	67468-87-5
315	67468-87-5
315	67647-32-9
315	67647-32-9
315	67762-25-8
315	67762-41-8
315	67826-97-5
315	67826-97-5
315	68066-05-7
315	68066-05-7
315	68066-05-7
315	68066-05-7
315	68066-05-7
315	68066-05-7
315	68083-56-7
315	68083-56-7
315	68083-56-7
315	68083-56-7
315	68083-56-7
315	68083-56-7
315	68083-56-7
315	68083-56-7
315	68083-56-7
315	6836-38-0
315	6836-38-0
315	6836-38-0
315	6836-38-0
315	6836-38-0
315	6836-38-0
315	6836-38-0
315	6836-38-0
315	6836-38-0
315	6836-40-4
315	6836-40-4
315	68509-47-7
315	68509-47-7
315	68509-48-8
315	68509-48-8
315	68551-07-5
315	68573-13-7
315	68573-13-7
315	68573-14-8
315	68573-14-8
315	68573-14-8
315	68573-14-8
315	68573-14-8
315	68573-14-8
315	68573-14-8
315	68573-14-8
315	68573-14-8
315	68603-15-6
315	68855-55-0
315	68855-56-1
315	6886-16-4
315	6886-16-4
315	690-37-9
315	690-37-9
315	69085-58-1
315	69085-58-1
315	69106-31-6
315	69106-31-6
315	6929-08-4
315	6929-08-4
315	69341-45-3
315	69341-45-3
315	69341-47-5
315	69341-47-5
315	69341-48-6
315	69341-48-6
315	69729-17-5
315	69729-17-5
315	69798-78-3
315	69798-79-4
315	69897-43-4
315	69897-43-4
315	70076-05-0
315	70076-05-0
315	70178-78-8
315	70178-78-8
315	70178-78-8
315	70178-78-8
315	70178-78-8
315	70178-78-8
315	70178-78-8
315	70178-78-8
315	70178-78-8
315	70178-79-9
315	70178-79-9
315	70178-79-9
315	70178-79-9
315	70214-69-6
315	70214-69-6
315	70214-77-6
315	70214-77-6
315	70224-28-1
315	70358-78-0
315	70358-78-0
315	70358-78-0
315	70358-78-0
315	70358-78-0
315	70358-78-0
315	70358-78-0
315	70358-78-0
315	70358-78-0
315	70358-81-5
315	70358-81-5
315	70358-81-5
315	70358-81-5
315	70358-81-5
315	70358-81-5
315	70358-81-5
315	70358-81-5
315	70358-81-5
315	70358-83-7
315	70358-83-7
315	70358-86-0
315	70358-86-0
315	70358-89-3
315	70358-89-3
315	70492-65-8
315	70492-66-9
315	70492-66-9
315	71526-27-7
315	71526-27-7
315	71526-27-7
315	71526-27-7
315	71526-27-7
315	71526-27-7
315	71526-27-7
315	71526-27-7
315	71526-27-7
315	71612-12-9
315	71612-12-9
315	71612-12-9
315	71612-12-9
315	71612-12-9
315	71612-12-9
315	71612-12-9
315	71612-12-9
315	71612-12-9
315	71621-77-7
315	71621-77-7
315	7212-53-5
315	7212-53-5
315	72420-72-5
315	72420-72-5
315	7278-65-1
315	7278-65-1
315	7294-05-5
315	7294-05-5
315	73010-88-5
315	73010-88-5
315	73010-88-5
315	73010-88-5
315	73010-88-5
315	73010-88-5
315	73010-88-5
315	73010-88-5
315	73010-88-5
315	73105-71-2
315	73105-71-2
315	73105-79-0
315	73105-79-0
315	73105-79-0
315	73105-79-0
315	73176-98-4
315	73176-99-5
315	73177-00-1
315	73177-00-1
315	73177-01-2
315	73177-01-2
315	7399-24-8
315	7399-24-8
315	740817-83-8
315	74356-31-3
315	74356-31-3
315	74497-29-3
315	75782-86-4
315	75935-83-0
315	75935-83-0
315	75935-83-0
315	75935-83-0
315	75935-83-0
315	75935-83-0
315	75935-83-0
315	75935-83-0
315	75935-83-0
315	76144-88-2
315	76144-88-2
315	76144-88-2
315	76144-88-2
315	76144-88-2
315	76144-88-2
315	76144-88-2
315	76144-88-2
315	76144-88-2
315	77-74-7
315	77606-45-2
315	77606-45-2
315	77861-53-1
315	77861-53-1
315	79090-61-2
315	79090-61-2
315	79092-28-7
315	79092-28-7
315	79092-28-7
315	79092-28-7
315	79092-28-7
315	79092-28-7
315	79092-28-7
315	79092-28-7
315	79092-28-7
315	79147-59-4
315	79147-59-4
315	79147-60-7
315	79147-60-7
315	79237-71-1
315	79237-71-1
315	79565-94-9
315	79565-94-9
315	79565-95-0
315	79565-95-0
315	79565-96-1
315	79565-96-1
315	79827-42-2
315	79827-42-2
315	79956-98-2
315	8014-32-2
315	80192-55-8
315	80192-55-8
315	80206-82-2
315	8032-08-4
315	8032-09-5
315	8032-10-8
315	80350-64-7
315	80350-64-7
315	80513-04-8
315	80513-04-8
315	81120-76-5
315	81120-76-5
315	81540-78-5
315	81540-78-5
315	81540-79-6
315	81540-79-6
315	817-46-9
315	817-46-9
315	817-60-7
315	817-60-7
315	817-91-4
315	817-91-4
315	818-49-5
315	818-81-5
315	818-81-5
315	820-05-3
315	820-05-3
315	82147-24-8
315	82147-24-8
315	82147-24-8
315	82147-24-8
315	82147-24-8
315	82147-24-8
315	82147-24-8
315	82147-24-8
315	82147-24-8
315	82409-90-3
315	82409-90-3
315	82409-93-6
315	82409-93-6
315	82409-97-0
315	82409-97-0
315	82409-98-1
315	82409-98-1
315	82409-99-2
315	82409-99-2
315	82410-00-2
315	82410-00-2
315	82749-46-0
315	82749-47-1
315	82749-48-2
315	82749-48-2
315	82749-49-3
315	82749-49-3
315	82749-56-2
315	82749-56-2
315	82749-56-2
315	82749-56-2
315	82749-56-2
315	82749-56-2
315	82749-56-2
315	82749-56-2
315	82749-56-2
315	82749-57-3
315	82749-57-3
315	82749-57-3
315	82749-57-3
315	82749-57-3
315	82749-57-3
315	82749-57-3
315	82749-57-3
315	82749-57-3
315	83377-04-2
315	83377-04-2
315	83474-29-7
315	83474-29-7
315	83474-29-7
315	83474-29-7
315	83474-29-7
315	83474-29-7
315	83474-29-7
315	83474-29-7
315	83474-29-7
315	83615-50-3
315	83995-48-6
315	83995-48-6
315	84110-44-1
315	84110-44-1
315	84110-44-1
315	84110-44-1
315	84110-44-1
315	84110-44-1
315	84110-44-1
315	84110-44-1
315	84110-44-1
315	84161-82-0
315	84161-82-0
315	84534-30-5
315	84534-30-5
315	84567-94-2
315	84567-94-2
315	84567-94-2
315	84567-94-2
315	84567-94-2
315	84567-94-2
315	84567-94-2
315	84567-94-2
315	84567-94-2
315	84621-65-8
315	84621-65-8
315	84621-66-9
315	84621-66-9
315	84709-54-6
315	84709-54-6
315	84709-55-7
315	84709-55-7
315	85508-26-5
315	85508-26-5
315	85617-05-6
315	85617-05-6
315	85712-03-4
315	85712-03-4
315	85712-04-5
315	85712-04-5
315	85712-05-6
315	85712-05-6
315	85712-06-7
315	85712-06-7
315	85763-57-1
315	85763-57-1
315	85763-57-1
315	85763-57-1
315	86423-92-9
315	86470-30-6
315	86470-30-6
315	86571-36-0
315	86571-36-0
315	86571-37-1
315	86571-37-1
315	86606-51-1
315	86606-51-1
315	86606-51-1
315	86606-51-1
315	86606-51-1
315	86606-51-1
315	86606-51-1
315	86606-51-1
315	86606-51-1
315	86693-68-7
315	86693-68-7
315	86693-68-7
315	86693-68-7
315	86693-68-7
315	86693-68-7
315	86693-68-7
315	86693-68-7
315	86693-68-7
315	86883-86-5
315	86883-86-5
315	87118-42-1
315	87118-42-1
315	87118-42-1
315	87118-42-1
315	87118-42-1
315	87118-42-1
315	87118-42-1
315	87118-42-1
315	87118-42-1
315	87118-95-4
315	87118-95-4
315	87118-95-4
315	87118-95-4
315	87118-95-4
315	87118-95-4
315	87118-95-4
315	87118-95-4
315	87118-95-4
315	87187-88-0
315	87187-88-0
315	87187-89-1
315	87187-89-1
315	87187-91-5
315	87187-91-5
315	87189-78-4
315	87189-78-4
315	87189-78-4
315	87189-78-4
315	87189-78-4
315	87189-78-4
315	87189-78-4
315	87189-78-4
315	87189-78-4
315	87247-05-0
315	87247-05-0
315	87247-09-4
315	87247-09-4
315	87247-10-7
315	87247-10-7
315	87247-11-8
315	87247-11-8
315	87247-18-5
315	87247-18-5
315	87247-19-6
315	87247-19-6
315	87247-28-7
315	87247-28-7
315	87247-29-8
315	87247-29-8
315	87247-30-1
315	87247-30-1
315	87247-31-2
315	87247-31-2
315	87247-32-3
315	87247-32-3
315	87247-33-4
315	87247-33-4
315	87247-34-5
315	87247-34-5
315	87247-35-6
315	87247-35-6
315	87383-16-2
315	87383-16-2
315	87383-16-2
315	87383-16-2
315	87383-16-2
315	87383-16-2
315	87383-16-2
315	87383-16-2
315	87383-16-2
315	87383-17-3
315	87383-17-3
315	87383-17-3
315	87383-17-3
315	87383-17-3
315	87383-17-3
315	87383-17-3
315	87383-17-3
315	87383-17-3
315	87383-18-4
315	87383-18-4
315	87383-18-4
315	87383-18-4
315	87383-18-4
315	87383-18-4
315	87383-18-4
315	87383-18-4
315	87383-18-4
315	87383-23-1
315	87383-23-1
315	88331-26-4
315	88331-26-4
315	88331-26-4
315	88331-26-4
315	88331-26-4
315	88331-26-4
315	88331-26-4
315	88331-26-4
315	88331-26-4
315	88776-42-5
315	88776-42-5
315	88776-42-5
315	88776-42-5
315	88776-42-5
315	88776-42-5
315	88776-42-5
315	88776-42-5
315	88776-42-5
315	89051-70-7
315	89051-70-7
315	89051-74-1
315	89051-74-1
315	89051-78-5
315	89051-78-5
315	90105-24-1
315	90105-24-1
315	90365-63-2
315	90365-63-2
315	90663-74-4
315	90663-74-4
315	90670-72-7
315	90835-17-9
315	90835-17-9
315	90835-18-0
315	90835-18-0
315	90835-19-1
315	90835-19-1
315	90835-23-7
315	90835-23-7
315	90835-25-9
315	90835-25-9
315	90835-25-9
315	90835-25-9
315	90835-25-9
315	90835-25-9
315	90835-25-9
315	90835-25-9
315	90835-25-9
315	90835-37-3
315	90835-37-3
315	90835-38-4
315	90835-38-4
315	90835-39-5
315	90835-39-5
315	91681-57-1
315	91681-57-1
315	91681-57-1
315	91681-57-1
315	91681-57-1
315	91681-57-1
315	91681-57-1
315	91681-57-1
315	91681-57-1
315	92180-57-9
315	92180-57-9
315	92180-58-0
315	92180-58-0
315	92340-81-3
315	92353-15-6
315	92353-15-6
315	92353-16-7
315	92353-16-7
315	92353-17-8
315	92353-17-8
315	927-45-7
315	927-45-7
315	927-45-7
315	927-45-7
315	92737-90-1
315	92737-90-1
315	92737-91-2
315	92737-91-2
315	93031-21-1
315	93031-21-1
315	93031-23-3
315	93031-24-4
315	93031-25-5
315	93031-25-5
315	93031-27-7
315	93175-65-6
315	93175-65-6
315	93704-22-4
315	93704-22-4
315	93704-23-5
315	93704-23-5
315	93862-10-3
315	93862-10-3
315	94021-93-9
315	94021-93-9
315	94021-93-9
315	94021-93-9
315	94021-93-9
315	94021-93-9
315	94021-93-9
315	94021-94-0
315	94021-94-0
315	94021-94-0
315	94021-94-0
315	94021-94-0
315	94021-94-0
315	94021-94-0
315	95461-60-2
315	95461-60-2
315	97-95-0
315	97097-70-6
315	97097-70-6
315	97235-27-3
315	97752-24-4
315	97752-24-4
315	97752-24-4
315	97752-24-4
315	97752-25-5
315	97752-25-5
315	97752-25-5
315	97752-25-5
315	97752-25-5
315	97752-25-5
315	97752-25-5
315	97845-27-7
315	97845-27-7
315	97915-30-5
315	97915-30-5
315	97994-56-4
315	97994-56-4
315	97994-56-4
315	97994-56-4
315	97994-56-4
315	97994-56-4
315	97994-56-4
315	97994-56-4
315	97994-56-4
315	98757-89-2
315	98757-89-2
315	98811-97-3
315	98811-97-3
315	98982-97-9
315	98982-97-9
315	99164-04-2
315	99210-87-4
315	99210-87-4
315	99210-87-4
315	99210-87-4
315	99210-87-4
315	99210-87-4
315	99210-87-4
315	99210-87-4
315	99210-87-4
315	99210-88-5
315	99210-88-5
315	99210-89-6
315	99210-89-6
315	99427-18-6
315	99427-18-6
315	99521-77-4
315	99521-77-4
315	99602-93-4
315	99745-76-3
315	99943-33-6
315	99943-33-6
317	101963-15-9
317	460061-71-6
317	53095-44-6
317	56833-18-2
317	62132-40-5
317	66455-29-6
317	68424-94-2
317	77640-81-4
318	1072-15-7
318	1072-24-8
318	1120-01-0
318	1120-01-0
318	1120-04-3
318	1191-50-0
318	1191-50-0
318	13393-71-0
318	13393-71-0
318	142-31-4
318	142-87-0
318	3026-63-9
318	3026-63-9
318	5910-79-2
318	68130-43-8
318	68585-47-7
318	68890-70-0
318	68955-19-1
318	72906-11-7
318	73296-89-6
318	90583-25-8
318	90583-28-1
322	68814-95-9
334	68109-65-9
334	68912-13-0
339	116810-46-9
339	37334-78-4
339	37334-79-5
339	37336-44-0
339	500876-31-3
339	500876-35-7
339	61789-18-2
339	61790-43-0
339	68002-62-0
339	68002-63-1
339	68391-03-7
339	8028-19-1
339	8029-24-1
339	8030-78-2
339	8046-62-6
34	100295-82-7
34	100295-83-8
34	100431-82-1
34	100431-82-1
34	100431-87-6
34	100431-87-6
34	100483-74-7
34	100508-45-0
34	100757-71-9
34	100757-71-9
34	100757-71-9
34	100833-63-4
34	100833-63-4
34	100833-63-4
34	101181-74-2
34	10143-20-1
34	10143-23-4
34	10202-77-4
34	10202-77-4
34	10203-28-8
34	10203-28-8
34	10203-28-8
34	10203-30-2
34	10203-30-2
34	10203-30-2
34	10203-32-4
34	10203-32-4
34	10203-32-4
34	10203-33-5
34	10203-33-5
34	10203-33-5
34	102680-34-2
34	10289-68-6
34	102968-75-2
34	102968-75-2
34	102968-75-2
34	102968-76-3
34	102968-76-3
34	102968-76-3
34	103-08-2
34	103-08-2
34	103-20-8
34	103-20-8
34	103088-91-1
34	103088-92-2
34	103184-98-1
34	103184-98-1
34	103184-99-2
34	103184-99-2
34	103227-60-7
34	103360-63-0
34	104-76-7
34	104-76-7
34	105-30-6
34	10522-26-6
34	10522-26-6
34	10522-26-6
34	10524-70-6
34	10524-70-6
34	10524-71-7
34	10524-71-7
34	105485-69-6
34	105485-69-6
34	105485-69-6
34	10575-56-1
34	10575-56-1
34	106-67-2
34	106-67-2
34	106593-58-2
34	106593-58-2
34	1070-32-2
34	1070-32-2
34	107494-37-1
34	107494-37-1
34	108-11-2
34	108-82-7
34	108-82-7
34	108-82-7
34	108393-72-2
34	108439-06-1
34	108439-06-1
34	108448-40-4
34	108530-04-7
34	110225-00-8
34	111-27-3
34	111-70-6
34	111675-51-5
34	111675-51-5
34	111675-55-9
34	111675-55-9
34	111675-56-0
34	111675-56-0
34	111675-61-7
34	111675-61-7
34	111675-63-9
34	111675-63-9
34	111675-69-5
34	111675-69-5
34	111675-75-3
34	111675-75-3
34	111675-76-4
34	111675-76-4
34	111675-78-6
34	111675-79-7
34	111767-96-5
34	111767-98-7
34	111767-99-8
34	111768-00-4
34	111768-01-5
34	111768-02-6
34	111768-03-7
34	111768-04-8
34	111768-05-9
34	111768-06-0
34	111768-08-2
34	111768-09-3
34	111774-57-3
34	111774-57-3
34	112-42-5
34	112-42-5
34	112-70-9
34	112-72-1
34	112-72-1
34	112-92-5
34	113298-92-3
34	113298-92-3
34	115182-86-0
34	115182-86-0
34	115667-95-3
34	115667-95-3
34	118447-53-3
34	118447-53-3
34	118492-13-0
34	118492-13-0
34	1185-33-7
34	120837-26-5
34	120837-26-5
34	123-17-1
34	123-17-1
34	123-17-1
34	123-24-0
34	123-44-4
34	123-44-4
34	123-96-6
34	123-96-6
34	124702-95-0
34	124702-95-0
34	128441-03-2
34	128441-03-2
34	13023-60-4
34	13023-60-4
34	130322-50-8
34	130322-50-8
34	1320-98-5
34	13231-81-7
34	13254-34-7
34	13254-34-7
34	13254-34-7
34	1331-39-1
34	1331-39-1
34	1331-39-1
34	1331-40-4
34	1331-40-4
34	13332-16-6
34	13332-29-1
34	1336-11-4
34	1336-11-4
34	13432-25-2
34	13432-25-2
34	13471-42-6
34	134766-55-5
34	134766-55-5
34	13501-73-0
34	13501-73-0
34	137008-30-1
34	137008-30-1
34	137008-38-9
34	137008-38-9
34	13848-60-7
34	13848-60-7
34	13848-60-7
34	14202-62-1
34	14202-62-1
34	14202-62-1
34	14250-79-4
34	14250-79-4
34	14250-79-4
34	14250-80-7
34	14250-80-7
34	143819-62-9
34	143819-62-9
34	14499-84-4
34	14499-84-4
34	14499-84-4
34	1454-85-9
34	14609-79-1
34	14609-79-1
34	14609-79-1
34	1484-87-3
34	1484-87-3
34	1484-87-3
34	14852-31-4
34	14898-80-7
34	14979-39-6
34	14979-39-6
34	1502-68-7
34	1502-92-7
34	1502-93-8
34	1502-94-9
34	15071-36-0
34	1517-67-5
34	1561-17-7
34	1561-17-7
34	1572-96-9
34	1573-28-0
34	1573-28-0
34	1573-28-0
34	160611-14-3
34	16325-63-6
34	16325-63-6
34	16404-54-9
34	1653-30-1
34	1653-30-1
34	1653-31-2
34	1653-33-4
34	1653-33-4
34	1653-34-5
34	1653-35-6
34	1653-37-8
34	1653-40-3
34	1653-40-3
34	1656-06-0
34	16651-60-8
34	16651-60-8
34	16813-18-6
34	17015-11-1
34	17092-41-0
34	17092-42-1
34	17092-54-5
34	1767-46-0
34	17670-90-5
34	17687-70-6
34	17687-71-7
34	18352-67-5
34	18352-67-5
34	18352-67-5
34	18352-71-1
34	18352-71-1
34	18352-71-1
34	18371-13-6
34	1838-73-9
34	1838-73-9
34	18450-73-2
34	18450-73-2
34	18450-73-2
34	18450-74-3
34	18450-74-3
34	18450-74-3
34	18593-91-4
34	18593-91-4
34	18593-92-5
34	18593-92-5
34	18675-24-6
34	18675-24-6
34	18720-62-2
34	18720-62-2
34	18720-65-5
34	18720-65-5
34	18720-66-6
34	18720-66-6
34	189021-36-1
34	19113-77-0
34	19113-77-0
34	19138-83-1
34	19264-94-9
34	19411-41-7
34	19411-41-7
34	19549-70-3
34	19549-70-3
34	19549-70-3
34	19549-71-4
34	19549-71-4
34	19549-71-4
34	19549-72-5
34	19549-72-5
34	19549-72-5
34	19549-73-6
34	19549-73-6
34	19549-73-6
34	19549-77-0
34	19549-77-0
34	19549-77-0
34	19549-79-2
34	19549-79-2
34	19549-79-2
34	19550-02-8
34	19550-02-8
34	19550-03-9
34	19550-03-9
34	19550-07-3
34	19550-07-3
34	19550-08-4
34	19550-08-4
34	19550-30-2
34	19780-31-5
34	19780-31-5
34	19780-31-5
34	19780-40-6
34	19780-40-6
34	19780-40-6
34	19780-41-7
34	19780-41-7
34	19780-41-7
34	19780-42-8
34	19780-42-8
34	19780-42-8
34	19780-44-0
34	19780-44-0
34	19781-12-5
34	19781-12-5
34	19781-12-5
34	19781-12-5
34	19781-12-5
34	19781-24-9
34	19781-43-2
34	19781-83-0
34	19965-71-0
34	19965-71-0
34	19965-71-0
34	20180-66-9
34	20194-45-0
34	20194-45-0
34	20194-45-0
34	20194-48-3
34	20281-83-8
34	20281-85-0
34	20281-86-1
34	20281-88-3
34	20281-90-7
34	20281-91-8
34	20680-53-9
34	20680-53-9
34	20680-53-9
34	20680-54-0
34	20818-95-5
34	21078-65-9
34	21078-65-9
34	21078-65-9
34	21078-68-2
34	21078-68-2
34	21078-68-2
34	21078-80-8
34	21078-80-8
34	21078-80-8
34	21078-83-1
34	21078-83-1
34	21078-85-3
34	21078-87-5
34	21078-88-6
34	21102-09-0
34	21102-09-0
34	21102-09-0
34	21102-10-3
34	21102-10-3
34	21102-10-3
34	21102-12-5
34	21102-12-5
34	21102-12-5
34	21102-13-6
34	21102-13-6
34	21102-13-6
34	21242-50-2
34	21242-50-2
34	21570-35-4
34	21570-35-4
34	21964-39-6
34	21974-97-0
34	21987-23-5
34	22025-20-3
34	22025-20-3
34	22417-49-8
34	22417-49-8
34	22417-49-8
34	22418-70-8
34	22418-70-8
34	22469-65-4
34	22658-92-0
34	22658-92-0
34	22663-61-2
34	2313-61-3
34	2313-65-7
34	23171-85-9
34	23171-85-9
34	23418-37-3
34	23418-37-3
34	23418-37-3
34	2370-12-9
34	2370-13-0
34	2370-13-0
34	2370-15-2
34	2370-15-2
34	2370-15-2
34	23708-56-7
34	23708-56-7
34	2425-77-6
34	2430-22-0
34	2430-22-0
34	2430-22-0
34	24448-19-9
34	24448-19-9
34	2490-09-7
34	2490-10-0
34	2490-11-1
34	2490-40-6
34	2490-41-7
34	2490-42-8
34	2490-43-9
34	2490-44-0
34	2490-45-1
34	2490-47-3
34	2490-48-4
34	25237-85-8
34	25237-85-8
34	25237-85-8
34	25339-16-6
34	25339-16-6
34	25354-98-7
34	25354-99-8
34	25355-00-4
34	25355-02-6
34	25355-03-7
34	2541-75-5
34	25428-98-2
34	25428-98-2
34	25428-98-2
34	25452-34-0
34	25452-35-1
34	25452-36-2
34	25564-53-8
34	25564-53-8
34	25564-57-2
34	25564-57-2
34	25564-59-4
34	25564-59-4
34	25564-62-9
34	25564-62-9
34	25570-11-0
34	25570-11-0
34	25917-35-5
34	25966-64-7
34	25966-64-7
34	25966-65-8
34	26073-23-4
34	26209-94-9
34	26209-94-9
34	26215-92-9
34	26248-42-0
34	26330-76-7
34	26330-76-7
34	26401-20-7
34	26432-14-4
34	26432-15-5
34	26533-34-6
34	26533-34-6
34	26533-34-6
34	26533-35-7
34	26533-35-7
34	26533-35-7
34	26549-24-6
34	26549-25-7
34	26549-26-8
34	26549-26-8
34	26762-44-7
34	26952-21-6
34	26952-21-6
34	27243-09-0
34	27243-09-0
34	27243-10-3
34	27243-10-3
34	27243-10-3
34	27458-92-0
34	27458-93-1
34	27458-94-2
34	27458-94-2
34	27458-94-2
34	27522-11-8
34	27644-49-1
34	27644-49-1
34	27644-49-1
34	27649-34-9
34	27649-34-9
34	27649-36-1
34	27649-36-1
34	2768-12-9
34	2768-12-9
34	2768-12-9
34	2768-18-5
34	2768-18-5
34	28339-05-1
34	28339-05-1
34	28339-05-1
34	28929-85-3
34	28929-86-4
34	29354-98-1
34	29678-31-7
34	29678-33-9
34	29772-39-2
34	29772-39-2
34	29772-39-2
34	29835-44-7
34	29835-44-7
34	29835-44-7
34	3054-92-0
34	3054-92-0
34	3121-79-7
34	31271-00-8
34	31271-00-8
34	31271-00-8
34	31334-78-8
34	31334-80-2
34	31367-46-1
34	31367-46-1
34	31389-11-4
34	31841-58-4
34	31841-58-4
34	31841-58-4
34	31841-74-4
34	31841-77-7
34	31841-77-7
34	321901-80-8
34	321901-80-8
34	321901-80-8
34	321901-80-8
34	321901-80-8
34	32444-34-1
34	32579-68-3
34	32579-68-3
34	32579-69-4
34	32579-69-4
34	32579-69-4
34	32579-70-7
34	32836-42-3
34	32836-42-3
34	32836-42-3
34	33933-77-6
34	33933-77-6
34	33933-77-6
34	33933-80-1
34	33933-80-1
34	33943-21-4
34	33943-21-4
34	33943-21-4
34	3396-02-9
34	3396-02-9
34	33969-59-4
34	33978-71-1
34	33978-71-1
34	33978-71-1
34	34197-82-5
34	34197-82-5
34	3452-97-9
34	3452-97-9
34	3452-97-9
34	34760-18-4
34	35119-84-7
34	35119-84-7
34	35177-29-8
34	3525-25-5
34	3525-25-5
34	3525-25-5
34	36311-34-9
34	36400-98-3
34	36653-82-4
34	36794-64-6
34	3730-60-7
34	3730-60-7
34	37490-40-7
34	37493-70-2
34	37493-70-2
34	37769-60-1
34	37849-30-2
34	37849-30-2
34	37849-30-2
34	38206-58-5
34	38206-58-5
34	38395-41-4
34	38443-88-8
34	38514-02-2
34	38514-02-2
34	38514-02-2
34	38514-03-3
34	38514-03-3
34	38514-03-3
34	38514-04-4
34	38514-04-4
34	38514-04-4
34	38514-05-5
34	38514-05-5
34	38514-05-5
34	38514-11-3
34	38514-11-3
34	38514-12-4
34	38514-12-4
34	38514-13-5
34	38514-13-5
34	38514-14-6
34	38514-14-6
34	38514-14-6
34	38636-36-1
34	38713-13-2
34	39003-07-1
34	39106-92-8
34	39106-92-8
34	3913-02-8
34	3913-02-8
34	3913-02-8
34	3965-59-1
34	3965-59-1
34	3970-59-0
34	3970-59-0
34	3970-59-0
34	3970-62-5
34	40225-75-0
34	40225-75-0
34	40225-75-0
34	40435-42-5
34	40435-42-5
34	40435-42-5
34	40589-16-0
34	40589-16-0
34	40853-58-5
34	40853-58-5
34	41065-95-6
34	41065-95-6
34	41096-61-1
34	41096-61-1
34	4128-31-8
34	4128-31-8
34	4131-80-0
34	4131-80-0
34	4166-46-5
34	4166-46-5
34	41744-75-6
34	41746-85-4
34	41746-85-4
34	41902-42-5
34	42072-39-9
34	42072-62-8
34	42072-62-8
34	42072-62-8
34	4209-90-9
34	4209-90-9
34	4209-91-0
34	4209-91-0
34	42184-01-0
34	42328-76-7
34	42328-76-7
34	4272-06-4
34	4272-06-4
34	42763-52-0
34	42842-12-6
34	42842-12-6
34	42842-13-7
34	42842-13-7
34	42928-45-0
34	42928-47-2
34	42930-67-6
34	45235-48-1
34	464-07-3
34	4706-81-4
34	4706-81-4
34	4730-22-7
34	4730-22-7
34	4911-70-0
34	4989-79-1
34	4989-79-1
34	51079-52-8
34	51079-52-8
34	51079-52-8
34	5108-33-8
34	51166-20-2
34	51174-83-5
34	51174-83-5
34	51200-80-7
34	51200-80-7
34	51200-80-7
34	51200-84-1
34	51200-84-1
34	51246-24-3
34	51246-24-3
34	51246-25-4
34	51246-25-4
34	51246-25-4
34	51246-26-5
34	51260-59-4
34	51552-64-8
34	51552-64-8
34	51552-64-8
34	5162-48-1
34	5162-48-1
34	51655-55-1
34	51655-55-1
34	51655-56-2
34	51655-56-2
34	51655-57-3
34	51655-60-8
34	51655-63-1
34	51750-47-1
34	51750-47-1
34	51774-11-9
34	51864-91-6
34	51864-91-6
34	51864-91-6
34	51864-92-7
34	51864-92-7
34	51864-93-8
34	51864-93-8
34	51864-93-8
34	52019-78-0
34	52356-02-2
34	52356-02-2
34	52356-02-2
34	52783-44-5
34	52788-59-7
34	53151-79-4
34	53151-79-4
34	53151-79-4
34	5331-63-5
34	5333-44-8
34	5333-48-2
34	5333-48-2
34	53353-04-1
34	53398-71-3
34	53398-71-3
34	5340-31-8
34	5340-31-8
34	5340-31-8
34	5340-35-2
34	5340-35-2
34	5340-36-3
34	5340-36-3
34	5340-36-3
34	5340-41-0
34	5340-41-0
34	5340-41-0
34	5340-51-2
34	5340-51-2
34	5340-52-3
34	5340-52-3
34	5340-52-3
34	5340-80-7
34	54004-41-0
34	54004-41-0
34	54004-41-0
34	54206-54-1
34	543-49-7
34	54322-29-1
34	54322-29-1
34	54381-03-2
34	54381-04-3
34	54381-04-3
34	54381-04-3
34	54460-99-0
34	54460-99-0
34	54461-00-6
34	54461-00-6
34	5457-42-1
34	5457-42-1
34	5457-42-1
34	54630-50-1
34	54630-50-1
34	54712-26-4
34	54774-83-3
34	54774-83-3
34	54774-83-3
34	54775-01-8
34	54775-01-8
34	54775-01-8
34	54972-97-3
34	55110-82-2
34	55310-58-2
34	55310-58-2
34	55310-58-2
34	55310-59-3
34	55310-59-3
34	55310-59-3
34	55310-60-6
34	55310-60-6
34	55310-60-6
34	55310-61-7
34	55310-61-7
34	55310-61-7
34	55505-23-2
34	55505-24-3
34	55505-24-3
34	55505-24-3
34	55505-28-7
34	55505-28-7
34	55505-29-8
34	55505-29-8
34	55505-33-4
34	55505-34-5
34	55505-34-5
34	55505-34-5
34	55514-25-5
34	55514-25-5
34	55514-25-5
34	55719-99-8
34	55719-99-8
34	55719-99-8
34	55720-01-9
34	55720-01-9
34	55720-04-2
34	55720-04-2
34	55720-04-2
34	55816-17-6
34	55816-17-6
34	5582-82-1
34	5582-82-1
34	56065-39-5
34	56065-39-5
34	56298-90-9
34	56298-90-9
34	56314-72-8
34	56314-72-8
34	56314-73-9
34	56314-73-9
34	56314-74-0
34	56314-74-0
34	56314-74-0
34	56314-75-1
34	56314-75-1
34	56314-75-1
34	56314-76-2
34	56314-77-3
34	565-60-6
34	565-67-3
34	56846-92-5
34	56846-93-6
34	56973-28-5
34	57233-26-8
34	57233-26-8
34	57233-29-1
34	57233-29-1
34	57233-32-6
34	57233-32-6
34	57289-07-3
34	57409-53-7
34	57409-53-7
34	57630-25-8
34	57630-25-8
34	57630-25-8
34	5770-03-6
34	58175-57-8
34	58175-57-8
34	58242-80-1
34	58524-92-8
34	58783-82-7
34	58795-24-7
34	58795-24-7
34	58795-24-7
34	589-35-5
34	589-55-9
34	589-62-8
34	589-62-8
34	589-82-2
34	589-98-0
34	589-98-0
34	590-36-3
34	59056-73-4
34	591-70-8
34	591-72-0
34	591-73-1
34	59117-31-6
34	59117-31-6
34	59156-74-0
34	59156-75-1
34	59156-76-2
34	59222-84-3
34	593-03-3
34	593-32-8
34	5932-79-6
34	5932-79-6
34	5932-79-6
34	594-60-5
34	594-83-2
34	595-41-5
34	597-05-7
34	597-05-7
34	597-49-9
34	597-76-2
34	597-76-2
34	597-90-0
34	597-90-0
34	597-90-0
34	597-93-3
34	597-96-6
34	5970-63-8
34	5970-63-8
34	59734-23-5
34	59734-23-5
34	59734-23-5
34	5978-70-1
34	5978-70-1
34	598-01-6
34	598-01-6
34	600-36-2
34	60129-23-9
34	60129-24-0
34	6033-23-4
34	6033-24-5
34	60435-70-3
34	60435-70-3
34	60564-75-2
34	60564-75-2
34	60564-76-3
34	60564-76-3
34	60564-77-4
34	60564-77-4
34	60564-77-4
34	60564-78-5
34	60564-78-5
34	60564-78-5
34	60564-79-6
34	60564-79-6
34	60564-79-6
34	60671-33-2
34	60671-33-2
34	60671-34-3
34	60671-34-3
34	60671-34-3
34	60671-35-4
34	60671-36-5
34	60671-36-5
34	60671-36-5
34	60671-37-6
34	60671-37-6
34	60671-37-6
34	609-27-8
34	61169-84-4
34	61169-84-4
34	61184-91-6
34	61184-92-7
34	6144-93-0
34	615-29-2
34	6169-06-8
34	6169-06-8
34	617-29-8
34	61838-24-2
34	61949-26-6
34	61973-86-2
34	6210-51-1
34	62101-31-9
34	62101-32-0
34	62101-33-1
34	623-37-0
34	623-55-2
34	623-93-8
34	623-93-8
34	623-93-8
34	624-08-8
34	624-22-6
34	624-51-1
34	624-51-1
34	624-51-1
34	624-95-3
34	625-06-9
34	625-23-0
34	625-25-2
34	625-25-2
34	626-89-1
34	626-93-7
34	627-59-8
34	627-98-5
34	62701-49-9
34	628-44-4
34	628-44-4
34	628-44-4
34	628-99-9
34	628-99-9
34	628-99-9
34	629-76-5
34	62958-39-8
34	62958-39-8
34	62958-40-1
34	62958-41-2
34	6305-71-1
34	63067-46-9
34	63067-47-0
34	63126-08-9
34	63126-08-9
34	63126-08-9
34	6345-85-3
34	6345-85-3
34	6345-85-3
34	63707-89-1
34	63707-89-1
34	63707-90-4
34	63707-90-4
34	63730-39-2
34	63730-39-2
34	63782-91-2
34	63782-91-2
34	63814-74-4
34	64029-94-3
34	64029-94-3
34	64029-94-3
34	64502-86-9
34	64641-46-9
34	6481-95-4
34	6481-95-4
34	65502-58-1
34	65502-58-1
34	65502-61-6
34	65502-61-6
34	65502-61-6
34	6570-87-2
34	65769-10-0
34	65769-10-0
34	65769-10-0
34	65822-93-7
34	65822-93-7
34	65822-93-7
34	65927-60-8
34	65927-60-8
34	65927-60-8
34	66050-98-4
34	66050-99-5
34	66225-51-2
34	66283-22-5
34	66283-22-5
34	6632-94-6
34	6632-94-6
34	66455-17-2
34	66534-89-2
34	66534-89-2
34	66576-24-7
34	66576-24-7
34	66576-25-8
34	66576-25-8
34	66576-34-9
34	66576-34-9
34	66576-35-0
34	66576-35-0
34	66576-55-4
34	66576-55-4
34	66576-56-5
34	66576-56-5
34	66576-57-6
34	66576-57-6
34	66605-94-5
34	66793-71-3
34	66793-71-3
34	66793-71-3
34	66793-73-5
34	66793-73-5
34	66793-73-5
34	66793-84-8
34	66793-84-8
34	66793-84-8
34	66794-05-6
34	66794-05-6
34	66794-05-6
34	66810-87-5
34	66810-87-5
34	66810-87-5
34	67245-18-5
34	67253-82-1
34	67253-83-2
34	67253-84-3
34	67315-12-2
34	67468-87-5
34	67468-87-5
34	67468-87-5
34	67647-32-9
34	67762-41-8
34	67826-97-5
34	67826-97-5
34	68066-05-7
34	68066-05-7
34	68083-56-7
34	68083-56-7
34	68083-56-7
34	6836-38-0
34	6836-38-0
34	6836-38-0
34	6836-40-4
34	68509-47-7
34	68509-47-7
34	68509-48-8
34	68509-48-8
34	68551-07-5
34	68573-13-7
34	68573-13-7
34	68573-14-8
34	68573-14-8
34	68573-14-8
34	68603-15-6
34	6886-16-4
34	6886-16-4
34	690-37-9
34	690-37-9
34	69085-58-1
34	69106-31-6
34	6929-08-4
34	6929-08-4
34	69341-45-3
34	69341-47-5
34	69341-48-6
34	69729-17-5
34	69798-78-3
34	69798-79-4
34	69897-43-4
34	69897-43-4
34	70076-05-0
34	70076-05-0
34	70076-05-0
34	70178-78-8
34	70178-78-8
34	70178-78-8
34	70178-79-9
34	70214-69-6
34	70214-69-6
34	70214-77-6
34	70214-77-6
34	70224-28-1
34	70358-78-0
34	70358-78-0
34	70358-78-0
34	70358-81-5
34	70358-81-5
34	70358-81-5
34	70358-83-7
34	70358-83-7
34	70358-86-0
34	70358-86-0
34	70358-89-3
34	70358-89-3
34	70492-65-8
34	70492-66-9
34	70492-66-9
34	71526-27-7
34	71526-27-7
34	71526-27-7
34	71612-12-9
34	71612-12-9
34	71612-12-9
34	71621-77-7
34	71621-77-7
34	7212-53-5
34	7212-53-5
34	72420-72-5
34	7278-65-1
34	7294-05-5
34	7294-05-5
34	73010-88-5
34	73010-88-5
34	73010-88-5
34	73105-71-2
34	73105-71-2
34	73105-79-0
34	73176-98-4
34	73176-99-5
34	73177-00-1
34	73177-00-1
34	73177-01-2
34	73177-01-2
34	7399-24-8
34	7399-24-8
34	74356-31-3
34	74356-31-3
34	74497-29-3
34	75935-83-0
34	75935-83-0
34	75935-83-0
34	76144-88-2
34	76144-88-2
34	76144-88-2
34	77-74-7
34	77606-45-2
34	77861-53-1
34	79090-61-2
34	79090-61-2
34	79092-28-7
34	79092-28-7
34	79092-28-7
34	79147-59-4
34	79147-60-7
34	79237-71-1
34	79237-71-1
34	79565-94-9
34	79565-95-0
34	79565-96-1
34	79827-42-2
34	79956-98-2
34	80192-55-8
34	80192-55-8
34	80350-64-7
34	80513-04-8
34	80513-04-8
34	81120-76-5
34	81120-76-5
34	81540-78-5
34	81540-79-6
34	817-46-9
34	817-46-9
34	817-46-9
34	817-60-7
34	817-60-7
34	817-60-7
34	817-91-4
34	817-91-4
34	818-49-5
34	818-81-5
34	818-81-5
34	818-81-5
34	820-05-3
34	820-05-3
34	820-05-3
34	82147-24-8
34	82147-24-8
34	82147-24-8
34	82409-90-3
34	82409-93-6
34	82409-97-0
34	82409-98-1
34	82409-99-2
34	82410-00-2
34	82749-46-0
34	82749-47-1
34	82749-48-2
34	82749-48-2
34	82749-49-3
34	82749-49-3
34	82749-56-2
34	82749-56-2
34	82749-56-2
34	82749-57-3
34	82749-57-3
34	82749-57-3
34	83377-04-2
34	83474-29-7
34	83474-29-7
34	83474-29-7
34	83615-50-3
34	83995-48-6
34	84110-44-1
34	84110-44-1
34	84110-44-1
34	84161-82-0
34	84534-30-5
34	84567-94-2
34	84567-94-2
34	84567-94-2
34	84621-65-8
34	84621-66-9
34	84709-54-6
34	84709-54-6
34	84709-55-7
34	84709-55-7
34	85508-26-5
34	85508-26-5
34	85617-05-6
34	85617-05-6
34	85712-03-4
34	85712-03-4
34	85712-03-4
34	85712-04-5
34	85712-04-5
34	85712-04-5
34	85712-05-6
34	85712-05-6
34	85712-05-6
34	85712-06-7
34	85712-06-7
34	85712-06-7
34	85763-57-1
34	86423-92-9
34	86470-30-6
34	86470-30-6
34	86571-36-0
34	86571-36-0
34	86571-37-1
34	86571-37-1
34	86606-51-1
34	86606-51-1
34	86606-51-1
34	86693-68-7
34	86693-68-7
34	86693-68-7
34	86883-86-5
34	87118-42-1
34	87118-42-1
34	87118-42-1
34	87118-95-4
34	87118-95-4
34	87118-95-4
34	87187-88-0
34	87187-89-1
34	87187-91-5
34	87189-78-4
34	87189-78-4
34	87189-78-4
34	87247-05-0
34	87247-09-4
34	87247-10-7
34	87247-11-8
34	87247-18-5
34	87247-18-5
34	87247-19-6
34	87247-19-6
34	87247-28-7
34	87247-29-8
34	87247-30-1
34	87247-31-2
34	87247-32-3
34	87247-33-4
34	87247-34-5
34	87247-35-6
34	87383-16-2
34	87383-16-2
34	87383-16-2
34	87383-17-3
34	87383-17-3
34	87383-17-3
34	87383-18-4
34	87383-18-4
34	87383-18-4
34	87383-23-1
34	88331-26-4
34	88331-26-4
34	88331-26-4
34	88776-42-5
34	88776-42-5
34	88776-42-5
34	89051-70-7
34	89051-74-1
34	89051-78-5
34	90105-24-1
34	90365-63-2
34	90365-63-2
34	90663-74-4
34	90670-72-7
34	90835-17-9
34	90835-18-0
34	90835-19-1
34	90835-23-7
34	90835-25-9
34	90835-25-9
34	90835-25-9
34	90835-37-3
34	90835-38-4
34	90835-39-5
34	91681-57-1
34	91681-57-1
34	91681-57-1
34	92180-57-9
34	92180-58-0
34	92340-81-3
34	92353-15-6
34	92353-16-7
34	92353-17-8
34	927-45-7
34	92737-90-1
34	92737-90-1
34	92737-91-2
34	92737-91-2
34	93031-21-1
34	93031-21-1
34	93031-23-3
34	93031-24-4
34	93031-25-5
34	93031-25-5
34	93031-27-7
34	93175-65-6
34	93704-22-4
34	93704-23-5
34	93821-11-5
34	93862-10-3
34	93862-10-3
34	93862-10-3
34	94021-93-9
34	94021-93-9
34	94021-94-0
34	94021-94-0
34	95461-60-2
34	95461-60-2
34	97-95-0
34	97097-70-6
34	97235-27-3
34	97752-24-4
34	97752-25-5
34	97752-25-5
34	97845-27-7
34	97915-30-5
34	97994-56-4
34	97994-56-4
34	97994-56-4
34	98757-89-2
34	98757-89-2
34	98757-89-2
34	98811-97-3
34	98982-97-9
34	98982-97-9
34	98982-97-9
34	99164-04-2
34	99210-87-4
34	99210-87-4
34	99210-87-4
34	99210-88-5
34	99210-89-6
34	99427-18-6
34	99427-18-6
34	99521-77-4
34	99602-93-4
34	99745-76-3
34	99943-33-6
340	127-41-3
340	14398-36-8
340	14901-07-6
340	24190-29-2
340	24190-32-7
340	31798-12-6
340	35031-06-2
340	35031-06-2
340	52340-45-1
340	79-76-5
340	8013-90-9
341	116810-46-9
341	37334-78-4
341	37334-79-5
341	37336-44-0
341	500876-31-3
341	500876-35-7
341	61789-18-2
341	61790-43-0
341	68391-03-7
341	8028-19-1
341	8029-24-1
341	8030-78-2
341	8046-62-6
343	10557-44-5
343	107-39-1
343	107-40-4
343	11071-47-9
343	12002-23-2
343	13151-04-7
343	13151-05-8
343	13172-91-3
343	133773-48-5
343	13714-85-7
343	14255-23-3
343	14255-24-4
343	15870-10-7
343	15910-22-2
343	15918-08-8
343	16106-59-5
343	1632-16-2
343	1647-08-1
343	16745-94-1
343	16746-02-4
343	16746-85-3
343	16746-86-4
343	16746-87-5
343	16789-51-8
343	17618-76-7
343	18231-53-3
343	19138-82-0
343	19550-81-3
343	19550-82-4
343	19550-83-5
343	19550-87-9
343	19550-88-0
343	19780-46-2
343	19780-66-6
343	19780-67-7
343	19780-68-8
343	19781-63-6
343	20488-34-0
343	2213-37-8
343	22487-87-2
343	22768-17-8
343	22768-18-9
343	22768-19-0
343	22768-20-3
343	24608-84-2
343	24608-85-3
343	25167-70-8
343	26266-69-3
343	26680-58-0
343	30951-95-2
343	3123-93-1
343	3404-56-6
343	3404-57-7
343	3404-58-8
343	3404-59-9
343	3404-67-9
343	3404-75-9
343	3404-77-1
343	3404-78-2
343	3404-79-3
343	3404-80-6
343	36382-10-2
343	37266-23-2
343	37549-89-6
343	39761-57-4
343	39761-61-0
343	39761-64-3
343	39782-43-9
343	42067-48-1
343	42067-49-2
343	42524-09-4
343	44652-54-2
343	4485-16-9
343	4810-09-7
343	5026-76-6
343	50422-80-5
343	51065-65-7
343	53510-18-2
343	54616-49-8
343	560-22-5
343	560-23-6
343	564-03-4
343	565-76-4
343	565-77-5
343	59643-75-3
343	598-96-9
343	61665-19-8
343	61847-78-7
343	61847-80-1
343	6196-60-7
343	620-00-8
343	627-97-4
343	66225-12-5
343	66225-13-6
343	66225-14-7
343	66225-15-8
343	66225-16-9
343	66225-17-0
343	66225-18-1
343	66225-19-2
343	66225-20-5
343	66225-30-7
343	66225-31-8
343	690-92-6
343	690-93-7
343	69106-04-3
343	69106-05-4
343	692-70-6
343	692-96-6
343	6975-92-4
343	7116-86-1
343	7145-20-2
343	7145-23-5
343	7300-03-0
343	73548-71-7
343	73548-72-8
343	7423-69-0
343	78820-81-2
343	78820-82-3
343	79075-20-0
343	81789-83-5
343	81789-84-6
343	82085-14-1
343	82580-44-7
343	97593-00-5
343	99446-63-6
343	99446-64-7
343	99446-65-8
343	99446-68-1
343	99446-69-2
343	99446-72-7
343	99446-73-8
343	99446-74-9
343	99446-75-0
343	99446-76-1
343	99446-77-2
343	99469-15-5
343	99469-16-6
343	99494-05-0
343	99494-06-1
343	99546-36-8
343	UN2050
348	19327-30-1
348	68439-57-6
348	68937-98-4
348	93686-14-7
349	116503-44-7
349	122333-48-6
349	15922-78-8
35	1266378-54-4
35	43126-89-2
35	61789-40-0
35	86243-76-7
35	97862-59-4
36	1116380-81-4
365	1039756-61-0
365	1118-41-8
365	183185-47-9
365	29240-03-7
365	29240-03-7
365	37227-99-9
365	37228-00-5
365	37334-63-7
365	37334-67-1
365	37336-43-9
365	37339-19-8
365	37340-16-2
365	56573-47-8
365	56573-48-9
365	59249-59-1
365	60569-67-7
365	60649-22-1
365	61789-77-3
365	61789-80-8
365	62112-31-6
365	66419-31-6
365	66455-24-1
365	68334-33-8
365	68391-05-9
365	68783-78-8
365	68910-56-5
365	71487-01-9
365	8014-21-9
37	112-20-9
37	12797-71-6
37	143-27-1
37	1454651-17-2
37	1454651-18-3
37	174593-28-3
37	1838-19-3
37	2570-26-5
37	26266-59-1
37	2869-34-3
37	37334-76-2
37	39281-05-5
37	39346-20-8
37	39444-39-8
37	4200-95-7
37	52953-83-0
37	54385-93-2
37	54693-04-8
37	56572-34-0
37	60085-15-6
37	60649-27-6
37	60880-83-3
37	61788-45-2
37	61788-46-3
37	61790-18-9
37	61790-33-8
37	66455-22-9
37	68037-91-2
37	68037-92-3
37	68155-27-1
37	7307-55-3
37	745822-74-6
37	8031-10-5
37	8034-99-9
37	8035-00-5
37	8035-01-6
37	8035-04-9
37	8035-05-0
37	8035-06-1
37	85566-21-8
37	89190-94-3
37	90640-32-7
376	1132712-02-7
376	118104-13-5
376	12751-06-3
376	1430328-98-5
376	153189-69-6
376	1591830-58-8
376	186615-78-1
376	53028-62-9
376	56448-72-7
376	56832-66-7
376	63091-31-6
376	66984-58-5
376	67785-10-8
376	67785-14-2
376	68155-07-7
376	68155-20-4
376	68440-04-0
376	68440-32-4
376	68603-38-3
376	68603-42-9
376	71343-51-6
376	71343-71-0
376	73807-15-5
376	8036-48-4
376	8040-31-1
376	8040-33-3
376	8051-30-7
376	83652-14-6
376	87714-18-9
376	90651-47-1
376	97926-10-8
38	109223-82-7
38	1129705-27-6
38	12610-15-0
38	1261038-35-0
38	1261038-37-2
38	12737-49-4
38	1276693-55-0
38	139465-52-4
38	140608-56-6
38	1627576-29-7
38	211236-23-6
38	284043-71-6
38	320376-56-5
38	39355-58-3
38	39378-85-3
38	502849-71-0
38	53028-70-9
38	53028-71-0
38	55608-16-7
38	55608-17-8
38	55608-18-9
38	56451-60-6
38	58392-21-5
38	61328-31-2
38	61614-03-7
38	61790-82-7
38	61791-14-8
38	61791-24-0
38	61791-26-2
38	61791-31-9
38	61791-44-4
38	63091-06-5
38	63705-00-0
38	64147-39-3
38	65099-75-4
38	66456-78-8
38	66525-82-4
38	66587-55-1
38	68155-33-9
38	68439-72-5
38	68551-36-0
38	69494-73-1
38	71786-60-2
38	71950-59-9
38	72968-37-7
38	73246-96-5
38	79748-21-3
38	8051-49-8
38	8051-50-1
38	8051-51-2
38	8051-52-3
38	8051-53-4
38	8051-54-5
38	8051-55-6
38	8051-56-7
38	8051-57-8
38	8051-58-9
38	8051-59-0
38	865288-96-6
38	88747-42-6
38	90367-28-5
38	95751-70-5
38	95916-71-5
381	108-46-3
381	12385-08-9
396	14103-61-8
396	20548-62-3
396	28553-12-0
396	68515-48-0
396	70152-36-2
396	70857-56-6
396	71549-78-5
396	85391-48-6
396	85391-49-7
396	85391-50-0
396	85391-51-1
396	85391-52-2
396	85391-53-3
396	85391-54-4
396	85851-76-9
396	85851-77-0
396	85851-78-1
396	85851-79-2
396	85851-80-5
396	85851-84-9
396	97692-55-2
396	98088-97-2
41	1115589-02-0
41	127036-24-2
41	1295509-79-3
41	1408318-19-3
41	1416949-69-3
41	160875-66-1
41	160901-09-7
41	169107-21-5
41	61791-21-7
41	68439-54-3
41	68991-48-0
41	69013-19-0
41	70879-83-3
41	71060-57-6
41	71243-46-4
41	73398-63-7
41	78330-20-8
41	78330-21-9
41	851226-54-5
41	936824-77-0
41	97043-91-9
41	97404-08-5
412	27178-34-3
412	585-34-2
412	98-54-4
43	1322-69-6
43	209859-96-1
43	27193-28-8
43	29932-96-5
43	30105-54-5
43	3884-95-5
43	62744-41-6
431	37334-78-4
431	37334-79-5
431	37336-44-0
431	500876-31-3
431	500876-35-7
431	61789-18-2
431	61790-43-0
431	68002-62-0
431	68002-63-1
431	68391-03-7
431	8028-19-1
431	8029-24-1
431	8030-78-2
431	8046-62-6
44	102381-25-9
44	1082816-13-4
44	115003-70-8
44	122-19-0
44	122-19-0
44	12741-06-9
44	152618-11-6
44	159704-21-9
44	160402-23-3
44	16576-95-7
44	16576-98-0
44	16576-98-0
44	39434-18-9
44	50957-62-5
44	51004-71-8
44	51668-62-3
44	56573-46-7
44	59890-14-1
44	61789-71-7
44	61789-72-8
44	61789-74-0
44	61789-75-1
44	63449-41-2
44	68390-98-7
44	68391-01-5
44	68607-20-5
44	68989-00-4
44	69344-71-4
44	72749-57-6
44	75635-12-0
44	8001-54-5
44	8011-91-4
44	8036-90-6
44	8039-63-2
44	8043-48-9
44	8045-21-4
44	965-32-2
44	RR-87724-7
45	68081-81-2
45	68411-30-3
45	68608-87-7
45	69669-44-9
45	85117-50-6
45	90194-45-9
460	101840-73-7
460	103819-01-8
460	106232-83-1
460	1076240-29-3
460	109370-70-9
460	11114-30-0
460	111214-24-5
460	111366-79-1
460	113285-15-7
460	118997-72-1
460	125622-53-9
460	12627-31-5
460	126646-02-4
460	12680-17-0
460	132175-12-3
460	133249-00-0
460	134634-13-2
460	138185-26-9
460	140881-22-7
460	141489-71-6
460	147826-40-2
460	155421-87-7
460	156259-66-4
460	157627-86-6
460	160901-19-9
460	162122-73-8
460	164715-41-7
460	183147-07-1
460	191549-77-6
460	191744-22-6
460	191744-22-6
460	196004-48-5
460	196623-73-1
460	206565-96-0
460	225375-39-3
460	227612-65-9
460	245366-78-3
460	26636-39-5
460	26636-40-8
460	299938-87-7
460	306295-38-5
460	32128-65-7
460	348113-22-4
460	349587-20-8
460	35919-15-4
460	37211-47-5
460	37213-82-4
460	37224-39-8
460	37232-15-8
460	37331-57-0
460	39289-06-0
460	39390-80-2
460	39390-81-3
460	39390-82-4
460	39405-97-5
460	51023-17-7
460	51745-86-9
460	52440-12-7
460	52440-13-8
460	52504-14-0
460	52504-15-1
460	53029-08-6
460	53239-78-4
460	53800-54-7
460	54066-13-6
460	54174-03-7
460	55840-61-4
460	56274-30-7
460	57534-32-4
460	58969-22-5
460	59217-36-6
460	59217-37-7
460	600156-37-4
460	60098-73-9
460	60120-79-8
460	60408-32-4
460	60881-01-8
460	61791-13-7
460	61791-21-7
460	61791-28-4
460	62229-17-8
460	62229-49-6
460	62362-74-7
460	62362-75-8
460	62362-76-9
460	65256-15-7
460	66455-10-5
460	66455-12-7
460	66455-13-8
460	66455-14-9
460	66455-15-0
460	67015-99-0
460	68002-97-1
460	68037-04-7
460	68131-39-5
460	68131-40-8
460	68154-96-1
460	68213-23-0
460	68439-45-2
460	68439-50-9
460	68439-54-3
460	68511-57-9
460	68511-58-0
460	68526-94-3
460	68551-12-2
460	68603-20-3
460	68908-63-4
460	68951-67-7
460	68954-93-8
460	68954-95-0
460	68991-48-0
460	69013-19-0
460	70694-96-1
460	71011-10-4
460	71243-46-4
460	724459-06-7
460	72905-87-4
460	73145-06-9
460	73398-63-7
460	76090-65-8
460	78330-21-9
460	80702-29-0
460	80941-17-9
460	81138-54-7
460	81690-58-6
460	84133-50-6
460	85087-87-2
460	88085-98-7
460	88507-26-0
460	88995-63-5
460	890898-21-2
460	9082-09-1
460	9083-40-3
460	910567-84-9
460	94189-38-5
460	96638-32-3
460	97043-91-9
463	104376-76-3
463	110392-50-2
463	1184178-80-0
463	125736-54-1
463	161074-78-8
463	67762-22-5
463	68081-91-4
463	68585-34-2
463	68650-67-9
463	68891-38-3
463	68909-66-0
463	91648-56-5
472	134016-39-0
481	61036-67-7
481	61788-63-4
513	68952-35-2
52	32055-14-4
67	68308-64-5
67	68308-67-8
67	68648-47-5
67	84082-77-9
90	1002-69-3
90	102736-13-0
90	11104-09-9
90	112-52-7
90	12633-77-1
90	188265-19-2
90	2162-98-3
90	2350-11-0
90	2473-03-2
90	34214-82-9
90	38605-30-0
90	3922-24-5
90	3922-26-7
90	3922-36-9
90	43090-85-3
90	4325-51-3
90	51059-93-9
90	53572-39-7
90	54059-75-5
90	61539-83-1
90	61788-76-9
90	62016-82-4
90	65950-04-1
90	67282-23-9
90	69430-53-1
90	75458-21-8
90	822-13-9
90	85049-26-9
90	85535-85-9
90	85535-86-0
90	900167-11-5
90	RR-126133-2
94	100295-82-7
94	100295-82-7
94	100295-83-8
94	100295-83-8
94	100431-82-1
94	100431-82-1
94	100431-82-1
94	100431-87-6
94	100431-87-6
94	100431-87-6
94	100483-74-7
94	100483-74-7
94	100508-45-0
94	100757-71-9
94	100757-71-9
94	100833-63-4
94	100833-63-4
94	101181-74-2
94	10143-20-1
94	10143-23-4
94	10143-23-4
94	10202-77-4
94	10202-77-4
94	10203-28-8
94	10203-28-8
94	10203-30-2
94	10203-30-2
94	10203-32-4
94	10203-32-4
94	10203-33-5
94	10203-33-5
94	102680-34-2
94	10289-68-6
94	102968-75-2
94	102968-75-2
94	102968-76-3
94	102968-76-3
94	103-08-2
94	103-08-2
94	103-20-8
94	103088-91-1
94	103088-92-2
94	103184-98-1
94	103184-98-1
94	103184-98-1
94	103184-99-2
94	103184-99-2
94	103184-99-2
94	103227-60-7
94	103360-63-0
94	104-76-7
94	104-76-7
94	104-76-7
94	105-30-6
94	105-30-6
94	10522-26-6
94	10522-26-6
94	10524-70-6
94	10524-70-6
94	10524-70-6
94	10524-71-7
94	10524-71-7
94	10524-71-7
94	105485-69-6
94	105485-69-6
94	10575-56-1
94	10575-56-1
94	10575-56-1
94	106-67-2
94	106-67-2
94	106-67-2
94	106593-58-2
94	106593-58-2
94	1070-32-2
94	1070-32-2
94	1070-32-2
94	107494-37-1
94	107494-37-1
94	108-11-2
94	108-11-2
94	108-82-7
94	108-82-7
94	108-82-7
94	108393-72-2
94	108393-72-2
94	108439-06-1
94	108439-06-1
94	108448-40-4
94	108448-40-4
94	108530-04-7
94	108530-04-7
94	110225-00-8
94	111-27-3
94	111-27-3
94	111-70-6
94	111-70-6
94	111675-51-5
94	111675-51-5
94	111675-51-5
94	111675-55-9
94	111675-55-9
94	111675-55-9
94	111675-56-0
94	111675-56-0
94	111675-56-0
94	111675-61-7
94	111675-61-7
94	111675-61-7
94	111675-63-9
94	111675-63-9
94	111675-63-9
94	111675-69-5
94	111675-69-5
94	111675-69-5
94	111675-75-3
94	111675-75-3
94	111675-75-3
94	111675-76-4
94	111675-76-4
94	111675-76-4
94	111675-78-6
94	111675-78-6
94	111675-79-7
94	111675-79-7
94	111767-96-5
94	111767-96-5
94	111767-98-7
94	111767-98-7
94	111767-99-8
94	111767-99-8
94	111768-00-4
94	111768-00-4
94	111768-01-5
94	111768-01-5
94	111768-02-6
94	111768-02-6
94	111768-03-7
94	111768-03-7
94	111768-04-8
94	111768-04-8
94	111768-05-9
94	111768-05-9
94	111768-06-0
94	111768-06-0
94	111768-08-2
94	111768-08-2
94	111768-09-3
94	111768-09-3
94	111774-57-3
94	111774-57-3
94	111774-57-3
94	112-42-5
94	112-42-5
94	112-70-9
94	112-72-1
94	112-92-5
94	113298-92-3
94	113298-92-3
94	115182-86-0
94	115182-86-0
94	115182-86-0
94	115667-95-3
94	115667-95-3
94	118447-53-3
94	118447-53-3
94	118492-13-0
94	118492-13-0
94	118492-13-0
94	1185-33-7
94	1185-33-7
94	120837-26-5
94	120837-26-5
94	120837-26-5
94	123-17-1
94	123-17-1
94	123-24-0
94	123-44-4
94	123-44-4
94	123-44-4
94	123-96-6
94	123-96-6
94	123-96-6
94	124702-95-0
94	124702-95-0
94	128441-03-2
94	128441-03-2
94	128441-03-2
94	13023-60-4
94	13023-60-4
94	13023-60-4
94	130322-50-8
94	130322-50-8
94	130322-50-8
94	1320-98-5
94	1320-98-5
94	13231-81-7
94	13231-81-7
94	13254-34-7
94	13254-34-7
94	13254-34-7
94	1331-39-1
94	1331-39-1
94	1331-39-1
94	1331-40-4
94	1331-40-4
94	1331-40-4
94	13332-16-6
94	13332-16-6
94	13332-29-1
94	13332-29-1
94	1336-11-4
94	1336-11-4
94	1336-11-4
94	13432-25-2
94	13432-25-2
94	13432-25-2
94	13471-42-6
94	13471-42-6
94	134766-55-5
94	134766-55-5
94	13501-73-0
94	13501-73-0
94	13501-73-0
94	137008-30-1
94	137008-30-1
94	137008-38-9
94	137008-38-9
94	13848-60-7
94	13848-60-7
94	14202-62-1
94	14202-62-1
94	14202-62-1
94	14250-79-4
94	14250-79-4
94	14250-79-4
94	14250-80-7
94	14250-80-7
94	143819-62-9
94	143819-62-9
94	14499-84-4
94	14499-84-4
94	1454-85-9
94	14609-79-1
94	14609-79-1
94	14609-79-1
94	1484-87-3
94	1484-87-3
94	1484-87-3
94	14852-31-4
94	14898-80-7
94	14898-80-7
94	14979-39-6
94	14979-39-6
94	14979-39-6
94	1502-68-7
94	1502-68-7
94	1502-92-7
94	1502-92-7
94	1502-93-8
94	1502-93-8
94	1502-94-9
94	1502-94-9
94	15071-36-0
94	15071-36-0
94	1517-67-5
94	1517-67-5
94	1561-17-7
94	1561-17-7
94	1572-96-9
94	1572-96-9
94	1573-28-0
94	1573-28-0
94	1573-28-0
94	160611-14-3
94	16325-63-6
94	16325-63-6
94	16325-63-6
94	16404-54-9
94	16404-54-9
94	1653-30-1
94	1653-30-1
94	1653-31-2
94	1653-33-4
94	1653-34-5
94	1653-35-6
94	1653-37-8
94	1653-40-3
94	1653-40-3
94	1653-40-3
94	1656-06-0
94	1656-06-0
94	16651-60-8
94	16651-60-8
94	16813-18-6
94	17015-11-1
94	17015-11-1
94	17092-41-0
94	17092-41-0
94	17092-42-1
94	17092-42-1
94	17092-54-5
94	17092-54-5
94	1767-46-0
94	1767-46-0
94	17670-90-5
94	17687-70-6
94	17687-71-7
94	18352-67-5
94	18352-67-5
94	18352-71-1
94	18352-71-1
94	18371-13-6
94	18371-13-6
94	1838-73-9
94	1838-73-9
94	1838-73-9
94	18450-73-2
94	18450-73-2
94	18450-73-2
94	18450-74-3
94	18450-74-3
94	18450-74-3
94	18593-91-4
94	18593-91-4
94	18593-91-4
94	18593-92-5
94	18593-92-5
94	18593-92-5
94	18675-24-6
94	18675-24-6
94	18720-62-2
94	18720-62-2
94	18720-62-2
94	18720-65-5
94	18720-65-5
94	18720-65-5
94	18720-66-6
94	18720-66-6
94	18720-66-6
94	19113-77-0
94	19113-77-0
94	19113-77-0
94	19138-83-1
94	19138-83-1
94	19264-94-9
94	19264-94-9
94	19411-41-7
94	19411-41-7
94	19411-41-7
94	19549-70-3
94	19549-70-3
94	19549-70-3
94	19549-71-4
94	19549-71-4
94	19549-71-4
94	19549-72-5
94	19549-72-5
94	19549-72-5
94	19549-73-6
94	19549-73-6
94	19549-73-6
94	19549-77-0
94	19549-77-0
94	19549-77-0
94	19549-79-2
94	19549-79-2
94	19549-79-2
94	19550-02-8
94	19550-02-8
94	19550-02-8
94	19550-03-9
94	19550-03-9
94	19550-03-9
94	19550-07-3
94	19550-07-3
94	19550-07-3
94	19550-08-4
94	19550-08-4
94	19550-08-4
94	19550-30-2
94	19550-30-2
94	19780-31-5
94	19780-31-5
94	19780-40-6
94	19780-40-6
94	19780-40-6
94	19780-41-7
94	19780-41-7
94	19780-41-7
94	19780-42-8
94	19780-42-8
94	19780-42-8
94	19780-44-0
94	19780-44-0
94	19780-44-0
94	19781-12-5
94	19781-12-5
94	19781-24-9
94	19781-24-9
94	19781-43-2
94	19781-83-0
94	19965-71-0
94	19965-71-0
94	20180-66-9
94	20180-66-9
94	20194-45-0
94	20194-45-0
94	20194-48-3
94	20281-83-8
94	20281-83-8
94	20281-85-0
94	20281-85-0
94	20281-86-1
94	20281-86-1
94	20281-88-3
94	20281-88-3
94	20281-90-7
94	20281-90-7
94	20281-91-8
94	20281-91-8
94	20680-53-9
94	20680-53-9
94	20680-54-0
94	20818-95-5
94	21078-65-9
94	21078-65-9
94	21078-68-2
94	21078-68-2
94	21078-80-8
94	21078-80-8
94	21078-83-1
94	21078-85-3
94	21078-87-5
94	21078-88-6
94	21102-09-0
94	21102-09-0
94	21102-09-0
94	21102-10-3
94	21102-10-3
94	21102-10-3
94	21102-12-5
94	21102-12-5
94	21102-12-5
94	21102-13-6
94	21102-13-6
94	21102-13-6
94	21242-50-2
94	21242-50-2
94	21242-50-2
94	21570-35-4
94	21570-35-4
94	21570-35-4
94	21964-39-6
94	21974-97-0
94	21987-23-5
94	22025-20-3
94	22025-20-3
94	22025-20-3
94	22417-49-8
94	22417-49-8
94	22418-70-8
94	22418-70-8
94	22469-65-4
94	22658-92-0
94	22658-92-0
94	22658-92-0
94	22663-61-2
94	2313-61-3
94	2313-61-3
94	2313-65-7
94	2313-65-7
94	23171-85-9
94	23171-85-9
94	23171-85-9
94	23418-37-3
94	23418-37-3
94	23418-37-3
94	2370-12-9
94	2370-12-9
94	2370-13-0
94	2370-13-0
94	2370-13-0
94	2370-15-2
94	2370-15-2
94	23708-56-7
94	23708-56-7
94	2425-77-6
94	2430-22-0
94	2430-22-0
94	2430-22-0
94	24448-19-9
94	24448-19-9
94	24448-19-9
94	2490-09-7
94	2490-10-0
94	2490-11-1
94	2490-40-6
94	2490-41-7
94	2490-42-8
94	2490-43-9
94	2490-44-0
94	2490-45-1
94	2490-47-3
94	2490-48-4
94	25237-85-8
94	25237-85-8
94	25339-16-6
94	25339-16-6
94	25339-16-6
94	25354-98-7
94	25354-99-8
94	25355-00-4
94	25355-02-6
94	25355-03-7
94	2541-75-5
94	25428-98-2
94	25428-98-2
94	25452-34-0
94	25452-35-1
94	25452-36-2
94	25564-53-8
94	25564-53-8
94	25564-57-2
94	25564-57-2
94	25564-59-4
94	25564-59-4
94	25564-62-9
94	25564-62-9
94	25570-11-0
94	25570-11-0
94	25917-35-5
94	25917-35-5
94	25966-64-7
94	25966-64-7
94	25966-65-8
94	26073-23-4
94	26209-94-9
94	26209-94-9
94	26215-92-9
94	26248-42-0
94	26330-76-7
94	26330-76-7
94	26401-20-7
94	26401-20-7
94	26432-14-4
94	26432-15-5
94	26533-34-6
94	26533-34-6
94	26533-34-6
94	26533-35-7
94	26533-35-7
94	26533-35-7
94	26549-24-6
94	26549-24-6
94	26549-25-7
94	26549-25-7
94	26549-26-8
94	26549-26-8
94	26549-26-8
94	26762-44-7
94	26952-21-6
94	26952-21-6
94	26952-21-6
94	27243-09-0
94	27243-09-0
94	27243-10-3
94	27243-10-3
94	27458-92-0
94	27458-93-1
94	27458-94-2
94	27458-94-2
94	27458-94-2
94	27522-11-8
94	27522-11-8
94	27644-49-1
94	27644-49-1
94	27644-49-1
94	27649-34-9
94	27649-34-9
94	27649-36-1
94	27649-36-1
94	2768-12-9
94	2768-12-9
94	2768-12-9
94	2768-18-5
94	2768-18-5
94	2768-18-5
94	28339-05-1
94	28339-05-1
94	28929-85-3
94	28929-85-3
94	28929-86-4
94	28929-86-4
94	29354-98-1
94	29678-31-7
94	29678-33-9
94	29772-39-2
94	29772-39-2
94	29772-39-2
94	29835-44-7
94	29835-44-7
94	3054-92-0
94	3054-92-0
94	3054-92-0
94	3121-79-7
94	3121-79-7
94	31271-00-8
94	31271-00-8
94	31334-78-8
94	31334-80-2
94	31367-46-1
94	31367-46-1
94	31367-46-1
94	31389-11-4
94	31841-58-4
94	31841-58-4
94	31841-74-4
94	31841-77-7
94	31841-77-7
94	31841-77-7
94	321901-80-8
94	321901-80-8
94	32444-34-1
94	32444-34-1
94	32579-68-3
94	32579-68-3
94	32579-69-4
94	32579-69-4
94	32579-70-7
94	32836-42-3
94	32836-42-3
94	33933-77-6
94	33933-77-6
94	33933-77-6
94	33933-80-1
94	33933-80-1
94	33943-21-4
94	33943-21-4
94	33943-21-4
94	3396-02-9
94	3396-02-9
94	33969-59-4
94	33969-59-4
94	33978-71-1
94	33978-71-1
94	34197-82-5
94	34197-82-5
94	3452-97-9
94	3452-97-9
94	3452-97-9
94	34760-18-4
94	35119-84-7
94	35119-84-7
94	35177-29-8
94	3525-25-5
94	3525-25-5
94	3525-25-5
94	36311-34-9
94	36400-98-3
94	36653-82-4
94	36794-64-6
94	36794-64-6
94	3730-60-7
94	3730-60-7
94	3730-60-7
94	37490-40-7
94	37493-70-2
94	37493-70-2
94	37769-60-1
94	37769-60-1
94	37849-30-2
94	37849-30-2
94	38206-58-5
94	38206-58-5
94	38395-41-4
94	38443-88-8
94	38514-02-2
94	38514-02-2
94	38514-02-2
94	38514-03-3
94	38514-03-3
94	38514-03-3
94	38514-04-4
94	38514-04-4
94	38514-04-4
94	38514-05-5
94	38514-05-5
94	38514-05-5
94	38514-11-3
94	38514-11-3
94	38514-12-4
94	38514-12-4
94	38514-13-5
94	38514-13-5
94	38514-13-5
94	38514-14-6
94	38514-14-6
94	38514-14-6
94	38636-36-1
94	38636-36-1
94	38713-13-2
94	39003-07-1
94	39003-07-1
94	39106-92-8
94	39106-92-8
94	3913-02-8
94	3913-02-8
94	3965-59-1
94	3965-59-1
94	3965-59-1
94	3970-59-0
94	3970-59-0
94	3970-59-0
94	3970-62-5
94	3970-62-5
94	40225-75-0
94	40225-75-0
94	40225-75-0
94	40435-42-5
94	40435-42-5
94	40435-42-5
94	40589-16-0
94	40589-16-0
94	40853-58-5
94	40853-58-5
94	41065-95-6
94	41065-95-6
94	41065-95-6
94	41096-61-1
94	41096-61-1
94	4128-31-8
94	4128-31-8
94	4128-31-8
94	4131-80-0
94	4131-80-0
94	4166-46-5
94	4166-46-5
94	4166-46-5
94	41744-75-6
94	41746-85-4
94	41746-85-4
94	41902-42-5
94	42072-39-9
94	42072-39-9
94	42072-62-8
94	42072-62-8
94	4209-90-9
94	4209-90-9
94	4209-90-9
94	4209-91-0
94	4209-91-0
94	4209-91-0
94	42184-01-0
94	42328-76-7
94	42328-76-7
94	42328-76-7
94	4272-06-4
94	4272-06-4
94	42763-52-0
94	42842-12-6
94	42842-12-6
94	42842-13-7
94	42842-13-7
94	42928-45-0
94	42928-47-2
94	42930-67-6
94	45235-48-1
94	464-07-3
94	464-07-3
94	4706-81-4
94	4730-22-7
94	4730-22-7
94	4730-22-7
94	4911-70-0
94	4911-70-0
94	4989-79-1
94	4989-79-1
94	51079-52-8
94	51079-52-8
94	51079-52-8
94	5108-33-8
94	51166-20-2
94	51174-83-5
94	51174-83-5
94	51174-83-5
94	51200-80-7
94	51200-80-7
94	51200-80-7
94	51200-84-1
94	51200-84-1
94	51246-24-3
94	51246-24-3
94	51246-25-4
94	51246-25-4
94	51246-26-5
94	51260-59-4
94	51552-64-8
94	51552-64-8
94	5162-48-1
94	5162-48-1
94	5162-48-1
94	51655-55-1
94	51655-55-1
94	51655-56-2
94	51655-56-2
94	51655-57-3
94	51655-60-8
94	51655-63-1
94	51750-47-1
94	51750-47-1
94	51774-11-9
94	51774-11-9
94	51864-91-6
94	51864-91-6
94	51864-91-6
94	51864-92-7
94	51864-92-7
94	51864-93-8
94	51864-93-8
94	52019-78-0
94	52019-78-0
94	52356-02-2
94	52356-02-2
94	52356-02-2
94	52783-44-5
94	52788-59-7
94	53151-79-4
94	53151-79-4
94	53151-79-4
94	5331-63-5
94	5333-44-8
94	5333-48-2
94	53353-04-1
94	53353-04-1
94	53398-71-3
94	53398-71-3
94	5340-31-8
94	5340-31-8
94	5340-35-2
94	5340-35-2
94	5340-36-3
94	5340-36-3
94	5340-36-3
94	5340-41-0
94	5340-41-0
94	5340-41-0
94	5340-51-2
94	5340-51-2
94	5340-52-3
94	5340-52-3
94	5340-80-7
94	54004-41-0
94	54004-41-0
94	54004-41-0
94	54206-54-1
94	54206-54-1
94	543-49-7
94	543-49-7
94	54322-29-1
94	54322-29-1
94	54381-03-2
94	54381-04-3
94	54381-04-3
94	54460-99-0
94	54460-99-0
94	54461-00-6
94	54461-00-6
94	5457-42-1
94	5457-42-1
94	54630-50-1
94	54630-50-1
94	54630-50-1
94	54712-26-4
94	54712-26-4
94	54774-83-3
94	54774-83-3
94	54775-01-8
94	54775-01-8
94	54972-97-3
94	54972-97-3
94	55110-82-2
94	55310-58-2
94	55310-58-2
94	55310-58-2
94	55310-59-3
94	55310-59-3
94	55310-59-3
94	55310-60-6
94	55310-60-6
94	55310-60-6
94	55310-61-7
94	55310-61-7
94	55310-61-7
94	55505-23-2
94	55505-23-2
94	55505-24-3
94	55505-24-3
94	55505-24-3
94	55505-28-7
94	55505-28-7
94	55505-29-8
94	55505-29-8
94	55505-33-4
94	55505-34-5
94	55505-34-5
94	55505-34-5
94	55514-25-5
94	55514-25-5
94	55719-99-8
94	55719-99-8
94	55719-99-8
94	55720-01-9
94	55720-01-9
94	55720-04-2
94	55720-04-2
94	55720-04-2
94	55816-17-6
94	55816-17-6
94	5582-82-1
94	5582-82-1
94	5582-82-1
94	56065-39-5
94	56065-39-5
94	56298-90-9
94	56298-90-9
94	56298-90-9
94	56314-72-8
94	56314-72-8
94	56314-73-9
94	56314-73-9
94	56314-74-0
94	56314-74-0
94	56314-75-1
94	56314-75-1
94	56314-76-2
94	56314-77-3
94	565-60-6
94	565-60-6
94	565-67-3
94	565-67-3
94	56846-92-5
94	56846-93-6
94	56973-28-5
94	56973-28-5
94	57233-26-8
94	57233-26-8
94	57233-29-1
94	57233-29-1
94	57233-32-6
94	57233-32-6
94	57289-07-3
94	57409-53-7
94	57409-53-7
94	57409-53-7
94	57630-25-8
94	57630-25-8
94	57630-25-8
94	5770-03-6
94	58175-57-8
94	58175-57-8
94	58175-57-8
94	58242-80-1
94	58242-80-1
94	58524-92-8
94	58783-82-7
94	58795-24-7
94	58795-24-7
94	58795-24-7
94	589-35-5
94	589-35-5
94	589-55-9
94	589-55-9
94	589-62-8
94	589-62-8
94	589-62-8
94	589-82-2
94	589-82-2
94	589-98-0
94	589-98-0
94	589-98-0
94	590-36-3
94	590-36-3
94	59056-73-4
94	591-70-8
94	591-72-0
94	591-73-1
94	59117-31-6
94	59117-31-6
94	59156-74-0
94	59156-75-1
94	59156-76-2
94	59222-84-3
94	593-03-3
94	593-32-8
94	5932-79-6
94	5932-79-6
94	5932-79-6
94	594-60-5
94	594-60-5
94	594-83-2
94	594-83-2
94	595-41-5
94	595-41-5
94	597-05-7
94	597-05-7
94	597-05-7
94	597-49-9
94	597-49-9
94	597-76-2
94	597-76-2
94	597-76-2
94	597-90-0
94	597-90-0
94	597-90-0
94	597-93-3
94	597-96-6
94	597-96-6
94	5970-63-8
94	5970-63-8
94	5970-63-8
94	59734-23-5
94	59734-23-5
94	59734-23-5
94	5978-70-1
94	5978-70-1
94	5978-70-1
94	598-01-6
94	598-01-6
94	598-01-6
94	600-36-2
94	600-36-2
94	60129-23-9
94	60129-24-0
94	6033-23-4
94	6033-23-4
94	6033-24-5
94	6033-24-5
94	60435-70-3
94	60435-70-3
94	60435-70-3
94	60564-75-2
94	60564-75-2
94	60564-76-3
94	60564-76-3
94	60564-76-3
94	60564-77-4
94	60564-77-4
94	60564-78-5
94	60564-78-5
94	60564-78-5
94	60564-79-6
94	60564-79-6
94	60671-33-2
94	60671-33-2
94	60671-34-3
94	60671-34-3
94	60671-35-4
94	60671-36-5
94	60671-36-5
94	60671-37-6
94	60671-37-6
94	609-27-8
94	609-27-8
94	61169-84-4
94	61169-84-4
94	61169-84-4
94	61184-91-6
94	61184-91-6
94	61184-92-7
94	61184-92-7
94	6144-93-0
94	6144-93-0
94	615-29-2
94	615-29-2
94	6169-06-8
94	6169-06-8
94	6169-06-8
94	617-29-8
94	617-29-8
94	61838-24-2
94	61838-24-2
94	61949-26-6
94	61949-26-6
94	61973-86-2
94	6210-51-1
94	6210-51-1
94	62101-31-9
94	62101-32-0
94	62101-33-1
94	623-37-0
94	623-37-0
94	623-55-2
94	623-55-2
94	623-93-8
94	623-93-8
94	623-93-8
94	624-08-8
94	624-22-6
94	624-22-6
94	624-51-1
94	624-51-1
94	624-51-1
94	624-95-3
94	624-95-3
94	625-06-9
94	625-06-9
94	625-23-0
94	625-23-0
94	625-25-2
94	625-25-2
94	625-25-2
94	626-89-1
94	626-89-1
94	626-93-7
94	626-93-7
94	627-59-8
94	627-59-8
94	627-98-5
94	627-98-5
94	62701-49-9
94	62701-49-9
94	628-44-4
94	628-44-4
94	628-44-4
94	628-99-9
94	628-99-9
94	628-99-9
94	629-76-5
94	62958-39-8
94	62958-39-8
94	62958-40-1
94	62958-41-2
94	6305-71-1
94	6305-71-1
94	63067-46-9
94	63067-47-0
94	63126-08-9
94	63126-08-9
94	63126-08-9
94	6345-85-3
94	6345-85-3
94	63707-89-1
94	63707-89-1
94	63707-89-1
94	63707-90-4
94	63707-90-4
94	63707-90-4
94	63730-39-2
94	63730-39-2
94	63730-39-2
94	63782-91-2
94	63782-91-2
94	63782-91-2
94	63814-74-4
94	63814-74-4
94	64029-94-3
94	64029-94-3
94	64502-86-9
94	64502-86-9
94	6481-95-4
94	6481-95-4
94	6481-95-4
94	65502-58-1
94	65502-58-1
94	65502-58-1
94	65502-61-6
94	65502-61-6
94	65502-61-6
94	6570-87-2
94	6570-87-2
94	65769-10-0
94	65769-10-0
94	65769-10-0
94	65822-93-7
94	65822-93-7
94	65822-93-7
94	65927-60-8
94	65927-60-8
94	65927-60-8
94	66050-98-4
94	66050-98-4
94	66050-99-5
94	66050-99-5
94	66225-51-2
94	66225-51-2
94	66283-22-5
94	66283-22-5
94	66283-22-5
94	6632-94-6
94	6632-94-6
94	66534-89-2
94	66534-89-2
94	66576-24-7
94	66576-24-7
94	66576-24-7
94	66576-25-8
94	66576-25-8
94	66576-25-8
94	66576-34-9
94	66576-34-9
94	66576-34-9
94	66576-35-0
94	66576-35-0
94	66576-35-0
94	66576-55-4
94	66576-55-4
94	66576-55-4
94	66576-56-5
94	66576-56-5
94	66576-56-5
94	66576-57-6
94	66576-57-6
94	66576-57-6
94	66605-94-5
94	66793-71-3
94	66793-71-3
94	66793-71-3
94	66793-73-5
94	66793-73-5
94	66793-73-5
94	66793-84-8
94	66793-84-8
94	66793-84-8
94	66794-05-6
94	66794-05-6
94	66794-05-6
94	66810-87-5
94	66810-87-5
94	66810-87-5
94	67245-18-5
94	67253-82-1
94	67253-83-2
94	67253-84-3
94	67315-12-2
94	67468-87-5
94	67468-87-5
94	67468-87-5
94	67647-32-9
94	67826-97-5
94	67826-97-5
94	68066-05-7
94	68083-56-7
94	68083-56-7
94	6836-38-0
94	6836-38-0
94	6836-40-4
94	68509-47-7
94	68509-47-7
94	68509-47-7
94	68509-48-8
94	68509-48-8
94	68509-48-8
94	68551-07-5
94	68573-13-7
94	68573-13-7
94	68573-14-8
94	68573-14-8
94	68603-15-6
94	6886-16-4
94	6886-16-4
94	6886-16-4
94	690-37-9
94	690-37-9
94	690-37-9
94	69085-58-1
94	69106-31-6
94	6929-08-4
94	6929-08-4
94	69341-45-3
94	69341-47-5
94	69341-48-6
94	69729-17-5
94	69798-78-3
94	69798-78-3
94	69798-79-4
94	69798-79-4
94	69897-43-4
94	69897-43-4
94	70076-05-0
94	70076-05-0
94	70076-05-0
94	70178-78-8
94	70178-78-8
94	70178-79-9
94	70214-69-6
94	70214-69-6
94	70214-77-6
94	70214-77-6
94	70224-28-1
94	70224-28-1
94	70358-78-0
94	70358-78-0
94	70358-81-5
94	70358-81-5
94	70358-83-7
94	70358-83-7
94	70358-86-0
94	70358-86-0
94	70358-89-3
94	70358-89-3
94	70492-65-8
94	70492-65-8
94	70492-66-9
94	70492-66-9
94	70492-66-9
94	71076-86-3
94	71526-27-7
94	71526-27-7
94	71612-12-9
94	71612-12-9
94	71621-77-7
94	71621-77-7
94	7212-53-5
94	7212-53-5
94	7212-53-5
94	72420-72-5
94	7278-65-1
94	7294-05-5
94	7294-05-5
94	7294-05-5
94	73010-88-5
94	73010-88-5
94	73105-71-2
94	73105-71-2
94	73105-79-0
94	73176-98-4
94	73176-98-4
94	73176-99-5
94	73176-99-5
94	73177-00-1
94	73177-00-1
94	73177-00-1
94	73177-01-2
94	73177-01-2
94	73177-01-2
94	7399-24-8
94	7399-24-8
94	74356-31-3
94	74356-31-3
94	74497-29-3
94	74497-29-3
94	75935-83-0
94	75935-83-0
94	76144-88-2
94	76144-88-2
94	77-74-7
94	77-74-7
94	77606-45-2
94	77861-53-1
94	79090-61-2
94	79090-61-2
94	79092-28-7
94	79092-28-7
94	79147-59-4
94	79147-60-7
94	79237-71-1
94	79237-71-1
94	79565-94-9
94	79565-95-0
94	79565-96-1
94	79827-42-2
94	79956-98-2
94	79956-98-2
94	80192-55-8
94	80192-55-8
94	80350-64-7
94	80513-04-8
94	80513-04-8
94	80513-04-8
94	81120-76-5
94	81120-76-5
94	81120-76-5
94	81540-78-5
94	81540-79-6
94	817-46-9
94	817-46-9
94	817-46-9
94	817-60-7
94	817-60-7
94	817-60-7
94	817-91-4
94	817-91-4
94	817-91-4
94	818-49-5
94	818-49-5
94	818-81-5
94	818-81-5
94	818-81-5
94	820-05-3
94	820-05-3
94	820-05-3
94	82147-24-8
94	82147-24-8
94	82409-90-3
94	82409-93-6
94	82409-97-0
94	82409-98-1
94	82409-99-2
94	82410-00-2
94	82749-46-0
94	82749-46-0
94	82749-47-1
94	82749-47-1
94	82749-48-2
94	82749-48-2
94	82749-48-2
94	82749-49-3
94	82749-49-3
94	82749-49-3
94	82749-56-2
94	82749-56-2
94	82749-57-3
94	82749-57-3
94	83377-04-2
94	83474-29-7
94	83474-29-7
94	83615-50-3
94	83615-50-3
94	83995-48-6
94	84110-44-1
94	84110-44-1
94	84161-82-0
94	84534-30-5
94	84567-94-2
94	84567-94-2
94	84621-65-8
94	84621-66-9
94	84709-54-6
94	84709-54-6
94	84709-54-6
94	84709-55-7
94	84709-55-7
94	84709-55-7
94	85508-26-5
94	85508-26-5
94	85617-05-6
94	85617-05-6
94	85712-03-4
94	85712-03-4
94	85712-03-4
94	85712-04-5
94	85712-04-5
94	85712-04-5
94	85712-05-6
94	85712-05-6
94	85712-05-6
94	85712-06-7
94	85712-06-7
94	85712-06-7
94	85763-57-1
94	86423-92-9
94	86423-92-9
94	86470-30-6
94	86470-30-6
94	86571-36-0
94	86571-36-0
94	86571-36-0
94	86571-37-1
94	86571-37-1
94	86571-37-1
94	86606-51-1
94	86606-51-1
94	86693-68-7
94	86693-68-7
94	86883-86-5
94	87118-42-1
94	87118-42-1
94	87118-95-4
94	87118-95-4
94	87187-88-0
94	87187-89-1
94	87187-91-5
94	87189-78-4
94	87189-78-4
94	87247-05-0
94	87247-09-4
94	87247-10-7
94	87247-11-8
94	87247-18-5
94	87247-18-5
94	87247-18-5
94	87247-19-6
94	87247-19-6
94	87247-19-6
94	87247-28-7
94	87247-29-8
94	87247-30-1
94	87247-31-2
94	87247-32-3
94	87247-33-4
94	87247-34-5
94	87247-35-6
94	87383-16-2
94	87383-16-2
94	87383-17-3
94	87383-17-3
94	87383-18-4
94	87383-18-4
94	87383-23-1
94	88331-26-4
94	88331-26-4
94	88776-42-5
94	88776-42-5
94	89051-70-7
94	89051-74-1
94	89051-78-5
94	90105-24-1
94	90365-63-2
94	90365-63-2
94	90365-63-2
94	90663-74-4
94	90670-72-7
94	90670-72-7
94	90835-17-9
94	90835-18-0
94	90835-19-1
94	90835-23-7
94	90835-25-9
94	90835-25-9
94	90835-37-3
94	90835-38-4
94	90835-39-5
94	91681-57-1
94	91681-57-1
94	92180-57-9
94	92180-58-0
94	92340-81-3
94	92340-81-3
94	92353-15-6
94	92353-16-7
94	92353-17-8
94	927-45-7
94	92737-90-1
94	92737-90-1
94	92737-90-1
94	92737-91-2
94	92737-91-2
94	92737-91-2
94	93031-21-1
94	93031-21-1
94	93031-21-1
94	93031-23-3
94	93031-23-3
94	93031-24-4
94	93031-24-4
94	93031-25-5
94	93031-25-5
94	93031-25-5
94	93031-27-7
94	93031-27-7
94	93175-65-6
94	93704-22-4
94	93704-23-5
94	93862-10-3
94	93862-10-3
94	93862-10-3
94	94021-93-9
94	94021-94-0
94	95461-60-2
94	95461-60-2
94	95461-60-2
94	97-95-0
94	97-95-0
94	97097-70-6
94	97235-27-3
94	97235-27-3
94	97752-24-4
94	97752-25-5
94	97845-27-7
94	97915-30-5
94	97994-56-4
94	97994-56-4
94	98757-89-2
94	98757-89-2
94	98757-89-2
94	98811-97-3
94	98982-97-9
94	98982-97-9
94	98982-97-9
94	99164-04-2
94	99164-04-2
94	99210-87-4
94	99210-87-4
94	99210-88-5
94	99210-89-6
94	99427-18-6
94	99427-18-6
94	99427-18-6
94	99521-77-4
94	99602-93-4
94	99602-93-4
94	99745-76-3
94	99745-76-3
94	99943-33-6
