3-1-1	1331-47-1
3-1-1	612-83-9
3-1-1	64969-34-2
3-1-1	74332-73-3
3-1-1	84-68-4
3-1-1	91-94-1
3-1-1	RR-02089-3
3-1-2	12262-09-8
3-1-2	134-32-7
3-1-2	552-46-5
3-1-2	RR-04522-7
3-1-2	UN2077
3-1-3	108145-39-7
3-1-3	109328-45-2
3-1-3	109328-46-3
3-1-3	11064-17-8
3-1-3	11096-82-5
3-1-3	11097-69-1
3-1-3	11100-14-4
3-1-3	11104-28-2
3-1-3	11104-29-3
3-1-3	111276-74-5
3-1-3	111276-75-6
3-1-3	111276-76-7
3-1-3	111276-77-8
3-1-3	111276-78-9
3-1-3	111276-79-0
3-1-3	111276-80-3
3-1-3	111276-81-4
3-1-3	111276-82-5
3-1-3	111276-83-6
3-1-3	11141-16-5
3-1-3	12672-29-6
3-1-3	12674-11-2
3-1-3	12737-87-0
3-1-3	13029-08-8
3-1-3	1336-36-3
3-1-3	151262-31-6
3-1-3	151262-32-7
3-1-3	151262-34-9
3-1-3	151262-35-0
3-1-3	153153-43-6
3-1-3	153153-44-7
3-1-3	153153-45-8
3-1-3	153153-46-9
3-1-3	153153-47-0
3-1-3	153153-48-1
3-1-3	153153-49-2
3-1-3	153153-50-5
3-1-3	15862-07-4
3-1-3	159000-96-1
3-1-3	159000-97-2
3-1-3	15968-05-5
3-1-3	16605-91-7
3-1-3	16606-02-3
3-1-3	176914-46-8
3-1-3	176914-47-9
3-1-3	176914-48-0
3-1-3	176914-49-1
3-1-3	177020-15-4
3-1-3	177020-16-5
3-1-3	179678-26-3
3-1-3	179678-27-4
3-1-3	179678-28-5
3-1-3	179678-29-6
3-1-3	179678-30-9
3-1-3	179678-31-0
3-1-3	179678-32-1
3-1-3	179678-33-2
3-1-3	18259-05-7
3-1-3	2050-67-1
3-1-3	2050-68-2
3-1-3	2051-24-3
3-1-3	2051-60-7
3-1-3	2051-61-8
3-1-3	2051-62-9
3-1-3	205991-67-9
3-1-3	205991-68-0
3-1-3	205991-69-1
3-1-3	205991-70-4
3-1-3	207004-27-1
3-1-3	207004-28-2
3-1-3	207004-29-3
3-1-3	207004-30-6
3-1-3	207004-31-7
3-1-3	207004-32-8
3-1-3	207004-33-9
3-1-3	207004-34-0
3-1-3	207004-35-1
3-1-3	207004-36-2
3-1-3	2136-99-4
3-1-3	228420-06-2
3-1-3	228420-07-3
3-1-3	2437-79-8
3-1-3	25323-68-6
3-1-3	25429-29-2
3-1-3	25512-42-9
3-1-3	25569-80-6
3-1-3	26601-64-9
3-1-3	26914-33-0
3-1-3	27323-18-8
3-1-3	27417-48-7
3-1-3	28655-71-2
3-1-3	2974-90-5
3-1-3	2974-92-7
3-1-3	30605-61-9
3-1-3	31472-83-0
3-1-3	31508-00-6
3-1-3	32598-10-0
3-1-3	32598-11-1
3-1-3	32598-12-2
3-1-3	32598-13-3
3-1-3	32598-14-4
3-1-3	32690-93-0
3-1-3	32774-16-6
3-1-3	33025-41-1
3-1-3	33039-81-5
3-1-3	33091-17-7
3-1-3	33146-45-1
3-1-3	33284-50-3
3-1-3	33284-52-5
3-1-3	33284-53-6
3-1-3	33284-54-7
3-1-3	33979-03-2
3-1-3	34883-39-1
3-1-3	34883-41-5
3-1-3	34883-43-7
3-1-3	35065-27-1
3-1-3	35065-28-2
3-1-3	35065-29-3
3-1-3	35065-30-6
3-1-3	35693-92-6
3-1-3	35693-99-3
3-1-3	35694-04-3
3-1-3	35694-06-5
3-1-3	35694-08-7
3-1-3	36559-22-5
3-1-3	37317-41-2
3-1-3	37324-23-5
3-1-3	37353-63-2
3-1-3	37680-65-2
3-1-3	37680-66-3
3-1-3	37680-68-5
3-1-3	37680-69-6
3-1-3	37680-73-2
3-1-3	38379-99-6
3-1-3	38380-01-7
3-1-3	38380-02-8
3-1-3	38380-03-9
3-1-3	38380-04-0
3-1-3	38380-05-1
3-1-3	38380-07-3
3-1-3	38380-08-4
3-1-3	38411-22-2
3-1-3	38411-25-5
3-1-3	38444-73-4
3-1-3	38444-76-7
3-1-3	38444-77-8
3-1-3	38444-78-9
3-1-3	38444-81-4
3-1-3	38444-84-7
3-1-3	38444-85-8
3-1-3	38444-86-9
3-1-3	38444-87-0
3-1-3	38444-88-1
3-1-3	38444-90-5
3-1-3	38444-93-8
3-1-3	39485-83-1
3-1-3	39635-31-9
3-1-3	39635-32-0
3-1-3	39635-33-1
3-1-3	39635-34-2
3-1-3	39635-35-3
3-1-3	40186-70-7
3-1-3	40186-71-8
3-1-3	40186-72-9
3-1-3	41411-61-4
3-1-3	41411-62-5
3-1-3	41411-63-6
3-1-3	41411-64-7
3-1-3	41464-39-5
3-1-3	41464-40-8
3-1-3	41464-41-9
3-1-3	41464-42-0
3-1-3	41464-43-1
3-1-3	41464-46-4
3-1-3	41464-47-5
3-1-3	41464-48-6
3-1-3	41464-49-7
3-1-3	41464-51-1
3-1-3	42740-50-1
3-1-3	51908-16-8
3-1-3	52663-58-8
3-1-3	52663-59-9
3-1-3	52663-60-2
3-1-3	52663-61-3
3-1-3	52663-62-4
3-1-3	52663-63-5
3-1-3	52663-64-6
3-1-3	52663-65-7
3-1-3	52663-66-8
3-1-3	52663-67-9
3-1-3	52663-68-0
3-1-3	52663-69-1
3-1-3	52663-70-4
3-1-3	52663-71-5
3-1-3	52663-72-6
3-1-3	52663-73-7
3-1-3	52663-74-8
3-1-3	52663-75-9
3-1-3	52663-76-0
3-1-3	52663-77-1
3-1-3	52663-78-2
3-1-3	52663-79-3
3-1-3	52704-70-8
3-1-3	52712-04-6
3-1-3	52712-05-7
3-1-3	52744-13-5
3-1-3	53469-21-9
3-1-3	53555-66-1
3-1-3	53742-07-7
3-1-3	54230-22-7
3-1-3	55215-17-3
3-1-3	55215-18-4
3-1-3	55312-69-1
3-1-3	55684-91-8
3-1-3	55702-45-9
3-1-3	55702-46-0
3-1-3	55712-37-3
3-1-3	55720-44-0
3-1-3	55722-26-4
3-1-3	56030-56-9
3-1-3	56558-16-8
3-1-3	56558-17-9
3-1-3	56558-18-0
3-1-3	57465-28-8
3-1-3	59291-64-4
3-1-3	59291-65-5
3-1-3	60145-20-2
3-1-3	60145-21-3
3-1-3	60145-22-4
3-1-3	60145-23-5
3-1-3	60233-24-1
3-1-3	60233-25-2
3-1-3	61798-70-7
3-1-3	62461-62-5
3-1-3	62796-65-0
3-1-3	64427-28-7
3-1-3	65510-44-3
3-1-3	65510-45-4
3-1-3	68194-04-7
3-1-3	68194-05-8
3-1-3	68194-06-9
3-1-3	68194-07-0
3-1-3	68194-08-1
3-1-3	68194-09-2
3-1-3	68194-10-5
3-1-3	68194-11-6
3-1-3	68194-12-7
3-1-3	68194-13-8
3-1-3	68194-14-9
3-1-3	68194-15-0
3-1-3	68194-16-1
3-1-3	68194-17-2
3-1-3	69782-90-7
3-1-3	69782-91-8
3-1-3	7012-37-5
3-1-3	70362-41-3
3-1-3	70362-45-7
3-1-3	70362-46-8
3-1-3	70362-47-9
3-1-3	70362-48-0
3-1-3	70362-49-1
3-1-3	70362-50-4
3-1-3	70424-67-8
3-1-3	70424-68-9
3-1-3	70424-69-0
3-1-3	70424-70-3
3-1-3	73575-52-7
3-1-3	73575-53-8
3-1-3	73575-54-9
3-1-3	73575-55-0
3-1-3	73575-56-1
3-1-3	73575-57-2
3-1-3	74338-23-1
3-1-3	74338-24-2
3-1-3	74472-33-6
3-1-3	74472-34-7
3-1-3	74472-35-8
3-1-3	74472-36-9
3-1-3	74472-37-0
3-1-3	74472-38-1
3-1-3	74472-39-2
3-1-3	74472-40-5
3-1-3	74472-41-6
3-1-3	74472-42-7
3-1-3	74472-43-8
3-1-3	74472-44-9
3-1-3	74472-45-0
3-1-3	74472-46-1
3-1-3	74472-47-2
3-1-3	74472-48-3
3-1-3	74472-49-4
3-1-3	74472-50-7
3-1-3	74472-51-8
3-1-3	74472-52-9
3-1-3	74472-53-0
3-1-3	74487-85-7
3-1-3	76842-07-4
3-1-3	80333-65-9
3-1-3	94487-00-0
3-1-3	97122-18-4
3-1-3	97122-20-8
3-1-3	99554-08-2
3-1-3	99554-09-3
3-1-3	99554-10-6
3-1-3	99554-11-7
3-1-3	99554-12-8
3-1-3	99554-13-9
3-1-3	UN2315
3-1-3	UN3432
3-1-4	119-93-7
3-1-4	41766-75-0
3-1-4	612-82-8
3-1-4	64969-36-4
3-1-4	74753-18-7
3-1-4	7563-59-9
3-1-4	RR-02091-7
3-1-5	119-90-4
3-1-5	20282-70-6
3-1-5	20325-40-0
3-1-5	59777-10-5
3-1-5	91-91-8
3-1-5	91-93-0
3-1-5	RR-02088-2
3-1-6	10039-31-3
3-1-6	10210-64-7
3-1-6	1111-71-3
3-1-6	11133-98-5
3-1-6	12009-99-3
3-1-6	12010-12-7
3-1-6	12069-36-2
3-1-6	12161-82-9
3-1-6	12228-40-9
3-1-6	12232-25-6
3-1-6	12232-27-8
3-1-6	12232-67-6
3-1-6	12291-87-1
3-1-6	12323-05-6
3-1-6	12400-16-7
3-1-6	12428-23-8
3-1-6	12429-94-6
3-1-6	12536-51-5
3-1-6	12536-52-6
3-1-6	125466-18-4
3-1-6	1268721-56-7
3-1-6	12770-50-2
3-1-6	1302-52-9
3-1-6	1304-49-0
3-1-6	1304-54-7
3-1-6	1304-56-9
3-1-6	13106-47-3
3-1-6	1319-43-3
3-1-6	1332-52-1
3-1-6	13327-32-7
3-1-6	13466-27-8
3-1-6	13510-48-0
3-1-6	13510-49-1
3-1-6	13597-95-0
3-1-6	13597-96-1
3-1-6	13597-99-4
3-1-6	13598-00-0
3-1-6	13598-15-7
3-1-6	13598-22-6
3-1-6	13598-26-0
3-1-6	13814-50-1
3-1-6	13871-27-7
3-1-6	13874-36-7
3-1-6	13966-02-4
3-1-6	14215-00-0
3-1-6	14216-88-7
3-1-6	14390-89-7
3-1-6	14874-86-3
3-1-6	148896-39-3
3-1-6	14902-95-5
3-1-6	15191-85-2
3-1-6	15339-40-9
3-1-6	15499-68-0
3-1-6	16166-89-5
3-1-6	16923-64-1
3-1-6	183480-25-3
3-1-6	1837-99-6
3-1-6	18983-72-7
3-1-6	19049-40-2
3-1-6	19181-26-1
3-1-6	204847-07-4
3-1-6	20768-68-7
3-1-6	22537-20-8
3-1-6	2399-81-7
3-1-6	25638-88-4
3-1-6	278600-28-5
3-1-6	30374-53-9
3-1-6	30913-98-5
3-1-6	3173-18-0
3-1-6	35089-00-0
3-1-6	37227-61-5
3-1-6	39413-47-3
3-1-6	506-63-8
3-1-6	506-66-1
3-1-6	53514-39-9
3-1-6	53684-48-3
3-1-6	542-63-2
3-1-6	543-81-7
3-1-6	55158-44-6
3-1-6	57620-29-8
3-1-6	58127-61-0
3-1-6	58500-38-2
3-1-6	608529-54-0
3-1-6	61279-73-0
3-1-6	61279-74-1
3-1-6	61279-75-2
3-1-6	61279-76-3
3-1-6	63915-76-4
3-1-6	63990-88-5
3-1-6	64059-26-3
3-1-6	66104-24-3
3-1-6	7440-41-7
3-1-6	756857-80-4
3-1-6	7787-46-4
3-1-6	7787-47-5
3-1-6	7787-49-7
3-1-6	7787-50-0
3-1-6	7787-52-2
3-1-6	7787-53-3
3-1-6	7787-54-4
3-1-6	7787-55-5
3-1-6	7787-56-6
3-1-6	97330-34-2
3-1-6	RR-00557-2
3-1-6	RR-04797-2
3-1-6	RR-100836-2
3-1-6	RR-100837-3
3-1-6	RR-100838-4
3-1-6	RR-100839-5
3-1-6	RR-122532-7
3-1-6	RR-145860-2
3-1-6	RR-55480-3
3-1-6	RR-56351-9
3-1-6	UN1566
3-1-6	UN1567
3-1-6	UN2464
3-1-7	98-07-7
3-1-7	UN2226
