112	10022-48-7
112	10031-16-0
112	10034-82-9
112	100402-65-1
112	100468-44-8
112	10060-08-9
112	10101-75-4
112	101027-05-8
112	101357-08-8
112	101672-09-7
112	1018900-84-9
112	102262-19-1
112	10294-40-3
112	10294-52-7
112	10294-53-8
112	104316-82-7
112	104316-83-8
112	10588-01-9
112	1088355-13-8
112	109048-90-0
112	109201-26-5
112	109225-23-2
112	109657-68-3
112	109657-69-4
112	11103-86-9
112	11104-65-7
112	11113-70-5
112	11115-74-5
112	11118-57-3
112	11119-70-3
112	11145-38-3
112	111460-82-3
112	112285-78-6
112	113015-82-0
112	115517-69-6
112	115517-70-9
112	115517-71-0
112	115658-56-5
112	115658-57-6
112	115949-83-2
112	115949-89-8
112	116305-12-5
112	1189-85-1
112	119801-45-5
112	12000-34-9
112	12016-69-2
112	12017-79-7
112	12017-86-6
112	12017-94-6
112	12018-09-6
112	12018-10-9
112	12018-18-7
112	12018-19-8
112	12018-32-5
112	12053-18-8
112	12053-47-3
112	120558-28-3
112	12190-88-4
112	12206-12-1
112	12213-61-5
112	12231-18-4
112	12254-85-2
112	12324-05-9
112	12324-08-2
112	12381-48-5
112	12433-14-6
112	12433-24-8
112	12433-30-6
112	125233-42-3
112	12527-08-1
112	125297-07-6
112	12548-37-7
112	12617-87-7
112	12619-84-0
112	12653-68-8
112	12656-85-8
112	12680-48-7
112	12705-38-3
112	12737-97-2
112	12777-94-5
112	128448-04-4
112	128715-37-7
112	128976-28-3
112	1308-09-4
112	1308-13-0
112	1308-29-8
112	131162-93-1
112	1323950-28-2
112	1328-67-2
112	1332-16-7
112	1333-82-0
112	1335-24-6
112	13423-61-5
112	1344-37-2
112	1344-74-7
112	13444-75-2
112	13446-72-5
112	13446-73-6
112	13453-35-5
112	13454-78-9
112	13455-25-9
112	13465-34-4
112	13473-75-1
112	13477-01-5
112	1350718-36-3
112	1351377-69-9
112	13517-17-4
112	13530-65-9
112	13530-67-1
112	13530-68-2
112	13548-42-0
112	136141-00-9
112	13765-19-0
112	13843-81-7
112	13907-45-4
112	13907-47-6
112	1391351-00-0
112	1391764-70-7
112	14104-85-9
112	14216-88-7
112	1426817-51-7
112	14307-33-6
112	14307-35-8
112	14312-00-6
112	14445-91-1
112	14507-18-7
112	14675-41-3
112	14721-18-7
112	14977-61-8
112	15586-38-6
112	15930-94-6
112	16017-38-2
112	16037-50-6
112	1624-02-8
112	16286-27-4
112	16565-94-9
112	16569-85-0
112	16569-86-1
112	16569-87-2
112	166269-55-2
112	1746-09-4
112	1792172-36-1
112	181768-98-9
112	183858-81-3
112	18432-25-2
112	18454-12-1
112	184828-23-7
112	18540-29-9
112	188785-92-4
112	18906-50-8
112	199194-95-1
112	199384-58-2
112	20039-37-6
112	20203-47-8
112	20492-50-6
112	219828-32-7
112	221455-10-3
112	22323-45-1
112	225797-70-6
112	23371-94-0
112	237391-94-5
112	24613-89-6
112	24934-60-9
112	2508-97-6
112	26299-14-9
112	27133-42-2
112	27133-66-0
112	27698-99-3
112	27787-63-9
112	30441-38-4
112	34448-20-9
112	34493-01-1
112	34848-09-4
112	36563-89-0
112	37224-56-9
112	37224-57-0
112	37228-30-1
112	37235-82-8
112	37293-29-1
112	37300-23-5
112	37367-87-6
112	37382-24-4
112	37809-34-0
112	38455-77-5
112	38459-17-5
112	38719-42-5
112	39297-19-3
112	39400-35-6
112	41189-36-0
112	49663-84-5
112	50316-88-6
112	50922-29-7
112	50929-82-3
112	51329-63-6
112	51899-02-6
112	52110-72-2
112	52440-39-8
112	52869-79-1
112	53206-40-9
112	53206-41-0
112	53809-63-5
112	54322-60-0
112	55072-56-5
112	553650-13-8
112	561029-54-7
112	56320-90-2
112	56549-24-7
112	56660-19-6
112	57790-30-4
112	58591-12-1
112	58640-42-9
112	59157-64-1
112	59330-20-0
112	60763-96-4
112	61204-26-0
112	61513-05-1
112	61513-06-2
112	61513-07-3
112	63020-43-9
112	63497-09-6
112	64523-06-4
112	66516-58-3
112	66860-79-5
112	68186-91-4
112	68187-56-4
112	68406-65-5
112	68784-60-1
112	69011-07-0
112	69011-08-1
112	74665-01-3
112	75578-75-5
112	76055-69-1
112	76899-34-8
112	7738-94-5
112	7758-97-6
112	7775-11-3
112	7778-50-9
112	7784-01-2
112	7784-02-3
112	7788-98-9
112	7789-00-6
112	7789-01-7
112	7789-06-2
112	7789-07-3
112	7789-09-5
112	7789-10-8
112	7789-12-0
112	7789-73-3
112	7791-14-2
112	794448-03-6
112	795254-94-3
112	8005-36-5
112	8012-76-8
112	8049-64-7
112	81209-53-2
112	82246-45-5
112	83588-58-3
112	83588-59-4
112	848393-12-4
112	87612-49-5
112	89952-87-4
112	90014-70-3
112	90294-61-4
112	90341-42-7
112	9044-10-4
112	92202-10-3
112	92203-02-6
112	92203-03-7
112	94232-45-8
112	96690-54-9
112	97660-63-4
112	99148-51-3
112	99328-50-4
112	RR-00025-9
112	RR-00026-0
112	RR-00070-4
112	RR-01620-6
112	RR-01791-4
112	RR-02096-2
112	RR-02247-9
112	RR-19918-8
112	RR-53129-3
112	RR-53130-6
112	UN1439
112	UN1463
112	UN1758
120	1187028-37-0
120	75-01-4
120	UN1086
17	1632-89-9
17	75-07-0
17	UN1089
186	101-14-4
186	126699-69-2
186	142661-36-7
186	27342-75-2
186	29371-14-0
186	29988-00-9
186	34777-72-5
186	51065-07-7
186	78642-65-6
186	913092-91-8
206	26198-63-0
206	78-87-5
206	UN1279
278	1746-01-6
278	19408-74-3
278	262-12-4
278	29446-15-9
278	30746-58-8
278	3268-87-9
278	33423-92-6
278	33857-28-2
278	34465-46-8
278	34816-53-0
278	35656-51-0
278	35822-46-9
278	36088-22-9
278	37871-00-4
278	38178-38-0
278	39001-02-0
278	39227-28-6
278	39227-53-7
278	39227-54-8
278	39227-58-2
278	39227-61-7
278	39227-62-8
278	40321-76-4
278	40581-90-6
278	40581-91-7
278	40581-93-9
278	40581-94-0
278	50585-39-2
278	50585-46-1
278	51207-31-9
278	53555-02-5
278	54536-17-3
278	54536-18-4
278	54536-19-5
278	55673-89-7
278	56795-67-6
278	57117-31-4
278	57117-41-6
278	57117-44-9
278	57653-85-7
278	58200-66-1
278	58200-67-2
278	58200-68-3
278	58200-69-4
278	58200-70-7
278	58802-08-7
278	58802-09-8
278	58802-51-0
278	60851-34-5
278	62470-53-5
278	62470-54-6
278	64461-98-9
278	64501-00-4
278	67028-17-5
278	67028-18-6
278	67028-19-7
278	67323-56-2
278	67562-39-4
278	69760-96-9
278	70648-26-9
278	71665-99-1
278	71669-23-3
278	71669-24-4
278	71669-25-5
278	71669-26-6
278	71669-27-7
278	71669-28-8
278	71669-29-9
278	71925-15-0
278	71925-16-1
278	71925-17-2
278	71925-18-3
278	71998-76-0
278	72918-21-9
278	82291-26-7
278	82291-27-8
278	82291-28-9
278	82291-29-0
278	82291-30-3
278	82291-31-4
278	82291-32-5
278	82291-33-6
278	82291-34-7
278	82291-35-8
278	82291-36-9
278	82291-37-0
278	82291-38-1
278	82306-61-4
278	82306-62-5
278	82306-63-6
278	82306-64-7
278	82306-65-8
278	RR-03654-4
325	52037-46-4
325	79-01-6
325	UN1710
346	106-49-0
346	108-44-1
346	12221-03-3
346	25640-74-8
346	26915-12-8
346	95-53-4
346	UN1708
346	UN3451
353	10031-13-7
353	10031-21-7
353	10031-22-8
353	100402-96-8
353	100656-51-7
353	100656-56-2
353	100822-74-0
353	100929-97-3
353	10099-62-4
353	10099-74-8
353	10099-76-0
353	10099-79-3
353	10101-44-7
353	10101-63-0
353	101012-92-4
353	101013-06-3
353	10102-48-4
353	101419-68-5
353	10177-50-1
353	10190-55-3
353	102047-25-6
353	102110-24-7
353	102110-26-9
353	102110-36-1
353	102110-48-5
353	102110-49-6
353	102110-60-1
353	102110-62-3
353	10214-39-8
353	102423-87-0
353	102613-50-3
353	10294-47-0
353	10294-58-3
353	103427-19-6
353	103730-90-1
353	10382-36-2
353	10382-41-9
353	104839-24-9
353	106496-44-0
353	106496-45-1
353	1067-14-7
353	1068-23-1
353	1068-61-7
353	106804-23-3
353	106804-81-3
353	1072-35-1
353	1079390-64-9
353	1083-82-5
353	108350-80-7
353	108424-14-2
353	108424-15-3
353	108424-16-4
353	109707-90-6
353	11063-58-4
353	110687-39-3
353	11097-78-2
353	11116-83-9
353	11120-22-2
353	11120-55-1
353	1120-46-3
353	1145660-51-0
353	114601-64-8
353	114830-97-6
353	1153-06-6
353	1160353-52-5
353	1162-06-7
353	116565-73-2
353	116565-74-3
353	116666-25-2
353	116739-98-1
353	118217-11-1
353	1191-18-0
353	120119-64-4
353	12013-69-3
353	12023-90-4
353	12029-23-1
353	12034-30-9
353	12034-88-7
353	12036-31-6
353	12036-76-9
353	12036-93-0
353	12048-28-1
353	12059-89-1
353	12060-00-3
353	12060-01-4
353	12065-68-8
353	12065-90-6
353	12069-00-0
353	121054-00-0
353	121072-42-2
353	12135-36-3
353	12137-74-5
353	12138-48-6
353	12141-20-7
353	12143-43-0
353	12157-94-7
353	12202-17-4
353	12205-72-0
353	12213-74-0
353	12214-45-8
353	122162-56-5
353	122332-23-4
353	122466-83-5
353	12266-38-5
353	12268-84-7
353	12275-07-9
353	1227908-26-0
353	12333-97-0
353	123517-46-4
353	12356-42-2
353	12359-22-7
353	12359-23-8
353	12372-45-1
353	12377-69-4
353	12397-06-7
353	12397-26-1
353	12403-82-6
353	12412-92-9
353	12412-94-1
353	12435-47-1
353	1245817-44-0
353	124826-86-4
353	12503-65-0
353	125328-49-6
353	12544-05-7
353	125454-11-7
353	125471-97-8
353	125494-56-6
353	125634-26-6
353	1256909-95-1
353	12578-12-0
353	12608-25-2
353	12612-47-4
353	12626-81-2
353	12627-67-7
353	12673-46-0
353	12673-93-7
353	12676-62-9
353	12684-19-4
353	12684-34-3
353	126857-68-9
353	12687-78-4
353	12709-98-7
353	12710-25-7
353	127279-03-2
353	12737-98-3
353	12740-44-2
353	12765-51-4
353	12774-29-7
353	127917-29-7
353	128226-81-3
353	1287784-11-5
353	1294-74-2
353	13009-77-3
353	130596-72-4
353	130680-19-2
353	130730-32-4
353	1309-59-7
353	1309-60-0
353	13094-04-7
353	1310-03-8
353	1311-11-1
353	1314-27-8
353	1314-41-6
353	1314-87-0
353	1314-91-6
353	1314087-54-1
353	1314087-56-3
353	1317-36-8
353	1319-46-6
353	132003-12-4
353	13231-90-8
353	1326-05-2
353	13266-07-4
353	1327-31-7
353	1331-70-0
353	133315-99-8
353	1335-25-7
353	1335-32-6
353	133988-90-6
353	13406-89-8
353	13424-46-9
353	13427-42-4
353	1344-36-1
353	1344-38-3
353	1344-40-7
353	13453-57-1
353	13453-60-6
353	13453-62-8
353	13453-65-1
353	13453-66-2
353	13463-30-4
353	13478-50-7
353	13510-89-9
353	13510-91-3
353	13510-96-8
353	13566-17-1
353	135699-34-2
353	135849-93-3
353	13637-76-8
353	136596-82-2
353	13698-55-0
353	13701-91-2
353	13703-85-0
353	13732-17-7
353	13765-90-7
353	13767-78-7
353	13778-36-4
353	13779-93-6
353	13779-98-1
353	13814-96-5
353	13826-65-8
353	13845-31-3
353	13931-84-5
353	139522-21-7
353	139522-22-8
353	13966-28-4
353	14013-09-3
353	14034-76-5
353	14105-08-9
353	14105-09-0
353	14119-28-9
353	14119-29-0
353	14119-30-3
353	141754-61-2
353	1421258-73-2
353	14255-04-0
353	14280-50-3
353	14287-09-3
353	1428856-88-5
353	1429516-97-1
353	14307-44-9
353	143928-79-4
353	14402-61-0
353	14450-60-3
353	14466-01-4
353	1450900-87-4
353	1451592-07-6
353	14570-16-2
353	146104-54-3
353	1462878-70-1
353	14643-03-9
353	14648-48-7
353	14650-47-6
353	14687-25-3
353	14720-53-7
353	148332-23-4
353	14846-40-3
353	14931-82-9
353	1493800-25-1
353	14986-72-2
353	149864-43-7
353	15061-40-2
353	15067-28-4
353	15092-94-1
353	15187-16-3
353	1520-71-4
353	1520-78-1
353	15245-44-0
353	15282-88-9
353	15306-30-6
353	15347-55-4
353	15347-57-6
353	153679-91-5
353	15516-84-4
353	15521-60-5
353	15576-47-3
353	15590-77-9
353	15696-43-2
353	15708-49-3
353	15710-47-1
353	15739-80-7
353	15748-73-9
353	15752-86-0
353	15773-47-4
353	15773-48-5
353	15773-52-1
353	15773-53-2
353	15773-55-4
353	15773-56-5
353	15804-54-3
353	15816-77-0
353	15843-48-8
353	15845-52-0
353	15887-88-4
353	15906-71-5
353	15907-04-7
353	16035-34-0
353	16035-39-5
353	16038-76-9
353	16040-38-3
353	16180-04-4
353	16183-12-3
353	16183-13-4
353	16450-50-3
353	16521-45-2
353	16645-99-1
353	16646-00-7
353	168456-68-6
353	16893-63-3
353	16996-40-0
353	16996-51-3
353	1702636-77-8
353	17239-87-1
353	172589-69-4
353	172777-22-9
353	17362-65-1
353	17398-75-3
353	17406-54-1
353	17498-10-1
353	175448-53-0
353	17549-30-3
353	17570-76-2
353	1762-26-1
353	1762-27-2
353	1762-28-3
353	176547-68-5
353	17856-14-3
353	17857-60-2
353	17976-43-1
353	17976-44-2
353	17979-75-8
353	180129-52-6
353	18256-98-9
353	18279-19-1
353	18279-20-4
353	18279-21-5
353	18608-34-9
353	1879054-37-1
353	188417-76-7
353	1887168-54-8
353	18917-82-3
353	1898210-10-0
353	189829-60-5
353	1899002-67-5
353	19010-66-3
353	19136-34-6
353	1920-90-7
353	19372-22-6
353	19389-88-9
353	19423-89-3
353	1951408-54-0
353	19528-55-3
353	19651-80-0
353	19696-90-3
353	19783-14-3
353	199876-46-5
353	200444-20-8
353	201742-34-9
353	20383-42-0
353	20403-41-2
353	20403-42-3
353	20534-94-5
353	2068005-39-8
353	2068005-40-1
353	207500-00-3
353	20837-86-9
353	20890-10-2
353	20917-34-4
353	20936-32-7
353	2093943-43-0
353	2095571-59-6
353	2097729-73-0
353	2098001-96-6
353	2098487-24-0
353	2098815-17-7
353	2101242-86-6
353	21135-97-7
353	2117-69-3
353	21180-26-7
353	21319-43-7
353	21459-27-8
353	21519-20-0
353	21600-78-2
353	21774-13-0
353	21981-95-3
353	2222122-62-3
353	2222122-63-4
353	22438-69-3
353	22569-74-0
353	22723-52-0
353	22904-40-1
353	23188-89-8
353	23621-79-6
353	2388-00-3
353	23884-79-9
353	2437245-44-6
353	24824-71-3
353	24952-65-6
353	24988-28-1
353	2516245-98-8
353	25510-11-6
353	25659-31-8
353	25666-92-6
353	2568498-72-4
353	25721-38-4
353	25725-28-4
353	25808-74-6
353	2587-81-7
353	2587-82-8
353	2587-84-0
353	25987-03-5
353	26006-62-2
353	26265-65-6
353	26271-93-2
353	2712640-33-8
353	27253-28-7
353	27253-41-4
353	27486-00-6
353	27496-91-9
353	27923-60-0
353	28267-01-8
353	29134-88-1
353	29473-77-6
353	29597-84-0
353	29729-00-8
353	30051-53-7
353	301-04-2
353	301-07-5
353	301-08-6
353	30478-96-7
353	30719-10-9
353	30873-69-9
353	3124-01-4
353	32112-52-0
353	3249-60-3
353	3249-61-4
353	3268-27-7
353	33011-59-5
353	33627-12-2
353	33940-95-3
353	34018-28-5
353	34295-32-4
353	3440-75-3
353	35029-96-0
353	35112-70-0
353	35229-41-5
353	35254-34-3
353	35296-72-1
353	35498-15-8
353	35830-81-0
353	35837-70-8
353	36501-84-5
353	3687-31-8
353	37185-13-0
353	37189-44-9
353	37194-88-0
353	37196-28-4
353	37221-92-4
353	37223-82-8
353	37223-83-9
353	37223-94-2
353	37224-42-3
353	37240-96-3
353	37251-28-8
353	37280-55-0
353	37316-84-0
353	37361-76-5
353	37382-38-0
353	378253-10-2
353	378253-11-3
353	38787-87-0
353	39345-91-0
353	39377-56-5
353	39380-79-5
353	39386-06-6
353	39387-81-0
353	39390-00-6
353	41141-89-3
353	41234-07-5
353	41453-50-3
353	41547-50-6
353	41556-46-1
353	4219-19-6
353	42558-73-6
353	42579-89-5
353	43135-83-7
353	43629-00-1
353	444279-15-6
353	469906-25-0
353	50319-14-7
353	50354-80-8
353	5072-98-0
353	50729-74-3
353	50816-00-7
353	50825-29-1
353	51105-45-4
353	512-26-5
353	5120-07-0
353	51317-24-9
353	51325-28-1
353	51331-05-6
353	51404-69-4
353	51682-73-6
353	51682-74-7
353	51868-24-7
353	52014-33-2
353	52080-60-1
353	52231-92-2
353	5224-23-7
353	52337-73-2
353	52609-46-8
353	52652-59-2
353	52732-72-6
353	52762-90-0
353	52847-85-5
353	53092-86-7
353	53096-04-1
353	53113-58-9
353	53404-12-9
353	53466-66-3
353	53513-80-7
353	53529-09-2
353	53807-64-0
353	5434-72-0
353	54554-36-8
353	546-67-8
353	54692-53-4
353	56189-09-4
353	562-95-8
353	56267-87-9
353	56572-83-9
353	56730-15-5
353	56730-34-8
353	56764-40-0
353	5711-19-3
353	57142-78-6
353	57218-73-2
353	57456-13-0
353	58274-53-6
353	58405-97-3
353	58572-21-7
353	592-87-0
353	59286-40-7
353	595-89-1
353	59707-49-2
353	598-63-0
353	60251-56-1
353	60525-54-4
353	60580-60-1
353	6080-56-4
353	6107-83-1
353	6107-93-3
353	612524-90-0
353	61461-40-3
353	6148-48-7
353	61788-52-1
353	61788-53-2
353	61788-54-3
353	61789-50-2
353	61790-14-5
353	61867-68-3
353	61869-44-1
353	61981-10-0
353	61993-29-1
353	62010-25-7
353	62229-08-7
353	62451-77-8
353	625080-35-5
353	62637-99-4
353	63399-94-0
353	63400-07-7
353	63400-08-8
353	63568-30-9
353	63653-42-9
353	63916-96-1
353	63916-98-3
353	63918-97-8
353	64470-66-2
353	64504-12-7
353	6477-64-1
353	65119-94-0
353	65121-76-8
353	65121-94-0
353	65127-78-8
353	65151-08-8
353	65229-22-3
353	65863-24-3
353	6594-85-0
353	65996-76-1
353	6618-03-7
353	6713-82-2
353	67674-14-0
353	67711-86-8
353	67711-91-5
353	67711-92-6
353	67711-93-7
353	67711-94-8
353	68131-60-2
353	68132-23-0
353	68139-27-5
353	68152-99-8
353	68155-47-5
353	68187-20-2
353	68187-37-1
353	68189-41-3
353	68332-81-0
353	6838-85-3
353	68409-79-0
353	68411-07-4
353	68411-33-6
353	68411-78-9
353	68424-76-0
353	68439-90-7
353	68442-95-5
353	68515-76-4
353	68515-77-5
353	68515-80-0
353	68551-43-9
353	68553-17-3
353	68553-63-9
353	68555-05-5
353	68555-07-7
353	68584-94-1
353	68585-90-0
353	68586-21-0
353	68603-83-8
353	68603-93-0
353	68604-05-7
353	68604-56-8
353	68605-98-1
353	68610-17-3
353	6865-72-1
353	68784-53-2
353	68784-59-8
353	68784-74-7
353	68784-75-8
353	68784-76-9
353	68891-87-2
353	68901-11-1
353	68901-12-2
353	68937-05-3
353	68952-91-0
353	68954-05-2
353	68956-49-0
353	68987-33-7
353	68989-89-9
353	68990-75-0
353	6901-79-7
353	69011-06-9
353	69011-54-7
353	69011-59-2
353	69011-60-5
353	69011-86-5
353	69012-22-2
353	69012-56-2
353	69012-60-8
353	69012-65-3
353	69012-70-0
353	69012-78-8
353	69029-45-4
353	69029-46-5
353	69029-47-6
353	69029-50-1
353	69029-51-2
353	69029-52-3
353	69029-53-4
353	69029-57-8
353	69029-60-3
353	69029-61-4
353	69029-62-5
353	69029-65-8
353	69029-66-9
353	69029-67-0
353	69029-68-1
353	69029-72-7
353	69029-74-9
353	69029-79-4
353	69029-80-7
353	69029-83-0
353	69029-84-1
353	69029-85-2
353	69029-93-2
353	69090-73-9
353	69103-03-3
353	69103-04-4
353	69227-11-8
353	6928-68-3
353	69637-83-8
353	69670-72-0
353	70084-67-2
353	70145-53-8
353	70268-38-1
353	70321-55-0
353	70513-89-2
353	70514-05-5
353	70514-37-3
353	7056-83-9
353	70727-02-5
353	70879-91-3
353	70995-63-0
353	71684-29-2
353	71686-03-8
353	71753-04-3
353	71799-66-1
353	72437-77-5
353	724427-66-1
353	72469-41-1
353	72586-00-6
353	73105-55-2
353	7319-86-0
353	73513-16-3
353	73826-06-9
353	7428-48-0
353	74356-14-2
353	7439-92-1
353	7442-13-9
353	7446-10-8
353	7446-14-2
353	7446-27-7
353	74765-09-6
353	75-74-1
353	75790-73-7
353	7645-25-2
353	76835-98-8
353	76925-97-8
353	7717-46-6
353	7758-95-4
353	7759-01-5
353	7783-46-2
353	7783-59-7
353	7784-40-9
353	78-00-2
353	78690-68-3
353	79357-62-3
353	79393-68-3
353	79803-79-5
353	79849-02-8
353	79915-08-5
353	79915-09-6
353	8012-00-8
353	811-54-1
353	814-70-0
353	814-93-7
353	81412-57-9
353	815-84-9
353	816-68-2
353	819-73-8
353	825-91-2
353	82669-93-0
353	82696-30-8
353	82800-11-1
353	83689-82-1
353	83711-45-9
353	83711-46-0
353	83711-47-1
353	83896-77-9
353	84066-98-8
353	84066-99-9
353	84067-00-5
353	84195-51-7
353	84195-60-8
353	84195-61-9
353	84394-98-9
353	84776-36-3
353	84776-53-4
353	84776-54-5
353	84837-22-9
353	84852-34-6
353	84929-94-2
353	84929-95-3
353	84929-96-4
353	84929-97-5
353	84961-75-1
353	85049-42-9
353	851754-81-9
353	85292-77-9
353	85305-08-4
353	85392-77-4
353	85392-78-5
353	85536-79-4
353	85682-01-5
353	85764-81-4
353	85865-91-4
353	85865-92-5
353	85941-57-7
353	86202-43-9
353	866-87-5
353	867-47-0
353	873-54-1
353	87835-32-3
353	87903-39-7
353	88685-10-3
353	886883-98-3
353	89054-03-5
353	89911-31-9
353	9008-26-8
353	90193-83-2
353	90268-59-0
353	90268-66-9
353	90342-24-8
353	90342-56-6
353	90388-09-3
353	90388-10-6
353	90388-15-1
353	90431-14-4
353	90431-21-3
353	90431-26-8
353	90431-27-9
353	90431-28-0
353	90431-29-1
353	90431-30-4
353	90431-31-5
353	90431-32-6
353	90431-33-7
353	90431-34-8
353	90431-35-9
353	90431-36-0
353	90431-37-1
353	90431-38-2
353	90431-39-3
353	90431-40-6
353	90431-41-7
353	90431-42-8
353	90431-43-9
353	90431-44-0
353	90459-25-9
353	90459-26-0
353	90459-28-2
353	90459-51-1
353	90459-52-2
353	90459-88-4
353	90552-19-5
353	90583-07-6
353	90583-37-2
353	90583-65-6
353	91002-20-9
353	91031-60-6
353	91031-61-7
353	91031-62-8
353	91053-49-5
353	91078-81-8
353	91083-54-4
353	91187-55-2
353	91388-81-7
353	91671-82-8
353	91671-83-9
353	91671-84-0
353	91697-36-8
353	91783-10-7
353	92044-89-8
353	92045-67-5
353	92200-92-5
353	93165-26-5
353	93215-61-3
353	93763-87-2
353	93821-47-7
353	93821-70-6
353	93821-72-8
353	93839-98-6
353	93840-04-1
353	93858-23-2
353	93858-24-3
353	93892-65-0
353	93894-48-5
353	93894-49-6
353	93894-64-5
353	93925-27-0
353	93965-29-8
353	93966-37-1
353	93966-38-2
353	93966-74-6
353	93981-67-0
353	94006-20-9
353	94015-57-3
353	940949-96-2
353	94232-40-3
353	94246-84-1
353	94246-85-2
353	94246-86-3
353	94246-87-4
353	94246-90-9
353	94246-91-0
353	94246-92-1
353	94246-93-2
353	94266-31-6
353	94266-32-7
353	94349-78-7
353	94481-58-0
353	94492-43-0
353	94551-60-7
353	94551-62-9
353	94551-64-1
353	94551-66-3
353	94551-71-0
353	94551-72-1
353	94551-73-2
353	94551-74-3
353	94551-78-7
353	94551-86-7
353	94551-99-2
353	94552-00-8
353	94552-05-3
353	953087-97-3
353	95860-12-1
353	95892-13-0
353	96471-22-6
353	96690-46-9
353	96956-76-2
353	97675-41-7
353	97808-88-3
353	97889-90-2
353	97926-57-3
353	97952-39-1
353	97953-08-7
353	98072-44-7
353	98219-71-7
353	99328-54-8
353	99749-31-2
353	P-82-0043
353	RR-00538-9
353	RR-00630-4
353	RR-01021-9
353	RR-01917-0
353	RR-01997-6
353	RR-02574-1
353	RR-02632-4
353	RR-04210-4
353	RR-07764-5
353	RR-11170-6
353	RR-11171-7
353	RR-113715-1
353	RR-115560-8
353	RR-120898-6
353	RR-123234-4
353	RR-12534-8
353	RR-12535-9
353	RR-12634-1
353	RR-12718-4
353	RR-12719-5
353	RR-12722-0
353	RR-12723-1
353	RR-128514-9
353	RR-13035-8
353	RR-14098-7
353	RR-145683-3
353	RR-14783-1
353	RR-15431-4
353	RR-19231-4
353	RR-21008-2
353	RR-30195-1
353	RR-31155-7
353	RR-40980-3
353	RR-41297-5
353	RR-42199-8
353	RR-42759-8
353	RR-43765-0
353	RR-44401-9
353	RR-45494-4
353	RR-47159-0
353	RR-50131-5
353	RR-50263-6
353	RR-50268-1
353	RR-50427-8
353	RR-50428-9
353	RR-50499-4
353	RR-54612-3
353	RR-58667-4
353	RR-58670-9
353	RR-60222-2
353	RR-87533-2
353	RR-88264-4
353	RR-89890-8
353	RR-90336-6
353	UN0129
353	UN0130
353	UN1469
353	UN1470
353	UN1616
353	UN1794
353	UN1872
353	UN2291
353	UN2989
353	UN3408
355	100237-02-3
355	10028-18-9
355	100438-90-2
355	10101-96-9
355	10101-97-0
355	10101-98-1
355	101239-20-7
355	1021552-48-6
355	1023309-94-5
355	10294-65-2
355	1033772-47-2
355	10345-27-4
355	1035211-50-7
355	10381-36-9
355	10471-42-8
355	10471-47-3
355	1047996-27-9
355	105029-70-7
355	105883-48-5
355	105884-35-3
355	105892-90-8
355	106316-55-6
355	106340-73-2
355	106340-74-3
355	106340-75-4
355	106747-79-9
355	107372-45-2
355	107593-02-2
355	1080518-91-7
355	108599-78-6
355	108599-79-7
355	108818-89-9
355	11071-48-0
355	11079-07-5
355	11099-02-8
355	11105-19-4
355	11106-97-1
355	11113-73-8
355	11113-74-9
355	11113-75-0
355	111244-32-7
355	111244-33-8
355	11132-10-8
355	11133-76-9
355	11140-03-7
355	11146-73-9
355	111532-88-8
355	111614-54-1
355	111706-41-3
355	111706-42-4
355	111706-43-5
355	111721-39-2
355	111792-92-8
355	111866-22-9
355	112653-88-0
355	112711-07-6
355	112874-99-4
355	113329-92-3
355	113738-82-2
355	1138454-78-0
355	113894-88-5
355	113894-89-6
355	115683-18-6
355	1163250-22-3
355	116443-84-6
355	117127-26-1
355	117454-32-7
355	117989-29-4
355	117991-29-4
355	117991-30-7
355	118716-60-2
355	1189377-18-1
355	1197869-88-7
355	119989-34-3
355	1200116-89-7
355	12003-78-0
355	12004-35-2
355	12004-71-6
355	120045-16-1
355	12007-00-0
355	12007-01-1
355	12007-02-2
355	12011-78-8
355	120156-44-7
355	12031-41-3
355	12031-65-1
355	12031-75-3
355	12034-55-8
355	12035-36-8
355	12035-38-0
355	12035-39-1
355	12035-50-6
355	12035-51-7
355	12035-57-3
355	12035-60-8
355	12035-64-2
355	12035-71-1
355	12035-72-2
355	12035-77-7
355	12044-65-4
355	12045-56-6
355	12045-58-8
355	12045-67-9
355	12054-48-7
355	12057-65-7
355	12059-14-2
355	12059-23-3
355	12068-59-6
355	12068-61-0
355	12084-10-5
355	121053-32-5
355	121053-33-6
355	121053-36-9
355	12107-46-9
355	12122-15-5
355	12124-61-7
355	12125-56-3
355	12125-61-0
355	12137-08-5
355	12137-09-6
355	12137-12-1
355	12142-92-6
355	12168-54-6
355	12170-92-2
355	12174-14-0
355	12175-27-8
355	12196-72-4
355	12201-85-3
355	12201-89-7
355	12213-15-9
355	12229-03-7
355	12244-51-8
355	12255-10-6
355	12255-11-7
355	12255-80-0
355	12256-33-6
355	12257-99-7
355	12259-56-2
355	12263-13-7
355	12266-58-9
355	1227263-18-4
355	12275-13-7
355	1228454-65-6
355	12315-33-2
355	12325-84-7
355	12334-31-5
355	123516-73-4
355	123516-74-5
355	12359-17-0
355	124222-19-1
355	124260-75-9
355	124594-15-6
355	124747-65-5
355	124827-66-3
355	12503-53-6
355	12519-56-1
355	12519-85-6
355	125275-86-7
355	125275-87-8
355	125378-87-2
355	12604-68-1
355	12607-70-4
355	12612-55-4
355	12619-90-8
355	12635-29-9
355	12645-32-8
355	12645-50-0
355	12653-76-8
355	12661-84-6
355	12673-58-4
355	12688-64-1
355	1271-28-9
355	12710-36-0
355	12737-30-3
355	12794-26-2
355	12795-30-1
355	128607-90-9
355	128607-91-0
355	128607-92-1
355	129188-37-0
355	129188-38-1
355	129188-39-2
355	1293-95-4
355	1295-35-8
355	129618-35-5
355	129680-25-7
355	13001-15-5
355	13005-31-7
355	13007-90-4
355	1303-13-5
355	1303-22-6
355	13077-29-7
355	131163-08-1
355	1313-99-1
355	13138-45-9
355	1314-04-1
355	1314-06-3
355	131689-21-9
355	131866-99-4
355	131896-79-2
355	13319-83-0
355	133290-55-8
355	1333123-32-2
355	13408-70-3
355	1344-49-6
355	13462-88-9
355	13462-90-3
355	13463-39-3
355	134737-17-0
355	13477-70-8
355	13477-93-5
355	13477-94-6
355	13477-97-9
355	13478-00-7
355	13478-93-8
355	134830-74-3
355	134831-06-4
355	1351378-24-9
355	13520-61-1
355	13601-55-3
355	13637-71-3
355	13654-40-5
355	13689-92-4
355	137136-40-4
355	13716-94-4
355	1372528-52-3
355	13770-89-3
355	13775-54-7
355	13778-29-5
355	13783-64-7
355	13826-95-4
355	13842-46-1
355	13859-60-4
355	13859-65-9
355	13859-68-2
355	1386503-01-0
355	13869-33-5
355	13877-20-8
355	13927-77-0
355	13931-83-4
355	13940-83-5
355	139562-87-1
355	13977-71-4
355	139939-67-6
355	14024-60-3
355	14038-85-8
355	14055-02-8
355	14055-19-7
355	14100-15-3
355	14126-37-5
355	14167-20-5
355	14172-92-0
355	14177-51-6
355	14177-55-0
355	14216-75-2
355	142164-39-4
355	14220-17-8
355	14221-00-2
355	14263-96-8
355	14263-97-9
355	14263-98-0
355	14264-16-5
355	14267-17-5
355	14322-50-0
355	14323-41-2
355	14324-74-4
355	14332-32-2
355	14332-33-3
355	14332-34-4
355	14363-30-5
355	14396-43-1
355	14406-66-7
355	14406-71-4
355	14428-08-1
355	14434-67-4
355	14448-18-1
355	14448-69-2
355	14481-08-4
355	14482-69-0
355	14507-36-9
355	14516-71-3
355	14522-99-7
355	14550-87-9
355	14647-23-5
355	14706-47-9
355	14708-14-6
355	147395-45-7
355	148732-74-5
355	14874-77-2
355	14874-78-3
355	14875-95-7
355	149134-08-7
355	149134-12-3
355	149272-90-2
355	14931-84-1
355	14949-69-0
355	14998-37-9
355	15099-34-0
355	15133-82-1
355	151436-99-6
355	15187-91-4
355	151994-98-8
355	15220-72-1
355	15242-92-9
355	15244-37-8
355	15274-43-8
355	153067-81-3
355	15317-78-9
355	153305-02-3
355	15415-30-2
355	15442-77-0
355	154779-74-5
355	15492-42-9
355	15521-65-0
355	155737-57-8
355	155773-70-9
355	155773-71-0
355	155937-95-4
355	15596-82-4
355	15608-15-8
355	15629-92-2
355	15635-42-4
355	15665-26-6
355	15684-36-3
355	15694-70-9
355	15699-18-0
355	15699-20-4
355	15708-55-1
355	15751-00-5
355	15772-06-2
355	15780-33-3
355	15843-02-4
355	15843-91-1
355	15851-52-2
355	15852-21-8
355	15855-62-6
355	15905-81-4
355	15954-96-8
355	15975-34-5
355	16039-61-5
355	16083-14-0
355	16122-03-5
355	16263-35-7
355	162684-16-4
355	1628435-35-7
355	16337-84-1
355	1638220-46-8
355	164144-91-6
355	16432-37-4
355	16456-84-1
355	166520-64-5
355	16699-63-1
355	1671083-23-0
355	16812-54-7
355	1692886-45-5
355	17030-01-2
355	17169-61-8
355	17218-47-2
355	17237-93-3
355	172398-90-2
355	172777-26-3
355	172777-27-4
355	17301-01-8
355	173936-51-1
355	17523-24-9
355	17593-69-0
355	17638-48-1
355	177997-13-6
355	17861-62-0
355	179865-13-5
355	180997-14-2
355	18195-55-6
355	182442-95-1
355	18283-82-4
355	18534-07-1
355	185461-96-5
355	18642-20-1
355	18718-11-1
355	18721-51-2
355	18756-97-3
355	18824-79-8
355	189139-63-7
355	18958-57-1
355	18958-62-8
355	18972-69-5
355	18984-98-0
355	190274-09-0
355	19141-54-9
355	19232-05-4
355	193215-53-1
355	19372-20-4
355	194044-27-4
355	19807-00-2
355	198831-12-8
355	19999-87-2
355	20249-62-1
355	20302-82-3
355	203212-67-3
355	203645-17-4
355	203645-18-5
355	20437-10-9
355	20467-91-8
355	205057-15-4
355	20543-06-0
355	20597-89-1
355	207569-15-1
355	207803-51-8
355	2081933-92-6
355	2087499-33-8
355	209668-02-0
355	210352-95-7
355	210902-79-7
355	21264-77-7
355	215191-83-6
355	215361-84-5
355	21784-78-1
355	219782-27-1
355	219948-04-6
355	21996-43-0
355	2223-95-2
355	22451-23-6
355	22484-07-7
355	22605-92-1
355	22638-44-4
355	2267994-84-1
355	227623-80-5
355	23232-50-0
355	23852-73-5
355	24151-25-5
355	24270-51-7
355	242802-21-7
355	24440-79-7
355	24640-21-9
355	24803-99-4
355	25338-49-2
355	25358-06-9
355	25379-55-9
355	25481-21-4
355	25749-08-0
355	26024-55-5
355	26043-11-8
355	26202-80-2
355	264125-11-3
355	264125-12-4
355	264921-97-3
355	26603-21-4
355	27016-75-7
355	27494-85-5
355	27574-34-1
355	27637-46-3
355	27835-99-0
355	28371-07-5
355	28680-76-4
355	28923-39-9
355	28984-20-5
355	29046-78-4
355	29204-84-0
355	29317-63-3
355	296800-21-0
355	29708-36-9
355	302343-98-2
355	304695-77-0
355	30868-55-4
355	30947-30-9
355	312696-09-6
355	313223-18-6
355	31748-25-1
355	31886-51-8
355	31904-79-7
355	32441-17-1
355	3264-82-2
355	32990-64-0
355	33025-09-1
355	332343-04-1
355	3333-67-3
355	3349-06-2
355	3349-08-4
355	33637-76-2
355	33637-77-3
355	33882-09-6
355	339311-41-0
355	339527-86-5
355	34109-80-3
355	34304-82-0
355	343630-64-8
355	34404-42-7
355	34492-97-2
355	34831-03-3
355	34875-54-2
355	35884-66-3
355	36026-88-7
355	36153-28-3
355	36252-60-5
355	36259-37-7
355	36516-11-7
355	36545-21-8
355	36897-37-7
355	37187-84-1
355	37211-05-5
355	37221-08-2
355	373-02-4
355	37321-15-6
355	375380-39-5
355	38465-55-3
355	38727-83-2
355	38780-90-4
355	3882-73-3
355	38951-94-9
355	38951-97-2
355	38961-86-3
355	39033-91-5
355	39049-81-5
355	3906-55-6
355	39380-74-0
355	39430-27-8
355	39691-34-4
355	39819-65-3
355	409334-62-9
355	41476-75-9
355	41685-66-9
355	420849-75-8
355	42126-46-5
355	42612-06-6
355	42739-61-7
355	427884-48-8
355	42844-93-9
355	43158-99-2
355	44121-71-3
355	4454-16-4
355	46370-07-4
355	47726-62-5
355	480445-87-2
355	494197-74-9
355	494197-76-1
355	4995-91-9
355	501953-51-1
355	502927-11-9
355	50897-08-0
355	51185-42-3
355	51222-18-5
355	51269-44-4
355	51274-96-5
355	51449-18-4
355	51467-07-3
355	51575-27-0
355	51818-56-5
355	51912-52-8
355	51931-46-5
355	51944-07-1
355	52013-44-2
355	52014-29-6
355	52022-10-3
355	52057-73-5
355	52261-08-2
355	52486-98-3
355	52486-99-4
355	52496-91-0
355	52502-12-2
355	52610-81-8
355	52625-25-9
355	527686-65-3
355	53027-18-2
355	53199-85-2
355	53346-21-7
355	53809-86-2
355	54217-99-1
355	54426-13-0
355	54576-53-3
355	547-67-1
355	55072-59-8
355	553-71-9
355	55401-12-2
355	557-12-0
355	5581-60-2
355	55868-93-4
355	56408-24-3
355	56557-00-7
355	57925-44-7
355	58320-35-7
355	58591-45-0
355	5964-71-6
355	59836-85-0
355	59865-91-7
355	60120-57-2
355	6014-72-8
355	6018-89-9
355	6018-92-4
355	6018-94-6
355	6059-24-1
355	60700-37-0
355	60765-13-1
355	60871-84-3
355	61106-39-6
355	61300-98-9
355	61431-86-5
355	61725-51-7
355	61788-71-4
355	6283-67-6
355	6283-68-7
355	63085-06-3
355	63091-15-6
355	63105-40-8
355	63311-47-7
355	63353-43-5
355	63427-32-7
355	635680-62-5
355	63588-33-0
355	63597-34-2
355	63640-18-6
355	63850-92-0
355	63938-16-9
355	6421-65-4
355	64297-36-5
355	64568-51-0
355	64696-98-6
355	65140-00-3
355	65229-23-4
355	65272-92-6
355	65405-96-1
355	65664-23-5
355	66197-14-6
355	66467-44-5
355	66579-90-6
355	66599-67-5
355	67016-28-8
355	67292-34-6
355	67562-43-0
355	67632-50-2
355	67763-27-3
355	67806-76-2
355	67906-12-1
355	67952-41-4
355	67952-43-6
355	67952-69-6
355	67968-22-3
355	68016-03-5
355	68025-13-8
355	68025-40-1
355	68025-41-2
355	68052-00-6
355	68130-19-8
355	68130-36-9
355	68133-84-6
355	68134-59-8
355	68187-10-0
355	68189-15-1
355	68309-97-7
355	68334-36-1
355	68391-37-7
355	68401-87-6
355	68412-18-0
355	68412-19-1
355	68412-20-4
355	68511-62-6
355	68512-22-1
355	68515-84-4
355	68585-48-8
355	68585-93-3
355	68607-31-8
355	68610-24-2
355	68611-43-8
355	68698-80-6
355	68758-60-1
355	68758-62-3
355	68784-84-9
355	68849-07-0
355	68859-51-8
355	68912-08-3
355	68958-86-1
355	68958-87-2
355	68958-88-3
355	68958-89-4
355	69011-05-8
355	69011-64-9
355	69012-50-6
355	69098-15-3
355	69101-54-8
355	69524-96-5
355	69599-22-0
355	699012-90-3
355	70146-03-1
355	70212-12-3
355	70692-93-2
355	70729-79-2
355	70776-98-6
355	70824-02-1
355	70833-37-3
355	70974-36-6
355	71050-57-2
355	71215-73-1
355	71215-97-9
355	71215-98-0
355	71243-96-4
355	71327-12-3
355	71605-83-9
355	71631-15-7
355	71720-48-4
355	71767-12-9
355	71889-20-8
355	71889-22-0
355	71939-11-2
355	71957-07-8
355	72139-08-3
355	72152-45-5
355	72162-32-4
355	72229-81-3
355	72248-72-7
355	72252-57-4
355	72253-10-2
355	72319-19-8
355	72453-55-5
355	7250-60-4
355	72813-81-1
355	72828-53-6
355	72986-45-9
355	73164-97-3
355	738587-10-5
355	73882-06-1
355	73882-10-7
355	73892-02-1
355	73905-11-0
355	74167-05-8
355	74195-78-1
355	74365-18-7
355	74399-84-1
355	74646-29-0
355	75178-20-0
355	75433-34-0
355	75559-55-6
355	75578-87-9
355	7580-31-6
355	75864-35-6
355	76231-24-8
355	76625-10-0
355	7718-54-9
355	77245-35-3
355	774180-11-9
355	7757-95-1
355	7785-20-8
355	7786-81-4
355	7789-49-3
355	7790-34-3
355	7791-20-0
355	79102-62-8
355	79121-51-0
355	79357-65-6
355	79745-01-0
355	79817-91-7
355	803745-61-1
355	83459-96-5
355	83864-02-2
355	83898-70-8
355	84604-95-5
355	84682-59-7
355	84776-45-4
355	84852-35-7
355	84852-36-8
355	84852-37-9
355	84852-38-0
355	84852-39-1
355	848779-18-0
355	85026-81-9
355	85135-77-9
355	85166-19-4
355	85269-39-2
355	85298-61-9
355	85480-75-7
355	85508-42-5
355	85508-43-6
355	85508-44-7
355	85508-45-8
355	85508-46-9
355	85551-28-6
355	85585-97-3
355	85585-98-4
355	85585-99-5
355	85586-46-5
355	85958-80-1
355	862365-66-0
355	86249-83-4
355	874769-56-9
355	88248-60-6
355	89073-36-9
355	90053-13-7
355	9018-45-5
355	90459-30-6
355	90459-31-7
355	90459-32-8
355	90459-33-9
355	90459-34-0
355	90459-35-1
355	90459-36-2
355	91082-81-4
355	91082-84-7
355	91235-82-4
355	912809-88-2
355	91697-41-5
355	91845-72-6
355	92078-03-0
355	92129-57-2
355	92170-59-7
355	92200-98-1
355	92200-99-2
355	92502-55-1
355	93-74-3
355	93573-14-9
355	93573-15-0
355	93573-16-1
355	93573-17-2
355	936576-64-6
355	93762-59-5
355	93891-86-2
355	93920-08-2
355	93920-09-3
355	93920-10-6
355	93939-76-5
355	93983-68-7
355	94044-50-5
355	94275-78-2
355	94552-58-6
355	94552-59-7
355	946852-83-1
355	94891-42-6
355	94891-43-7
355	95046-47-2
355	95193-95-6
355	956229-60-0
355	97280-68-7
355	97404-21-2
355	97404-22-3
355	97435-21-7
355	97660-42-9
355	99587-11-8
355	99749-23-2
355	99775-00-5
355	P-03-0307
355	P-04-0353
355	P-85-0300
355	P-85-1034
355	P-86-0034
355	P-87-0209
355	P-88-1853
355	P-88-1994
355	P-94-1449
355	RR-00038-4
355	RR-00376-9
355	RR-00522-1
355	RR-00571-0
355	RR-00798-7
355	RR-00800-4
355	RR-04029-9
355	RR-04535-2
355	RR-04616-2
355	RR-04617-3
355	RR-04822-6
355	RR-08431-1
355	RR-08443-5
355	RR-08561-0
355	RR-09031-3
355	RR-09055-1
355	RR-09280-8
355	RR-10235-2
355	RR-24447-3
355	RR-30490-5
355	RR-58049-4
355	UN2725
355	UN2726
375	1353053-96-9
375	56-35-9
378	10048-95-0
378	100656-54-0
378	100995-81-1
378	10101-57-2
378	10102-49-5
378	10102-50-8
378	10102-53-1
378	10103-50-1
378	10103-60-3
378	10103-61-4
378	10103-62-5
378	10124-50-2
378	1016982-35-6
378	1018852-64-6
378	1018852-79-3
378	102055-05-0
378	102110-21-4
378	102110-56-5
378	102430-06-8
378	102525-64-4
378	10290-12-7
378	1032564-26-3
378	1032564-28-5
378	10378-48-0
378	104404-16-2
378	10553-69-2
378	106070-21-7
378	106070-25-1
378	106097-60-3
378	106097-61-4
378	106097-62-5
378	106097-63-6
378	106495-92-5
378	106495-95-8
378	106604-55-1
378	106699-17-6
378	106804-39-1
378	106804-40-4
378	106957-86-2
378	107067-98-1
378	107067-99-2
378	107103-01-5
378	107121-52-8
378	107121-53-9
378	107251-67-2
378	107251-68-3
378	107284-23-1
378	107477-77-0
378	107498-96-4
378	107636-81-7
378	107762-95-8
378	107793-14-6
378	107793-15-7
378	107793-16-8
378	107992-66-5
378	108424-60-8
378	108424-61-9
378	108600-27-7
378	108801-46-3
378	108801-47-4
378	108821-70-1
378	108821-71-2
378	108821-72-3
378	108821-73-4
378	108821-74-5
378	108821-75-6
378	108855-42-1
378	108855-43-2
378	108915-42-0
378	109877-61-4
378	109882-46-4
378	1099648-86-8
378	110602-77-2
378	110603-58-2
378	110603-60-6
378	110687-64-4
378	110781-06-1
378	110781-07-2
378	110781-08-3
378	110832-28-5
378	11105-04-7
378	11111-46-9
378	111242-84-3
378	111242-85-4
378	111419-46-6
378	111776-55-7
378	112050-17-6
378	112070-47-0
378	112148-64-8
378	112286-70-1
378	112286-91-6
378	112660-19-2
378	113015-80-8
378	113515-10-9
378	113553-75-6
378	113876-86-1
378	113919-96-3
378	113919-97-4
378	113919-98-5
378	113920-24-4
378	113959-74-3
378	114755-61-2
378	114756-91-1
378	114824-20-3
378	114966-14-2
378	115454-39-2
378	116327-09-4
378	116359-50-3
378	116359-51-4
378	116443-03-9
378	116678-39-8
378	116769-68-7
378	116769-69-8
378	116812-48-7
378	116812-72-7
378	117003-66-4
378	117067-25-1
378	117067-26-2
378	117067-27-3
378	117127-08-9
378	117166-17-3
378	117166-30-0
378	117166-31-1
378	117315-65-8
378	1174204-79-5
378	117746-50-6
378	117746-55-1
378	118670-41-0
378	118670-42-1
378	119172-58-6
378	119172-59-7
378	119172-60-0
378	119172-61-1
378	119172-62-2
378	119173-36-3
378	119354-96-0
378	119398-02-6
378	119536-09-3
378	119576-03-3
378	119829-06-0
378	119829-07-1
378	12002-03-8
378	12003-04-2
378	12005-69-5
378	12005-70-8
378	12005-75-3
378	12005-81-1
378	12005-82-2
378	12005-86-6
378	12005-88-8
378	12005-89-9
378	12005-92-4
378	12005-94-6
378	12005-95-7
378	12005-96-8
378	12005-99-1
378	12006-08-5
378	12006-10-9
378	12006-12-1
378	12006-21-2
378	12006-40-5
378	120306-39-0
378	120306-40-3
378	12044-16-5
378	12044-20-1
378	12044-21-2
378	12044-22-3
378	12044-25-6
378	12044-28-9
378	12044-30-3
378	12044-32-5
378	12044-49-4
378	12044-50-7
378	12044-52-9
378	12044-55-2
378	12044-79-0
378	120804-98-0
378	120804-99-1
378	122285-88-5
378	122326-17-4
378	12254-88-5
378	12254-95-4
378	12255-04-8
378	12255-08-2
378	12255-09-3
378	12255-39-9
378	12255-48-0
378	12255-50-4
378	12255-53-7
378	12255-89-9
378	12255-99-1
378	12256-32-5
378	122656-81-9
378	12271-72-6
378	12279-90-2
378	12344-68-2
378	12355-85-0
378	123627-64-5
378	12380-33-5
378	12393-61-2
378	12417-99-1
378	12445-06-6
378	124588-15-4
378	12505-63-4
378	12511-97-6
378	125484-17-5
378	125484-18-6
378	125687-68-5
378	12612-21-4
378	1263481-96-4
378	126603-81-4
378	127-85-5
378	127276-73-7
378	127276-74-8
378	127276-75-9
378	127276-76-0
378	127276-77-1
378	12774-48-0
378	12777-38-7
378	127795-79-3
378	128089-50-9
378	128515-50-4
378	128515-51-5
378	129618-34-4
378	130042-18-1
378	1303-00-0
378	1303-28-2
378	1303-32-8
378	1303-33-9
378	1303-34-0
378	1314087-58-5
378	1315336-31-2
378	132-33-2
378	1327-30-6
378	1327-52-2
378	1327-53-3
378	132826-04-1
378	132851-71-9
378	1332-10-1
378	1333-24-0
378	1333-25-1
378	133740-71-3
378	1343-96-0
378	1345-20-6
378	13453-15-1
378	13462-91-4
378	13462-93-6
378	13462-94-7
378	13464-35-2
378	13464-36-3
378	13464-37-4
378	13464-38-5
378	13464-39-6
378	13464-42-1
378	13464-43-2
378	13464-44-3
378	13464-58-9
378	13464-68-1
378	13466-06-3
378	13477-04-8
378	13478-14-3
378	13478-34-7
378	13510-31-1
378	13510-44-6
378	13510-46-8
378	13510-72-0
378	13510-94-6
378	135282-54-1
378	135282-55-2
378	1355049-91-0
378	135573-19-2
378	135573-20-5
378	135573-21-6
378	135988-79-3
378	136139-33-8
378	136254-80-3
378	136299-46-2
378	1363218-52-3
378	136575-46-7
378	136629-63-5
378	136654-91-6
378	136654-92-7
378	13702-38-0
378	137026-16-5
378	137575-12-3
378	137575-13-4
378	13768-07-5
378	13843-65-7
378	14060-38-9
378	142464-01-5
378	14304-78-0
378	1434046-67-9
378	1450620-86-6
378	14525-25-8
378	14644-70-3
378	146504-31-6
378	14687-61-7
378	14809-44-0
378	14809-45-1
378	15120-17-9
378	15122-58-4
378	15194-98-6
378	15195-00-3
378	15195-06-9
378	1535485-71-2
378	15422-59-0
378	15575-20-9
378	15755-33-6
378	15755-35-8
378	16102-92-4
378	1621613-53-3
378	164170-84-7
378	16509-22-1
378	16685-55-5
378	1685247-26-0
378	17029-22-0
378	17068-85-8
378	17068-86-9
378	1825302-06-4
378	187086-23-3
378	188947-55-9
378	1929572-29-1
378	1940140-03-3
378	1979138-53-8
378	199744-45-1
378	2009382-57-2
378	2071237-20-0
378	2089208-18-2
378	2092999-60-3
378	21093-83-4
378	21480-65-9
378	217972-77-5
378	2226341-09-7
378	2240157-94-0
378	2242959-68-6
378	22441-45-8
378	22538-92-7
378	22831-42-1
378	2294935-60-5
378	23302-47-8
378	23878-46-8
378	2428630-86-6
378	24719-13-9
378	2511147-66-1
378	27152-57-4
378	27526-45-0
378	28380-38-3
378	28980-48-5
378	29871-12-3
378	29871-13-4
378	29935-35-1
378	32680-29-8
378	32775-46-5
378	33382-64-8
378	35171-52-9
378	352030-72-9
378	36267-15-9
378	36465-76-6
378	37226-49-6
378	37263-29-9
378	37330-46-4
378	37337-11-4
378	37337-13-6
378	37382-15-3
378	385800-12-4
378	39277-51-5
378	39297-24-0
378	39310-41-3
378	39372-68-4
378	50288-23-8
378	51021-36-4
378	51957-41-6
378	52740-16-6
378	52911-56-5
378	55624-62-9
378	55957-14-7
378	56320-22-0
378	56450-43-2
378	56533-30-3
378	56626-06-3
378	56729-51-2
378	58076-82-7
378	59229-13-9
378	59400-80-5
378	60168-33-4
378	60189-99-3
378	60646-36-8
378	60909-47-9
378	60953-19-7
378	61219-26-9
378	61462-16-6
378	62702-52-7
378	63989-69-5
378	64973-06-4
378	65113-28-2
378	65313-32-8
378	65676-37-1
378	65997-18-4
378	67711-96-0
378	67712-00-9
378	68611-46-1
378	69012-20-0
378	69012-51-7
378	69029-70-5
378	69029-97-6
378	70333-07-2
378	72067-67-5
378	72845-34-2
378	73156-86-2
378	73728-19-5
378	7440-38-2
378	75348-31-1
378	7631-89-2
378	76407-89-1
378	7774-41-6
378	7778-39-4
378	7778-41-8
378	7778-43-0
378	7778-44-1
378	7784-08-9
378	7784-33-0
378	7784-34-1
378	7784-35-2
378	7784-36-3
378	7784-38-5
378	7784-41-0
378	7784-42-1
378	7784-44-3
378	7784-45-4
378	7784-46-5
378	7786-36-9
378	8011-67-4
378	8028-73-7
378	8028-74-8
378	817163-73-8
378	817163-85-2
378	84776-01-2
378	856307-43-2
378	856565-65-6
378	878891-76-0
378	888030-71-5
378	89067-81-2
378	900531-39-7
378	91053-48-4
378	91724-16-2
378	92062-13-0
378	92128-37-5
378	94278-22-5
378	94551-87-8
378	959925-10-1
378	97404-76-7
378	98106-56-0
378	P-91-1278
378	RR-00065-7
378	RR-00104-7
378	RR-00132-1
378	RR-00586-7
378	RR-00717-0
378	RR-00732-9
378	RR-00733-0
378	RR-00801-5
378	RR-01200-0
378	RR-01275-9
378	RR-01292-0
378	RR-01513-4
378	RR-01913-6
378	RR-02086-0
378	RR-03689-5
378	RR-07194-3
378	RR-10012-9
378	RR-10387-7
378	RR-10388-8
378	RR-10463-2
378	RR-11147-7
378	RR-11148-8
378	RR-12442-5
378	RR-12446-9
378	RR-12618-1
378	RR-12622-7
378	RR-12626-1
378	RR-13297-8
378	RR-14263-2
378	RR-17668-1
378	RR-19628-1
378	RR-209165-8
378	RR-42176-1
378	RR-42178-3
378	RR-42180-7
378	RR-42236-6
378	RR-42793-0
378	RR-43729-6
378	RR-46599-6
378	UN1546
378	UN1553
378	UN1554
378	UN1555
378	UN1558
378	UN1559
378	UN1560
378	UN1561
378	UN1562
378	UN1573
378	UN1586
378	UN1606
378	UN1607
378	UN1608
378	UN1622
378	UN1678
378	UN1683
378	UN1685
378	UN1686
378	UN1691
378	UN2027
378	UN2188
393	106-99-0
393	1213224-27-1
393	130983-70-9
393	183592-61-2
428	75-26-3
444	10039-31-3
444	10210-64-7
444	1111-71-3
444	11133-98-5
444	12009-99-3
444	12010-12-7
444	12069-36-2
444	12161-82-9
444	12228-40-9
444	12232-67-6
444	12291-87-1
444	12428-23-8
444	12429-94-6
444	12536-51-5
444	12536-52-6
444	125466-18-4
444	1268721-56-7
444	12770-50-2
444	1302-52-9
444	1304-49-0
444	1304-54-7
444	1304-56-9
444	13106-47-3
444	1318-19-0
444	1319-43-3
444	1332-52-1
444	13327-32-7
444	13466-27-8
444	13510-48-0
444	13510-49-1
444	13597-95-0
444	13597-99-4
444	13598-00-0
444	13598-15-7
444	13598-22-6
444	13598-26-0
444	13814-50-1
444	13871-27-7
444	13874-36-7
444	13966-02-4
444	14215-00-0
444	14390-89-7
444	14874-86-3
444	148896-39-3
444	14902-95-5
444	15191-85-2
444	15339-40-9
444	15499-68-0
444	15721-33-2
444	16166-89-5
444	16923-64-1
444	17440-85-6
444	183480-25-3
444	1837-99-6
444	18983-72-7
444	19049-40-2
444	19181-26-1
444	204847-07-4
444	20768-68-7
444	22537-20-8
444	2399-81-7
444	25638-88-4
444	278600-28-5
444	30374-53-9
444	30913-98-5
444	3173-18-0
444	35089-00-0
444	37227-61-5
444	39413-47-3
444	506-63-8
444	506-66-1
444	53514-39-9
444	53684-48-3
444	542-63-2
444	543-81-7
444	57620-29-8
444	58127-61-0
444	58500-38-2
444	608529-54-0
444	61279-73-0
444	61279-74-1
444	61279-75-2
444	61279-76-3
444	63915-76-4
444	63990-88-5
444	64059-26-3
444	66104-24-3
444	7440-41-7
444	756857-80-4
444	7787-46-4
444	7787-47-5
444	7787-50-0
444	7787-52-2
444	7787-53-3
444	7787-54-4
444	7787-55-5
444	7787-56-6
444	97330-34-2
444	RR-00557-2
444	RR-04797-2
444	RR-100836-2
444	RR-100837-3
444	RR-100838-4
444	RR-100839-5
444	RR-122532-7
444	RR-145860-2
444	RR-55480-3
444	RR-56351-9
444	UN1566
444	UN1567
444	UN2464
448	98-07-7
448	UN2226
452	1053658-43-7
452	1076-43-3
452	1173023-23-8
452	174973-66-1
452	54682-86-9
452	71-43-2
452	UN1114
457	101802-54-4
457	1135443-67-2
457	39390-77-7
457	87-86-5
457	UN3155
459	108145-39-7
459	109328-45-2
459	109328-46-3
459	11064-17-8
459	11096-82-5
459	11097-69-1
459	11100-14-4
459	11104-28-2
459	11104-29-3
459	111276-74-5
459	111276-75-6
459	111276-76-7
459	111276-77-8
459	111276-78-9
459	111276-79-0
459	111276-80-3
459	111276-81-4
459	111276-82-5
459	111276-83-6
459	11141-16-5
459	12672-29-6
459	12674-11-2
459	12737-87-0
459	13029-08-8
459	1336-36-3
459	151262-31-6
459	151262-32-7
459	151262-34-9
459	151262-35-0
459	153153-43-6
459	153153-44-7
459	153153-45-8
459	153153-46-9
459	153153-47-0
459	153153-48-1
459	153153-49-2
459	153153-50-5
459	15862-07-4
459	159000-96-1
459	159000-97-2
459	15968-05-5
459	16605-91-7
459	16606-02-3
459	176914-46-8
459	176914-47-9
459	176914-48-0
459	176914-49-1
459	177020-15-4
459	177020-16-5
459	179678-26-3
459	179678-27-4
459	179678-28-5
459	179678-29-6
459	179678-30-9
459	179678-31-0
459	179678-32-1
459	179678-33-2
459	18259-05-7
459	2050-67-1
459	2050-68-2
459	2051-24-3
459	2051-60-7
459	2051-61-8
459	2051-62-9
459	205991-67-9
459	205991-68-0
459	205991-69-1
459	205991-70-4
459	207004-27-1
459	207004-28-2
459	207004-29-3
459	207004-30-6
459	207004-31-7
459	207004-32-8
459	207004-33-9
459	207004-34-0
459	207004-35-1
459	207004-36-2
459	2136-99-4
459	228420-06-2
459	228420-07-3
459	2437-79-8
459	25323-68-6
459	25429-29-2
459	25512-42-9
459	25569-80-6
459	262371-35-7
459	26601-64-9
459	26914-33-0
459	27323-18-8
459	27417-48-7
459	28655-71-2
459	2974-90-5
459	2974-92-7
459	30605-61-9
459	31472-83-0
459	31508-00-6
459	32598-10-0
459	32598-11-1
459	32598-12-2
459	32598-13-3
459	32598-14-4
459	32690-93-0
459	32774-16-6
459	33025-41-1
459	33039-81-5
459	33091-17-7
459	33146-45-1
459	33284-50-3
459	33284-52-5
459	33284-53-6
459	33284-54-7
459	33979-03-2
459	34883-39-1
459	34883-41-5
459	34883-43-7
459	35065-27-1
459	35065-28-2
459	35065-29-3
459	35065-30-6
459	35693-92-6
459	35693-99-3
459	35694-04-3
459	35694-06-5
459	35694-08-7
459	36559-22-5
459	37317-41-2
459	37324-23-5
459	37353-63-2
459	37680-65-2
459	37680-66-3
459	37680-68-5
459	37680-69-6
459	37680-73-2
459	38379-99-6
459	38380-01-7
459	38380-02-8
459	38380-03-9
459	38380-04-0
459	38380-05-1
459	38380-07-3
459	38380-08-4
459	38411-22-2
459	38411-25-5
459	38444-73-4
459	38444-76-7
459	38444-77-8
459	38444-78-9
459	38444-81-4
459	38444-84-7
459	38444-85-8
459	38444-86-9
459	38444-87-0
459	38444-88-1
459	38444-90-5
459	38444-93-8
459	39485-83-1
459	39635-31-9
459	39635-32-0
459	39635-33-1
459	39635-34-2
459	39635-35-3
459	40186-70-7
459	40186-71-8
459	40186-72-9
459	41411-61-4
459	41411-62-5
459	41411-63-6
459	41411-64-7
459	41464-39-5
459	41464-40-8
459	41464-41-9
459	41464-42-0
459	41464-43-1
459	41464-46-4
459	41464-47-5
459	41464-48-6
459	41464-49-7
459	41464-51-1
459	42740-50-1
459	51908-16-8
459	52663-58-8
459	52663-59-9
459	52663-60-2
459	52663-61-3
459	52663-62-4
459	52663-63-5
459	52663-64-6
459	52663-65-7
459	52663-66-8
459	52663-67-9
459	52663-68-0
459	52663-69-1
459	52663-70-4
459	52663-71-5
459	52663-72-6
459	52663-73-7
459	52663-74-8
459	52663-75-9
459	52663-76-0
459	52663-77-1
459	52663-78-2
459	52663-79-3
459	52704-70-8
459	52712-04-6
459	52712-05-7
459	52744-13-5
459	53469-21-9
459	53555-66-1
459	53742-07-7
459	54230-22-7
459	55215-17-3
459	55215-18-4
459	55312-69-1
459	55684-91-8
459	55702-45-9
459	55702-46-0
459	55712-37-3
459	55720-44-0
459	55722-26-4
459	56030-56-9
459	56558-16-8
459	56558-17-9
459	56558-18-0
459	57465-28-8
459	59291-64-4
459	59291-65-5
459	60145-20-2
459	60145-21-3
459	60145-22-4
459	60145-23-5
459	60233-24-1
459	60233-25-2
459	61798-70-7
459	62461-62-5
459	62796-65-0
459	64427-28-7
459	65510-44-3
459	65510-45-4
459	68194-04-7
459	68194-05-8
459	68194-06-9
459	68194-07-0
459	68194-08-1
459	68194-09-2
459	68194-10-5
459	68194-11-6
459	68194-12-7
459	68194-13-8
459	68194-14-9
459	68194-15-0
459	68194-16-1
459	68194-17-2
459	69782-90-7
459	69782-91-8
459	7012-37-5
459	70362-41-3
459	70362-45-7
459	70362-46-8
459	70362-47-9
459	70362-48-0
459	70362-49-1
459	70362-50-4
459	70424-67-8
459	70424-68-9
459	70424-69-0
459	70424-70-3
459	73575-52-7
459	73575-53-8
459	73575-54-9
459	73575-55-0
459	73575-56-1
459	73575-57-2
459	74338-23-1
459	74338-24-2
459	74472-33-6
459	74472-34-7
459	74472-35-8
459	74472-36-9
459	74472-37-0
459	74472-38-1
459	74472-39-2
459	74472-40-5
459	74472-41-6
459	74472-42-7
459	74472-43-8
459	74472-44-9
459	74472-45-0
459	74472-46-1
459	74472-47-2
459	74472-48-3
459	74472-49-4
459	74472-50-7
459	74472-51-8
459	74472-52-9
459	74472-53-0
459	74487-85-7
459	76842-07-4
459	80333-65-9
459	89000-29-3
459	94487-00-0
459	97122-18-4
459	97122-20-8
459	99554-08-2
459	99554-09-3
459	99554-10-6
459	99554-11-7
459	99554-12-8
459	99554-13-9
459	UN2315
459	UN3432
464	1053659-79-2
464	112068-71-0
464	1156543-56-4
464	1158237-02-5
464	1227476-28-9
464	1416946-65-0
464	1609158-91-9
464	1664-98-8
464	50-00-0
464	8005-38-7
464	8006-07-3
464	8013-13-6
51	12001-28-4
51	12001-29-5
51	12172-67-7
51	12172-73-5
51	12413-24-0
51	12413-45-5
51	12426-98-1
51	132207-32-0
51	132207-33-1
51	132207-34-2
51	132207-35-3
51	1332-21-4
51	13768-00-8
51	14567-73-8
51	17068-78-9
51	329202-13-3
51	37229-03-1
51	53799-45-4
51	53799-46-5
51	57456-46-9
51	60649-53-8
51	61076-97-9
51	61105-31-5
51	61180-72-1
51	65452-00-8
51	77536-66-4
51	77536-67-5
51	77536-68-6
51	77641-59-9
51	NA2212
51	UN2212
51	UN2590
75	142175-32-4
75	184288-32-2
75	19034-08-3
75	37341-05-2
75	436859-78-8
75	75-21-8
75	99932-75-9
75	UN1040
99	10022-68-1
99	100402-53-7
99	10060-09-0
99	100656-55-1
99	101012-89-9
99	101012-93-5
99	101012-94-6
99	10108-64-2
99	10124-36-4
99	101356-99-4
99	101357-00-0
99	101357-01-1
99	101357-02-2
99	101357-03-3
99	101357-04-4
99	10163-13-0
99	10196-67-5
99	102110-30-5
99	102184-95-2
99	10325-94-7
99	10326-28-0
99	1043877-50-4
99	10468-30-1
99	104698-09-1
99	10471-46-2
99	104907-96-2
99	105034-60-4
99	106070-27-3
99	106097-46-5
99	106218-86-4
99	106389-75-7
99	106496-20-2
99	106520-07-4
99	106603-47-8
99	1067-32-9
99	108706-30-5
99	108706-31-6
99	11091-69-3
99	11112-63-3
99	11113-51-2
99	11129-14-9
99	113128-07-7
99	116086-43-2
99	116391-72-1
99	116854-17-2
99	116920-59-3
99	117912-89-7
99	117912-90-0
99	117912-91-1
99	1191-79-3
99	119222-01-4
99	12001-20-6
99	12006-15-4
99	12014-14-1
99	12014-28-7
99	12014-33-4
99	12139-22-9
99	12139-23-0
99	12157-51-6
99	12185-56-7
99	12185-64-7
99	12187-14-3
99	12213-70-6
99	12214-12-9
99	1224515-43-8
99	12292-07-8
99	12380-95-9
99	12400-33-8
99	12442-27-2
99	125687-98-1
99	12626-36-7
99	12656-57-4
99	12685-29-9
99	12794-87-5
99	1306-13-4
99	1306-19-0
99	1306-23-6
99	1306-24-7
99	1306-25-8
99	130917-47-4
99	132295-56-8
99	132295-57-9
99	1345-09-1
99	1345-10-4
99	13464-92-1
99	13477-17-3
99	13477-19-5
99	13477-20-8
99	13477-21-9
99	13477-22-0
99	13477-23-1
99	135742-32-4
99	13589-17-8
99	13601-63-3
99	136543-49-2
99	136543-50-5
99	136543-51-6
99	13701-66-1
99	13755-33-4
99	13760-37-7
99	13814-62-5
99	13832-25-2
99	13847-17-1
99	13890-84-1
99	13966-86-4
99	13972-68-4
99	14010-06-1
99	14017-36-8
99	14067-62-0
99	141-00-4
99	14109-32-1
99	14177-24-3
99	14184-47-5
99	1421233-56-8
99	14215-29-3
99	14239-68-0
99	14336-66-4
99	14336-68-6
99	1436666-97-5
99	143983-90-8
99	14402-75-6
99	1441148-55-5
99	14429-85-7
99	1448522-72-2
99	14486-19-2
99	14518-94-6
99	14520-70-8
99	14566-86-0
99	14689-45-3
99	14709-52-5
99	14874-24-9
99	14923-81-0
99	14949-59-8
99	14949-60-1
99	15139-70-5
99	15244-35-6
99	15276-40-1
99	15337-60-7
99	15600-62-1
99	15630-39-4
99	15682-87-8
99	15708-29-9
99	15743-19-8
99	16039-55-7
99	16056-72-7
99	16105-06-9
99	1623456-05-2
99	163961-08-8
99	1645316-98-8
99	16593-57-0
99	167077-85-2
99	16986-83-7
99	17010-21-8
99	17033-07-7
99	170904-52-6
99	17329-48-5
99	1773514-66-1
99	1773514-92-3
99	18532-52-0
99	18532-58-6
99	18897-36-4
99	18974-20-4
99	18991-05-4
99	19010-65-2
99	19010-79-8
99	19262-93-2
99	1926976-90-0
99	19651-91-3
99	20571-45-3
99	20648-91-3
99	2087110-63-0
99	21041-95-2
99	210909-42-5
99	21107-68-6
99	21150-88-9
99	21328-74-5
99	2134593-22-7
99	21360-94-1
99	2162973-80-8
99	2191-10-8
99	2196169-62-5
99	2223-93-0
99	22465-18-5
99	22537-48-0
99	22750-53-4
99	22750-54-5
99	23100-72-3
99	2368220-22-6
99	2408-86-8
99	2409671-03-8
99	2412416-26-1
99	2420-97-5
99	2420-98-6
99	24345-60-6
99	2440134-99-4
99	24558-49-4
99	245727-62-2
99	2485700-58-9
99	2490500-45-1
99	25047-80-7
99	25685-75-0
99	26006-65-5
99	26006-69-9
99	2605-44-9
99	26264-48-2
99	2641128-84-7
99	2724228-22-0
99	27476-27-3
99	2749963-13-9
99	28038-18-8
99	28038-25-7
99	28041-77-2
99	28302-54-7
99	2847-16-7
99	28825-30-1
99	29398-76-3
99	29736-89-8
99	2984549-53-1
99	29870-72-2
99	2996841-70-2
99	29977-13-7
99	3026-22-0
99	30304-32-6
99	303114-50-3
99	30363-28-1
99	30623-04-2
99	307531-70-0
99	30905-38-5
99	309242-71-5
99	31119-53-6
99	31215-94-8
99	32593-99-0
99	34100-40-8
99	34303-23-6
99	34330-64-8
99	34345-39-6
99	34410-88-3
99	35658-65-2
99	35803-35-1
99	36211-44-6
99	36931-18-7
99	37131-86-5
99	37364-06-0
99	378253-44-2
99	378253-45-3
99	378253-46-4
99	38386-25-3
99	38517-19-0
99	40226-10-6
99	405884-26-6
99	41113-59-1
99	4167-05-9
99	43147-23-5
99	4390-97-0
99	4464-23-7
99	4476-04-4
99	4696-59-7
99	49707-39-3
99	49784-42-1
99	49784-44-3
99	506-82-1
99	50648-02-7
99	5112-16-3
99	51222-60-7
99	513-78-0
99	52037-44-2
99	52094-42-5
99	52309-75-8
99	52337-78-7
99	53168-83-5
99	53168-85-7
99	53846-34-7
99	542-83-6
99	543-90-8
99	55060-82-7
99	55425-74-6
99	55700-14-6
99	56982-42-4
99	5743-04-4
99	58339-34-7
99	592-02-9
99	59223-35-7
99	61129-40-6
99	61789-34-2
99	61951-96-0
99	62149-56-8
99	62642-07-3
99	62865-26-3
99	62930-81-8
99	63400-09-9
99	6427-86-7
99	64681-08-9
99	654054-66-7
99	67906-19-8
99	67939-62-2
99	67989-93-9
99	68092-45-5
99	68131-58-8
99	68131-59-9
99	68214-25-5
99	68309-98-8
99	68409-82-5
99	68441-39-4
99	68478-53-5
99	68479-13-0
99	68512-49-2
99	68512-50-5
99	68512-51-6
99	68583-43-7
99	68583-44-8
99	68583-45-9
99	68584-41-8
99	68584-42-9
99	68784-10-1
99	68784-55-4
99	68784-58-7
99	68855-80-1
99	68859-25-6
99	68876-84-6
99	68876-90-4
99	68876-98-2
99	68876-99-3
99	68877-00-9
99	68877-01-0
99	68953-39-9
99	68954-18-7
99	68956-81-0
99	68966-97-2
99	69011-66-1
99	69011-67-2
99	69011-69-4
99	69011-70-7
99	69012-21-1
99	69012-44-8
99	69012-57-3
99	69012-63-1
99	69012-67-5
99	69029-63-6
99	69029-77-2
99	69029-89-6
99	69029-90-9
99	69029-91-0
99	69121-20-6
99	69190-99-4
99	695161-38-7
99	70084-75-2
99	70206-08-5
99	7058-55-1
99	71231-59-9
99	71243-75-9
99	71411-66-0
99	71436-99-2
99	71599-06-9
99	71861-27-3
99	72172-64-6
99	72275-93-5
99	72589-96-9
99	72828-62-7
99	72869-26-2
99	72869-63-7
99	72968-34-4
99	7346-68-1
99	73941-35-2
99	74178-35-1
99	74231-61-1
99	74278-22-1
99	7440-43-9
99	7487-41-4
99	7495-93-4
99	7544-40-3
99	7568-37-8
99	76093-98-6
99	76835-97-7
99	76871-66-4
99	77289-75-9
99	7789-42-6
99	7790-78-5
99	7790-79-6
99	7790-80-9
99	7790-81-0
99	7790-82-1
99	7790-83-2
99	7790-84-3
99	7790-85-4
99	79490-00-9
99	79990-52-6
99	8048-07-5
99	814-88-0
99	84696-56-0
99	84878-36-4
99	84878-37-5
99	84878-48-8
99	84878-51-3
99	84953-43-5
99	85117-02-8
99	85117-20-0
99	85586-15-8
99	85688-00-2
99	85958-86-7
99	85994-31-6
99	865-38-3
99	87534-89-2
99	87835-30-1
99	89759-80-8
99	90194-35-7
99	90218-85-2
99	90342-19-1
99	90411-62-4
99	90529-78-5
99	905982-64-1
99	90604-89-0
99	90604-90-3
99	91053-44-0
99	91697-35-7
99	92257-06-2
99	92704-12-6
99	92704-15-9
99	92704-19-3
99	92704-24-0
99	92797-28-9
99	93367-04-5
99	93686-40-9
99	93820-02-1
99	93858-50-5
99	93894-07-6
99	93894-08-7
99	93894-09-8
99	93894-10-1
99	93965-24-3
99	93965-30-1
99	93983-65-4
99	94232-49-2
99	94247-16-2
99	94275-93-1
99	94275-94-2
99	94551-70-9
99	94551-79-8
99	94551-80-1
99	95892-12-9
99	97259-82-0
99	99587-10-7
99	99749-34-5
99	P-15-0059
99	RR-00559-4
99	RR-01638-6
99	RR-01915-8
99	RR-04012-0
99	RR-06942-1
99	RR-10389-9
99	RR-11151-3
99	RR-11152-4
99	RR-13216-1
99	RR-14283-6
99	RR-145869-1
99	RR-17718-4
99	RR-41296-4
99	RR-42177-2
99	RR-42183-0
99	RR-42805-7
99	RR-56254-9
99	RR-64385-6
99	RR-93912-8
99	UN2570
