2-01	1198293-68-3
2-01	122775-19-3
2-01	79-06-1
2-01	UN2074
2-02	1006710-56-0
2-02	107-13-1
2-02	1197872-06-2
2-02	1221168-60-0
2-02	1309882-90-3
2-02	29754-21-0
2-02	63908-52-1
2-02	769126-92-3
2-02	769134-66-9
2-02	UN1093
2-03	107-26-6
2-03	107-27-7
2-03	108-07-6
2-03	109-62-6
2-03	11004-81-2
2-03	113170-85-7
2-03	115-09-3
2-03	1184-57-2
2-03	12542-90-4
2-03	130995-49-2
2-03	143-36-2
2-03	148-61-8
2-03	2141-27-7
2-03	2235-25-8
2-03	22967-92-6
2-03	23065-35-2
2-03	2440-42-8
2-03	2440-45-1
2-03	25948-50-9
2-03	2597-97-9
2-03	26535-94-4
2-03	28519-24-6
2-03	29138-86-1
2-03	32787-44-3
2-03	3626-13-9
2-03	362653-08-5
2-03	3810-81-9
2-03	502-39-6
2-03	506-83-2
2-03	517-16-8
2-03	54-64-8
2-03	5902-76-1
2-03	5903-10-6
2-03	593-74-8
2-03	5964-24-9
2-03	627-44-1
2-03	77536-61-9
2-03	8030-32-8
2-03	8030-33-9
2-03	86-85-1
2-03	878791-13-0
2-03	RR-01858-6
2-03	RR-55891-8
2-03	UN1244
2-03-2	10025-82-8
2-03-2	102091-56-5
2-03-2	106070-25-1
2-03-2	12010-46-7
2-03-2	12010-47-8
2-03-2	12018-94-9
2-03-2	12018-95-0
2-03-2	12018-96-1
2-03-2	12030-14-7
2-03-2	12030-24-9
2-03-2	12056-07-4
2-03-2	12125-53-0
2-03-2	12136-26-4
2-03-2	12148-78-6
2-03-2	12167-90-7
2-03-2	1239902-45-4
2-03-2	12672-70-7
2-03-2	12672-71-8
2-03-2	13074-68-5
2-03-2	1312-41-0
2-03-2	1312-43-2
2-03-2	1312-45-4
2-03-2	1315508-87-2
2-03-2	1338813-59-4
2-03-2	13464-82-9
2-03-2	13465-09-3
2-03-2	13465-10-6
2-03-2	13465-14-0
2-03-2	13510-35-5
2-03-2	1352828-70-6
2-03-2	13529-74-3
2-03-2	13709-93-8
2-03-2	13770-61-1
2-03-2	13779-78-7
2-03-2	13966-94-4
2-03-2	14166-78-0
2-03-2	14280-53-6
2-03-2	143983-91-9
2-03-2	14405-45-9
2-03-2	14834-18-5
2-03-2	15078-72-5
2-03-2	16731-79-6
2-03-2	19567-64-7
2-03-2	20471-73-2
2-03-2	20661-21-6
2-03-2	22398-80-7
2-03-2	22519-64-8
2-03-2	244274-11-1
2-03-2	25114-58-3
2-03-2	25617-98-5
2-03-2	26209-91-6
2-03-2	27765-48-6
2-03-2	3385-78-2
2-03-2	37257-75-3
2-03-2	37362-82-6
2-03-2	378789-47-0
2-03-2	4194-69-8
2-03-2	50800-85-6
2-03-2	50814-97-6
2-03-2	50926-11-9
2-03-2	51341-34-5
2-03-2	52350-34-2
2-03-2	55326-87-9
2-03-2	56094-49-6
2-03-2	56668-68-9
2-03-2	57344-73-7
2-03-2	59392-50-6
2-03-2	60459-04-3
2-03-2	60662-14-8
2-03-2	60815-94-3
2-03-2	66027-93-8
2-03-2	66027-94-9
2-03-2	67816-06-2
2-03-2	67906-11-0
2-03-2	68310-35-0
2-03-2	68611-66-5
2-03-2	69029-56-7
2-03-2	69029-64-7
2-03-2	69375-27-5
2-03-2	71011-07-9
2-03-2	71243-84-0
2-03-2	71630-92-7
2-03-2	71747-80-3
2-03-2	76129-48-1
2-03-2	7783-52-0
2-03-2	84012-59-9
2-03-2	85307-36-4
2-03-2	87224-89-3
2-03-2	87224-90-6
2-03-2	90412-06-9
2-03-2	91078-80-7
2-03-2	91771-29-8
2-03-2	92274-82-3
2-03-2	923-34-2
2-03-2	94113-54-9
2-03-2	94233-20-2
2-03-2	94236-82-5
2-03-2	94236-83-6
2-03-2	94265-92-6
2-03-2	RR-00600-8
2-03-2	RR-04097-1
2-03-2	RR-145905-8
2-04	151-56-4
2-04	99932-76-0
2-04	UN1185
2-05	142175-32-4
2-05	184288-32-2
2-05	19034-08-3
2-05	37341-05-2
2-05	436859-78-8
2-05	75-21-8
2-05	99932-75-9
2-05	UN1040
2-06	1187028-37-0
2-06	75-01-4
2-06	UN1086
2-07	13981-43-6
2-07	14158-34-0
2-07	15585-26-9
2-07	7782-50-5
2-07	UN1017
2-08	105913-60-8
2-08	12237-78-4
2-08	2465-27-2
2-08	492-80-8
2-08-2	106-49-0
2-08-2	108-44-1
2-08-2	25640-74-8
2-08-2	26915-12-8
2-08-2	95-53-4
2-08-2	UN1708
2-08-2	UN3451
2-09	91-15-6
2-10	10022-68-1
2-10	100402-53-7
2-10	10060-09-0
2-10	100656-55-1
2-10	101012-89-9
2-10	101012-93-5
2-10	101012-94-6
2-10	10108-64-2
2-10	10124-36-4
2-10	101356-99-4
2-10	101357-00-0
2-10	101357-01-1
2-10	101357-02-2
2-10	101357-03-3
2-10	101357-04-4
2-10	10163-13-0
2-10	10196-67-5
2-10	102110-30-5
2-10	102184-95-2
2-10	10325-94-7
2-10	10326-28-0
2-10	1043877-50-4
2-10	10468-30-1
2-10	104698-09-1
2-10	10471-46-2
2-10	104907-96-2
2-10	105034-60-4
2-10	106070-27-3
2-10	106097-46-5
2-10	106218-86-4
2-10	106389-75-7
2-10	106496-20-2
2-10	106520-07-4
2-10	106603-47-8
2-10	1067-32-9
2-10	108706-30-5
2-10	108706-31-6
2-10	11091-69-3
2-10	11112-63-3
2-10	11113-51-2
2-10	11129-14-9
2-10	113128-07-7
2-10	116086-43-2
2-10	116391-72-1
2-10	116854-17-2
2-10	116920-59-3
2-10	117912-89-7
2-10	117912-90-0
2-10	117912-91-1
2-10	1191-79-3
2-10	119222-01-4
2-10	12001-20-6
2-10	12014-14-1
2-10	12014-28-7
2-10	12014-29-8
2-10	12014-33-4
2-10	12139-22-9
2-10	12139-23-0
2-10	12185-56-7
2-10	12185-64-7
2-10	12187-14-3
2-10	12213-70-6
2-10	12214-12-9
2-10	1224515-43-8
2-10	12292-07-8
2-10	12380-95-9
2-10	12400-33-8
2-10	12442-27-2
2-10	125687-98-1
2-10	12626-36-7
2-10	12656-57-4
2-10	12685-29-9
2-10	1306-13-4
2-10	1306-19-0
2-10	1306-23-6
2-10	1306-24-7
2-10	1306-25-8
2-10	131500-00-0
2-10	132295-56-8
2-10	132295-57-9
2-10	1345-09-1
2-10	1345-10-4
2-10	13464-92-1
2-10	13477-17-3
2-10	13477-19-5
2-10	13477-20-8
2-10	13477-21-9
2-10	13477-22-0
2-10	13477-23-1
2-10	135742-32-4
2-10	13589-17-8
2-10	13601-63-3
2-10	136543-49-2
2-10	136543-50-5
2-10	136543-51-6
2-10	13701-66-1
2-10	13755-33-4
2-10	13760-37-7
2-10	13814-59-0
2-10	13814-62-5
2-10	13832-25-2
2-10	13847-17-1
2-10	13890-84-1
2-10	13966-86-4
2-10	13972-68-4
2-10	14010-06-1
2-10	14017-36-8
2-10	14067-62-0
2-10	141-00-4
2-10	14109-32-1
2-10	14177-24-3
2-10	14184-47-5
2-10	14215-29-3
2-10	14239-68-0
2-10	14312-00-6
2-10	14336-66-4
2-10	14336-68-6
2-10	1436666-97-5
2-10	143983-90-8
2-10	14402-75-6
2-10	1441148-55-5
2-10	14429-85-7
2-10	1448522-72-2
2-10	14486-19-2
2-10	14518-94-6
2-10	14520-70-8
2-10	14566-86-0
2-10	14689-45-3
2-10	14709-52-5
2-10	14874-24-9
2-10	14923-81-0
2-10	14949-59-8
2-10	14949-60-1
2-10	15139-70-5
2-10	15244-35-6
2-10	15276-40-1
2-10	15337-60-7
2-10	15600-62-1
2-10	15630-39-4
2-10	15682-87-8
2-10	15708-29-9
2-10	15743-19-8
2-10	15851-44-2
2-10	15852-14-9
2-10	16039-55-7
2-10	16056-72-7
2-10	16105-06-9
2-10	1623456-05-2
2-10	163961-08-8
2-10	1645316-98-8
2-10	16593-57-0
2-10	167077-85-2
2-10	16986-83-7
2-10	17010-21-8
2-10	17033-07-7
2-10	17329-48-5
2-10	1773514-66-1
2-10	1773514-92-3
2-10	18532-52-0
2-10	18532-58-6
2-10	18897-36-4
2-10	18974-20-4
2-10	18991-05-4
2-10	19010-65-2
2-10	19010-79-8
2-10	19262-93-2
2-10	1926976-90-0
2-10	19651-91-3
2-10	20571-45-3
2-10	20648-91-3
2-10	2087110-63-0
2-10	21041-95-2
2-10	210909-42-5
2-10	21150-88-9
2-10	21328-74-5
2-10	2134593-22-7
2-10	21360-94-1
2-10	2191-10-8
2-10	2196169-62-5
2-10	2223-93-0
2-10	22465-18-5
2-10	22537-48-0
2-10	22750-53-4
2-10	22750-54-5
2-10	23100-72-3
2-10	2408-86-8
2-10	2412416-26-1
2-10	2420-97-5
2-10	2420-98-6
2-10	24345-60-6
2-10	24558-49-4
2-10	245727-62-2
2-10	2485700-58-9
2-10	2490500-45-1
2-10	25685-75-0
2-10	26006-65-5
2-10	26006-69-9
2-10	2605-44-9
2-10	26264-48-2
2-10	2641128-84-7
2-10	2724228-22-0
2-10	27476-27-3
2-10	2749963-13-9
2-10	28038-18-8
2-10	28038-25-7
2-10	28041-77-2
2-10	28302-54-7
2-10	2847-16-7
2-10	28825-30-1
2-10	29398-76-3
2-10	29736-89-8
2-10	2984549-53-1
2-10	29870-72-2
2-10	2996841-70-2
2-10	29977-13-7
2-10	3026-22-0
2-10	30304-32-6
2-10	303114-50-3
2-10	30363-28-1
2-10	30623-04-2
2-10	307531-70-0
2-10	30905-38-5
2-10	309242-71-5
2-10	31017-44-4
2-10	31119-53-6
2-10	31215-94-8
2-10	32593-99-0
2-10	34100-40-8
2-10	34303-23-6
2-10	34330-64-8
2-10	34345-39-6
2-10	34410-88-3
2-10	35658-65-2
2-10	35803-35-1
2-10	36211-44-6
2-10	36931-18-7
2-10	37131-86-5
2-10	37364-06-0
2-10	378253-44-2
2-10	378253-45-3
2-10	378253-46-4
2-10	38386-25-3
2-10	38517-19-0
2-10	405884-26-6
2-10	41113-59-1
2-10	4167-05-9
2-10	4390-97-0
2-10	4464-23-7
2-10	4476-04-4
2-10	4696-59-7
2-10	49707-39-3
2-10	49784-42-1
2-10	49784-44-3
2-10	506-82-1
2-10	50648-02-7
2-10	5112-16-3
2-10	51222-60-7
2-10	513-78-0
2-10	52037-44-2
2-10	52337-78-7
2-10	53168-83-5
2-10	53168-85-7
2-10	53846-34-7
2-10	542-83-6
2-10	543-90-8
2-10	55060-82-7
2-10	55425-74-6
2-10	55700-14-6
2-10	56982-42-4
2-10	5743-04-4
2-10	58339-34-7
2-10	592-02-9
2-10	59223-35-7
2-10	61129-40-6
2-10	61789-34-2
2-10	61951-96-0
2-10	62149-56-8
2-10	62642-07-3
2-10	62865-26-3
2-10	62930-81-8
2-10	63400-09-9
2-10	6427-86-7
2-10	64681-08-9
2-10	654054-66-7
2-10	65997-18-4
2-10	67906-19-8
2-10	67939-62-2
2-10	67989-93-9
2-10	68092-45-5
2-10	68131-58-8
2-10	68131-59-9
2-10	68214-25-5
2-10	68309-98-8
2-10	68332-81-0
2-10	68409-82-5
2-10	68441-39-4
2-10	68478-53-5
2-10	68479-13-0
2-10	68512-49-2
2-10	68512-50-5
2-10	68512-51-6
2-10	68583-43-7
2-10	68583-44-8
2-10	68583-45-9
2-10	68584-41-8
2-10	68584-42-9
2-10	68784-10-1
2-10	68784-55-4
2-10	68784-58-7
2-10	68855-80-1
2-10	68859-25-6
2-10	68876-84-6
2-10	68876-90-4
2-10	68876-98-2
2-10	68876-99-3
2-10	68877-00-9
2-10	68877-01-0
2-10	68891-87-2
2-10	68953-39-9
2-10	68954-18-7
2-10	68956-81-0
2-10	68966-97-2
2-10	69011-66-1
2-10	69011-67-2
2-10	69011-69-4
2-10	69011-70-7
2-10	69012-21-1
2-10	69012-44-8
2-10	69012-51-7
2-10	69012-57-3
2-10	69012-63-1
2-10	69012-67-5
2-10	69029-48-7
2-10	69029-49-8
2-10	69029-63-6
2-10	69029-69-2
2-10	69029-70-5
2-10	69029-77-2
2-10	69029-78-3
2-10	69029-81-8
2-10	69029-89-6
2-10	69029-90-9
2-10	69029-91-0
2-10	69029-92-1
2-10	69029-95-4
2-10	69029-96-5
2-10	69121-20-6
2-10	69190-99-4
2-10	695161-38-7
2-10	70084-75-2
2-10	70206-08-5
2-10	7058-55-1
2-10	71231-59-9
2-10	71243-75-9
2-10	71411-66-0
2-10	71436-99-2
2-10	71599-06-9
2-10	71861-27-3
2-10	72172-64-6
2-10	72275-93-5
2-10	72589-96-9
2-10	72828-62-7
2-10	72869-26-2
2-10	72869-63-7
2-10	72968-34-4
2-10	7346-68-1
2-10	73941-35-2
2-10	74178-35-1
2-10	74231-61-1
2-10	74278-22-1
2-10	7440-43-9
2-10	7495-93-4
2-10	7544-40-3
2-10	7568-37-8
2-10	76093-98-6
2-10	76835-97-7
2-10	76871-66-4
2-10	77289-75-9
2-10	7789-42-6
2-10	7790-78-5
2-10	7790-79-6
2-10	7790-80-9
2-10	7790-81-0
2-10	7790-82-1
2-10	7790-83-2
2-10	7790-84-3
2-10	7790-85-4
2-10	79490-00-9
2-10	79990-52-6
2-10	8048-07-5
2-10	814-88-0
2-10	84696-56-0
2-10	84878-36-4
2-10	84878-37-5
2-10	84878-48-8
2-10	84878-51-3
2-10	84953-43-5
2-10	85117-02-8
2-10	85117-20-0
2-10	85586-15-8
2-10	85688-00-2
2-10	85958-86-7
2-10	85994-31-6
2-10	865-38-3
2-10	87835-30-1
2-10	89759-80-8
2-10	90194-35-7
2-10	90218-85-2
2-10	90342-19-1
2-10	90411-62-4
2-10	90529-78-5
2-10	905982-64-1
2-10	90604-89-0
2-10	90604-90-3
2-10	91053-44-0
2-10	91053-46-2
2-10	91053-47-3
2-10	91697-35-7
2-10	92062-13-0
2-10	92128-37-5
2-10	92257-06-2
2-10	92257-11-9
2-10	92704-12-6
2-10	92704-15-9
2-10	92704-19-3
2-10	92704-24-0
2-10	92797-28-9
2-10	93367-04-5
2-10	93686-40-9
2-10	93820-02-1
2-10	93858-50-5
2-10	93894-07-6
2-10	93894-08-7
2-10	93894-09-8
2-10	93894-10-1
2-10	93965-24-3
2-10	93965-30-1
2-10	93983-65-4
2-10	94232-49-2
2-10	94247-16-2
2-10	94275-93-1
2-10	94275-94-2
2-10	94551-70-9
2-10	94551-79-8
2-10	94551-80-1
2-10	95892-12-9
2-10	97259-82-0
2-10	99587-10-7
2-10	99749-34-5
2-10	RR-00559-4
2-10	RR-01638-6
2-10	RR-01915-8
2-10	RR-02247-9
2-10	RR-04012-0
2-10	RR-06942-1
2-10	RR-10389-9
2-10	RR-11151-3
2-10	RR-11152-4
2-10	RR-13216-1
2-10	RR-14283-6
2-10	RR-145869-1
2-10	RR-17718-4
2-10	RR-41296-4
2-10	RR-42177-2
2-10	RR-42178-3
2-10	RR-42180-7
2-10	RR-42183-0
2-10	RR-42187-4
2-10	RR-42805-7
2-10	RR-56254-9
2-10	RR-64385-6
2-10	RR-93912-8
2-10	UN2570
2-11	10034-82-9
2-11	10060-08-9
2-11	10101-75-4
2-11	10294-40-3
2-11	10294-52-7
2-11	109048-90-0
2-11	109225-23-2
2-11	109657-68-3
2-11	109657-69-4
2-11	11103-86-9
2-11	11104-65-7
2-11	11113-70-5
2-11	11115-74-5
2-11	11119-70-3
2-11	112285-78-6
2-11	113015-82-0
2-11	115517-69-6
2-11	115517-70-9
2-11	115517-71-0
2-11	115658-56-5
2-11	115658-57-6
2-11	115949-83-2
2-11	115949-89-8
2-11	116305-12-5
2-11	1189-85-1
2-11	119801-45-5
2-11	12000-34-9
2-11	12017-86-6
2-11	12017-94-6
2-11	12018-19-8
2-11	12053-18-8
2-11	12053-47-3
2-11	120558-28-3
2-11	12190-88-4
2-11	12213-61-5
2-11	12231-18-4
2-11	12324-05-9
2-11	12324-08-2
2-11	12433-24-8
2-11	12433-30-6
2-11	12433-50-0
2-11	125233-42-3
2-11	12527-08-1
2-11	125297-07-6
2-11	12617-87-7
2-11	12619-84-0
2-11	12653-68-8
2-11	12656-85-8
2-11	12680-48-7
2-11	12705-38-3
2-11	12737-97-2
2-11	12777-94-5
2-11	128448-04-4
2-11	128715-37-7
2-11	128976-28-3
2-11	1308-13-0
2-11	1308-29-8
2-11	131162-93-1
2-11	1323950-28-2
2-11	1328-67-2
2-11	1333-82-0
2-11	1335-24-6
2-11	13423-61-5
2-11	1344-37-2
2-11	1344-38-3
2-11	13446-72-5
2-11	13454-78-9
2-11	13455-25-9
2-11	13465-34-4
2-11	13473-75-1
2-11	1350718-36-3
2-11	13517-17-4
2-11	13530-65-9
2-11	13548-42-0
2-11	136141-00-9
2-11	13765-19-0
2-11	137904-18-8
2-11	1426817-51-7
2-11	14307-35-8
2-11	14507-18-7
2-11	14675-41-3
2-11	14721-18-7
2-11	14977-61-8
2-11	16037-50-6
2-11	16565-94-9
2-11	16569-85-0
2-11	16569-86-1
2-11	16569-87-2
2-11	166269-55-2
2-11	1792172-36-1
2-11	181768-98-9
2-11	183858-81-3
2-11	18454-12-1
2-11	199384-58-2
2-11	219828-32-7
2-11	22323-45-1
2-11	225797-70-6
2-11	23371-94-0
2-11	237391-94-5
2-11	24613-89-6
2-11	24934-60-9
2-11	27787-63-9
2-11	34848-09-4
2-11	36563-89-0
2-11	37224-56-9
2-11	37224-57-0
2-11	37367-87-6
2-11	37809-34-0
2-11	38459-17-5
2-11	39400-35-6
2-11	39609-25-1
2-11	41189-36-0
2-11	41261-95-4
2-11	49663-84-5
2-11	50316-88-6
2-11	50922-29-7
2-11	50929-82-3
2-11	51329-63-6
2-11	52110-72-2
2-11	52440-39-8
2-11	52869-79-1
2-11	53206-40-9
2-11	53206-41-0
2-11	53809-63-5
2-11	54322-60-0
2-11	54692-53-4
2-11	553650-13-8
2-11	561029-54-7
2-11	56320-90-2
2-11	57790-30-4
2-11	58319-32-7
2-11	58640-42-9
2-11	59330-20-0
2-11	60763-96-4
2-11	61513-05-1
2-11	61513-06-2
2-11	61513-07-3
2-11	63020-43-9
2-11	64523-06-4
2-11	68406-65-5
2-11	69011-07-0
2-11	74920-95-9
2-11	7738-94-5
2-11	7758-97-6
2-11	7775-11-3
2-11	7784-01-2
2-11	7788-98-9
2-11	7789-00-6
2-11	7789-01-7
2-11	7789-06-2
2-11	7791-14-2
2-11	8005-36-5
2-11	8012-76-8
2-11	8049-64-7
2-11	81209-53-2
2-11	83833-37-8
2-11	871483-10-2
2-11	90014-70-3
2-11	9044-10-4
2-11	RR-04964-9
2-11	UN1463
2-11	UN1758
2-12	107-30-2
2-12	UN1239
2-13	12503-98-9
2-13	1314-62-1
2-13	1408062-28-1
2-13	166165-37-3
2-13	172928-47-1
2-13	184892-22-6
2-13	200577-85-1
2-13	203812-34-4
2-13	251927-12-5
2-13	410546-90-6
2-13	56870-07-6
2-13	581075-33-4
2-13	828264-64-8
2-13	854372-97-7
2-13	857777-38-9
2-13	863639-26-3
2-13	87854-55-5
2-13	87854-56-6
2-13	934750-46-6
2-13	UN2862
2-13-2	10026-17-2
2-13-2	10026-18-3
2-13-2	10026-19-4
2-13-2	10026-20-7
2-13-2	10026-21-8
2-13-2	10026-22-9
2-13-2	10026-23-0
2-13-2	10026-24-1
2-13-2	100329-54-2
2-13-2	10101-56-1
2-13-2	10101-57-2
2-13-2	10101-58-3
2-13-2	10124-43-3
2-13-2	10141-05-6
2-13-2	10198-40-0
2-13-2	10210-68-1
2-13-2	102242-60-4
2-13-2	10241-04-0
2-13-2	10294-50-5
2-13-2	10393-49-4
2-13-2	105038-79-7
2-13-2	105187-12-0
2-13-2	10534-83-5
2-13-2	10534-85-7
2-13-2	10534-86-8
2-13-2	10534-89-1
2-13-2	106699-36-9
2-13-2	107592-59-6
2-13-2	107598-50-5
2-13-2	107630-45-5
2-13-2	108916-09-2
2-13-2	1096078-93-1
2-13-2	11005-93-9
2-13-2	11068-91-0
2-13-2	11070-96-5
2-13-2	11104-61-3
2-13-2	11107-01-0
2-13-2	11108-68-2
2-13-2	11113-57-8
2-13-2	11114-92-4
2-13-2	11139-24-5
2-13-2	112653-89-1
2-13-2	113066-89-0
2-13-2	113329-94-5
2-13-2	113663-43-7
2-13-2	114818-38-1
2-13-2	114818-39-2
2-13-2	114818-40-5
2-13-2	114818-41-6
2-13-2	114818-42-7
2-13-2	114819-02-2
2-13-2	114901-09-6
2-13-2	114901-10-9
2-13-2	114950-15-1
2-13-2	117091-68-6
2-13-2	119333-99-2
2-13-2	119633-64-6
2-13-2	119920-13-7
2-13-2	12006-77-8
2-13-2	12006-78-9
2-13-2	12013-10-4
2-13-2	12015-75-7
2-13-2	12016-69-2
2-13-2	12016-80-7
2-13-2	12017-00-4
2-13-2	12017-01-5
2-13-2	12017-12-8
2-13-2	12017-13-9
2-13-2	12017-38-8
2-13-2	12017-43-5
2-13-2	12017-50-4
2-13-2	12017-61-7
2-13-2	12017-65-1
2-13-2	12017-67-3
2-13-2	12017-68-4
2-13-2	12017-71-9
2-13-2	12017-76-4
2-13-2	12021-67-9
2-13-2	12044-42-7
2-13-2	12045-01-1
2-13-2	12052-28-7
2-13-2	12052-42-5
2-13-2	12052-62-9
2-13-2	12052-64-1
2-13-2	12052-70-9
2-13-2	12052-78-7
2-13-2	12069-68-0
2-13-2	121053-28-9
2-13-2	121053-29-0
2-13-2	121053-30-3
2-13-2	12134-02-0
2-13-2	12139-70-7
2-13-2	12139-93-4
2-13-2	12187-43-8
2-13-2	12187-46-1
2-13-2	12190-79-3
2-13-2	1219711-24-6
2-13-2	12214-13-0
2-13-2	12256-04-1
2-13-2	12263-08-0
2-13-2	12268-07-4
2-13-2	12297-66-4
2-13-2	12305-84-9
2-13-2	12314-24-8
2-13-2	12314-25-9
2-13-2	124222-14-6
2-13-2	124222-15-7
2-13-2	1245917-70-7
2-13-2	12515-29-6
2-13-2	12516-51-7
2-13-2	12516-52-8
2-13-2	125271-30-9
2-13-2	12549-23-4
2-13-2	12553-61-6
2-13-2	125552-50-3
2-13-2	12560-36-0
2-13-2	12602-23-2
2-13-2	12619-68-0
2-13-2	1262279-30-0
2-13-2	1262279-31-1
2-13-2	12629-02-6
2-13-2	12638-07-2
2-13-2	12640-46-9
2-13-2	12653-56-4
2-13-2	12672-27-4
2-13-2	12672-51-4
2-13-2	12737-30-3
2-13-2	12771-87-8
2-13-2	128090-06-2
2-13-2	128409-73-4
2-13-2	130114-33-9
2-13-2	130330-97-1
2-13-2	1307-85-3
2-13-2	1307-86-4
2-13-2	1307-96-6
2-13-2	1307-99-9
2-13-2	1308-04-9
2-13-2	1308-06-1
2-13-2	131097-43-3
2-13-2	1314094-34-2
2-13-2	1317-42-6
2-13-2	1332-70-3
2-13-2	1332-71-4
2-13-2	1332-82-7
2-13-2	1333-88-6
2-13-2	1345-16-0
2-13-2	1345-19-3
2-13-2	13455-27-1
2-13-2	13455-28-2
2-13-2	13455-31-7
2-13-2	13455-33-9
2-13-2	13455-34-0
2-13-2	13455-36-2
2-13-2	13478-09-6
2-13-2	13478-33-6
2-13-2	13494-89-8
2-13-2	13586-38-4
2-13-2	135926-88-4
2-13-2	13596-21-9
2-13-2	13596-22-0
2-13-2	13596-45-7
2-13-2	13596-46-8
2-13-2	13600-89-0
2-13-2	13600-98-1
2-13-2	13601-38-2
2-13-2	13701-68-3
2-13-2	137506-60-6
2-13-2	137525-12-3
2-13-2	13762-14-6
2-13-2	13762-15-7
2-13-2	13782-01-9
2-13-2	13782-02-0
2-13-2	1380168-21-7
2-13-2	13817-37-3
2-13-2	13821-10-8
2-13-2	13841-80-0
2-13-2	13859-51-3
2-13-2	13963-58-1
2-13-2	13981-38-9
2-13-2	13981-50-5
2-13-2	13981-83-4
2-13-2	13982-25-7
2-13-2	139939-65-4
2-13-2	14017-41-5
2-13-2	14039-23-7
2-13-2	14049-79-7
2-13-2	14093-03-9
2-13-2	14096-82-3
2-13-2	14123-08-1
2-13-2	14216-74-1
2-13-2	14217-00-6
2-13-2	14283-12-6
2-13-2	14323-57-0
2-13-2	14355-30-7
2-13-2	1438896-92-4
2-13-2	144437-67-2
2-13-2	14518-26-4
2-13-2	14525-26-9
2-13-2	14543-09-0
2-13-2	14553-20-9
2-13-2	14564-70-6
2-13-2	14590-13-7
2-13-2	14590-19-3
2-13-2	14640-56-3
2-13-2	14649-73-1
2-13-2	14652-46-1
2-13-2	14690-59-6
2-13-2	14732-58-2
2-13-2	1481694-62-5
2-13-2	14897-04-2
2-13-2	14916-48-4
2-13-2	14965-99-2
2-13-2	15040-52-5
2-13-2	15238-00-3
2-13-2	15244-74-3
2-13-2	15377-79-4
2-13-2	154779-73-4
2-13-2	15520-84-0
2-13-2	15528-31-1
2-13-2	15605-72-8
2-13-2	15665-62-0
2-13-2	15684-35-2
2-13-2	15742-33-3
2-13-2	15977-81-8
2-13-2	160936-12-9
2-13-2	16256-07-8
2-13-2	164057-75-4
2-13-2	16413-89-1
2-13-2	16544-92-6
2-13-2	16842-03-8
2-13-2	170021-46-2
2-13-2	17409-91-5
2-13-2	177256-35-8
2-13-2	17786-31-1
2-13-2	177997-13-6
2-13-2	18201-52-0
2-13-2	184637-91-0
2-13-2	18488-96-5
2-13-2	185461-93-2
2-13-2	186373-01-3
2-13-2	18718-10-0
2-13-2	189279-89-8
2-13-2	19154-72-4
2-13-2	19173-71-8
2-13-2	193214-24-3
2-13-2	19454-38-7
2-13-2	195161-79-6
2-13-2	19998-88-0
2-13-2	202916-56-1
2-13-2	20427-11-6
2-13-2	207803-51-8
2-13-2	2087499-33-8
2-13-2	21041-93-0
2-13-2	21361-38-6
2-13-2	22088-57-9
2-13-2	22584-72-1
2-13-2	22853-45-8
2-13-2	23209-26-9
2-13-2	23670-59-9
2-13-2	23689-74-9
2-13-2	24657-85-0
2-13-2	24917-04-2
2-13-2	25139-08-6
2-13-2	25215-19-4
2-13-2	25729-03-7
2-13-2	2631628-78-7
2-13-2	26490-63-1
2-13-2	26686-74-8
2-13-2	28038-39-3
2-13-2	28041-86-3
2-13-2	29377-09-1
2-13-2	3017-60-5
2-13-2	30752-89-7
2-13-2	32441-17-1
2-13-2	32486-57-0
2-13-2	33960-07-5
2-13-2	34240-80-7
2-13-2	36550-56-8
2-13-2	36835-61-7
2-13-2	37329-49-0
2-13-2	37367-90-1
2-13-2	37382-24-4
2-13-2	378253-51-1
2-13-2	378253-52-2
2-13-2	378253-53-3
2-13-2	38233-75-9
2-13-2	39361-75-6
2-13-2	41663-81-4
2-13-2	42183-35-7
2-13-2	42183-36-8
2-13-2	44433-52-5
2-13-2	496862-98-7
2-13-2	50696-78-1
2-13-2	51184-26-0
2-13-2	513-79-1
2-13-2	51839-24-8
2-13-2	542-84-7
2-13-2	55494-92-3
2-13-2	55494-93-4
2-13-2	55802-87-4
2-13-2	57454-67-8
2-13-2	58591-45-0
2-13-2	59561-07-8
2-13-2	60459-08-7
2-13-2	61419-68-9
2-13-2	62647-83-0
2-13-2	63497-09-6
2-13-2	63919-21-1
2-13-2	6424-20-0
2-13-2	65453-05-6
2-13-2	65492-00-4
2-13-2	67711-89-1
2-13-2	68016-03-5
2-13-2	68130-37-0
2-13-2	68186-85-6
2-13-2	68186-86-7
2-13-2	68186-87-8
2-13-2	68186-89-0
2-13-2	68186-97-0
2-13-2	68187-05-3
2-13-2	68187-11-1
2-13-2	68187-40-6
2-13-2	68187-49-5
2-13-2	68187-50-8
2-13-2	68412-74-8
2-13-2	68442-96-6
2-13-2	68512-31-2
2-13-2	68608-09-3
2-13-2	68608-93-5
2-13-2	68610-13-9
2-13-2	68647-47-2
2-13-2	69011-09-2
2-13-2	69012-71-1
2-13-2	69012-72-2
2-13-2	69098-14-2
2-13-2	69292-92-8
2-13-2	72869-37-5
2-13-2	72906-12-8
2-13-2	7440-48-4
2-13-2	74665-01-3
2-13-2	749216-83-9
2-13-2	75364-04-4
2-13-2	7542-09-8
2-13-2	7646-79-9
2-13-2	7788-94-5
2-13-2	7789-43-7
2-13-2	7791-13-1
2-13-2	8011-87-8
2-13-2	8012-02-0
2-13-2	80546-49-2
2-13-2	811-53-0
2-13-2	85017-77-2
2-13-2	90043-99-5
2-13-2	91053-45-1
2-13-2	91081-75-3
2-13-2	917893-06-2
2-13-2	918539-18-1
2-13-2	922733-64-0
2-13-2	922735-41-9
2-13-2	922735-42-0
2-13-2	922735-43-1
2-13-2	936554-28-8
2-13-2	93805-27-7
2-13-2	94114-42-8
2-13-2	95046-47-2
2-13-2	95046-48-3
2-13-2	952441-16-6
2-13-2	952716-55-1
2-13-2	95465-96-6
2-13-2	97126-35-7
2-13-2	97488-85-2
2-13-2	99624-18-7
2-13-2	P-95-1905
2-13-2	RR-02516-1
2-13-2	RR-04028-8
2-13-2	RR-145880-6
2-13-2	RR-16473-8
2-13-2	RR-54368-0
2-14	129-00-0
2-14	205-99-2
2-14	218-01-9
2-14	50-32-8
2-14	56-55-3
2-14	61789-60-4
2-14	61789-61-5
2-14	65996-89-6
2-14	65996-90-9
2-14	65996-93-2
2-14	8007-45-2
2-14	8050-41-7
2-14	8050-43-9
2-14	8055-92-3
2-14	90669-57-1
2-15	15448-47-2
2-15	16033-71-9
2-15	16088-62-3
2-15	75-56-9
2-15	UN1280
2-15-2	10042-99-6
2-15-2	12412-52-1
2-15-2	12423-58-4
2-15-2	1309-64-4
2-15-2	1317-98-2
2-15-2	154396-41-5
2-15-2	178989-93-0
2-15-2	212793-41-4
2-15-2	68951-38-2
2-15-2	73892-02-1
2-15-2	97048-22-1
2-15-2	97048-23-2
2-16	133708-36-8
2-16	151-50-8
2-16	15745-74-1
2-16	60195-52-0
2-16	UN1680
2-17	191234-22-7
2-17	3017-23-0
2-17	341972-31-4
2-17	74-90-8
2-17	UN1614
2-18	13998-03-3
2-18	143-33-9
2-18	25596-52-5
2-18	UN1689
2-19	101-14-4
2-19	126699-69-2
2-19	142661-36-7
2-19	29371-14-0
2-19	51065-07-7
2-19	78642-65-6
2-19	913092-91-8
2-19-4	11095-17-3
2-19-4	11096-21-2
2-19-4	11111-31-2
2-19-4	11126-72-0
2-19-4	116788-91-1
2-19-4	12772-40-6
2-19-4	55819-32-4
2-19-4	62-73-7
2-19-4	62139-95-1
2-19-4	62655-59-8
2-19-4	8023-22-1
2-19-4	8072-21-7
2-19-4	8072-39-7
2-19-4	8076-16-2
2-19-4	95828-55-0
2-19-5	57-14-7
2-19-5	88733-28-2
2-19-5	UN1163
2-20	1361252-19-8
2-20	1519044-64-4
2-20	74-83-9
2-20	UN1062
2-21	10022-48-7
2-21	1018900-84-9
2-21	104316-82-7
2-21	104316-83-8
2-21	10588-01-9
2-21	1088355-13-8
2-21	109201-26-5
2-21	12018-32-5
2-21	12548-37-7
2-21	13446-73-6
2-21	13453-35-5
2-21	13477-01-5
2-21	13530-67-1
2-21	13530-68-2
2-21	13675-47-3
2-21	13843-81-7
2-21	1391351-00-0
2-21	1391764-70-7
2-21	14018-95-2
2-21	14104-85-9
2-21	14307-33-6
2-21	14445-91-1
2-21	15586-38-6
2-21	20039-37-6
2-21	30441-38-4
2-21	34448-20-9
2-21	34493-01-1
2-21	37235-82-8
2-21	56549-24-7
2-21	56660-19-6
2-21	7778-50-9
2-21	7784-02-3
2-21	7789-07-3
2-21	7789-09-5
2-21	7789-12-0
2-21	7789-73-3
2-21	82246-45-5
2-21	89952-87-4
2-21	94232-45-8
2-21	RR-04234-2
2-21	UN1439
2-22	10031-18-2
2-22	10031-47-7
2-22	10045-94-0
2-22	10048-99-4
2-22	10112-91-1
2-22	10124-48-8
2-22	10415-75-5
2-22	10451-12-4
2-22	11110-52-4
2-22	12068-90-5
2-22	12136-15-1
2-22	12344-40-0
2-22	123720-03-6
2-22	12514-41-9
2-22	1267499-88-6
2-22	127026-24-8
2-22	13004-83-6
2-22	1312-01-2
2-22	1327160-06-4
2-22	1335-31-5
2-22	1344-45-2
2-22	13444-75-2
2-22	13464-28-3
2-22	13465-31-1
2-22	13465-33-3
2-22	13465-37-7
2-22	134762-05-3
2-22	13766-44-4
2-22	13876-85-2
2-22	13932-02-0
2-22	13967-25-4
2-22	13981-51-6
2-22	13982-78-0
2-22	14215-33-9
2-22	14376-09-1
2-22	14459-36-0
2-22	14836-60-3
2-22	149038-91-5
2-22	14990-20-6
2-22	15064-97-8
2-22	15116-82-2
2-22	15136-95-5
2-22	1520097-13-5
2-22	15313-18-5
2-22	15384-08-4
2-22	15385-57-6
2-22	15385-58-7
2-22	15756-15-7
2-22	15829-53-5
2-22	16003-82-0
2-22	17470-61-0
2-22	20601-83-6
2-22	20820-45-5
2-22	21908-53-2
2-22	226922-80-1
2-22	25587-94-4
2-22	26522-91-8
2-22	27228-67-7
2-22	27575-47-9
2-22	27685-51-4
2-22	28953-04-0
2-22	304656-34-6
2-22	31065-88-0
2-22	326494-11-5
2-22	33960-08-6
2-22	37020-93-2
2-22	37320-91-5
2-22	378782-04-8
2-22	378782-05-9
2-22	378782-08-2
2-22	378782-18-4
2-22	38232-63-2
2-22	39377-58-7
2-22	39448-57-2
2-22	42240-20-0
2-22	51312-24-4
2-22	51887-47-9
2-22	591-89-9
2-22	592-04-1
2-22	592-85-8
2-22	5970-29-6
2-22	628-86-4
2-22	68833-55-6
2-22	73491-34-6
2-22	7439-97-6
2-22	7451-91-4
2-22	7487-94-7
2-22	7546-30-7
2-22	7616-83-3
2-22	7774-29-0
2-22	7782-66-3
2-22	7782-86-7
2-22	7783-30-4
2-22	7783-33-7
2-22	7783-34-8
2-22	7783-35-9
2-22	7783-36-0
2-22	7783-39-3
2-22	7784-03-4
2-22	7784-37-4
2-22	7789-10-8
2-22	7789-47-1
2-22	8011-93-6
2-22	8028-34-0
2-22	8030-64-6
2-22	8031-27-4
2-22	8046-70-6
2-22	820986-03-6
2-22	879681-01-3
2-22	92114-96-0
2-22	92355-34-5
2-22	92786-62-4
2-22	94238-21-8
2-22	UN0135
2-22	UN1623
2-22	UN1624
2-22	UN1625
2-22	UN1626
2-22	UN1627
2-22	UN1630
2-22	UN1636
2-22	UN1638
2-22	UN1642
2-22	UN1643
2-22	UN1645
2-22	UN2809
2-23	104213-33-4
2-23	110681-06-6
2-23	1186289-23-5
2-23	1204229-13-9
2-23	1204746-08-6
2-23	1211316-67-4
2-23	1260158-01-7
2-23	1321-38-6
2-23	1321-39-7
2-23	1326716-94-2
2-23	1358624-38-0
2-23	136154-22-8
2-23	137091-34-0
2-23	13879-33-9
2-23	14219-05-7
2-23	1421949-89-4
2-23	1422250-41-6
2-23	1422343-79-0
2-23	1432062-26-4
2-23	25321-34-0
2-23	26102-02-3
2-23	26471-62-5
2-23	29033-29-2
2-23	35465-61-3
2-23	50853-47-9
2-23	50985-24-5
2-23	584-84-9
2-23	59539-76-3
2-23	614-90-4
2-23	71215-63-9
2-23	72214-34-7
2-23	7373-19-5
2-23	80498-23-3
2-23	856307-56-7
2-23	86-91-9
2-23	89698-92-0
2-23	91-08-7
2-23	UN2078
2-23-2	1146-65-2
2-23-2	72931-45-4
2-23-2	91-20-3
2-23-2	UN1334
2-24	12612-55-4
2-24	13005-31-7
2-24	13463-39-3
2-24	14875-95-7
2-24	26024-55-5
2-24	33637-76-2
2-24	33637-77-3
2-24	36252-60-5
2-24	42126-46-5
2-24	60120-57-2
2-24	71327-12-3
2-24	848779-18-0
2-25	121749-11-9
2-25	628-96-6
2-26	55964-95-9
2-26	60-11-7
2-26	77126-00-2
2-27	100-00-5
2-27-2	10031-13-7
2-27-2	10048-95-0
2-27-2	10102-48-4
2-27-2	10102-49-5
2-27-2	10102-50-8
2-27-2	10102-53-1
2-27-2	10103-50-1
2-27-2	10103-61-4
2-27-2	10103-62-5
2-27-2	10124-50-2
2-27-2	1016982-35-6
2-27-2	1018852-65-7
2-27-2	1018852-79-3
2-27-2	10290-12-7
2-27-2	1032564-26-3
2-27-2	1032564-28-5
2-27-2	10326-24-6
2-27-2	104170-16-3
2-27-2	106097-60-3
2-27-2	106097-61-4
2-27-2	106097-62-5
2-27-2	106097-63-6
2-27-2	106495-95-8
2-27-2	106604-55-1
2-27-2	106699-17-6
2-27-2	106804-39-1
2-27-2	106804-40-4
2-27-2	106957-86-2
2-27-2	107067-98-1
2-27-2	107067-99-2
2-27-2	107103-01-5
2-27-2	107251-67-2
2-27-2	107251-68-3
2-27-2	107284-23-1
2-27-2	107391-69-5
2-27-2	107477-77-0
2-27-2	107498-96-4
2-27-2	107636-81-7
2-27-2	107762-95-8
2-27-2	107793-14-6
2-27-2	107793-15-7
2-27-2	107793-16-8
2-27-2	107992-66-5
2-27-2	108424-60-8
2-27-2	108424-61-9
2-27-2	108600-27-7
2-27-2	108821-70-1
2-27-2	108821-71-2
2-27-2	108821-72-3
2-27-2	108821-73-4
2-27-2	108821-74-5
2-27-2	108821-75-6
2-27-2	108855-43-2
2-27-2	108915-42-0
2-27-2	1091626-85-5
2-27-2	110602-77-2
2-27-2	110603-58-2
2-27-2	110603-60-6
2-27-2	110687-64-4
2-27-2	11075-32-4
2-27-2	110781-06-1
2-27-2	110781-07-2
2-27-2	110781-08-3
2-27-2	110832-28-5
2-27-2	11105-04-7
2-27-2	11111-46-9
2-27-2	111242-84-3
2-27-2	111242-85-4
2-27-2	11126-73-1
2-27-2	111419-46-6
2-27-2	111776-55-7
2-27-2	112050-17-6
2-27-2	1122-90-3
2-27-2	112285-95-7
2-27-2	112286-70-1
2-27-2	112286-91-6
2-27-2	112660-19-2
2-27-2	113015-80-8
2-27-2	113228-99-2
2-27-2	113229-01-9
2-27-2	113515-10-9
2-27-2	113553-75-6
2-27-2	113876-86-1
2-27-2	113919-96-3
2-27-2	113919-97-4
2-27-2	113919-98-5
2-27-2	113920-24-4
2-27-2	113959-74-3
2-27-2	114755-61-2
2-27-2	114756-91-1
2-27-2	114824-20-3
2-27-2	114966-14-2
2-27-2	1153-05-5
2-27-2	115454-39-2
2-27-2	115493-57-7
2-27-2	115728-29-5
2-27-2	116065-96-4
2-27-2	116099-09-3
2-27-2	116327-09-4
2-27-2	116359-50-3
2-27-2	116359-51-4
2-27-2	116473-38-2
2-27-2	116678-39-8
2-27-2	116769-68-7
2-27-2	116769-69-8
2-27-2	116812-48-7
2-27-2	116812-72-7
2-27-2	117003-66-4
2-27-2	117067-25-1
2-27-2	117067-26-2
2-27-2	117067-27-3
2-27-2	117127-08-9
2-27-2	117166-17-3
2-27-2	117166-30-0
2-27-2	117166-31-1
2-27-2	117315-65-8
2-27-2	1174204-79-5
2-27-2	117746-50-6
2-27-2	118340-36-6
2-27-2	118670-41-0
2-27-2	118670-42-1
2-27-2	119354-96-0
2-27-2	119398-02-6
2-27-2	119536-09-3
2-27-2	119576-03-3
2-27-2	119829-06-0
2-27-2	119829-07-1
2-27-2	12002-03-8
2-27-2	12003-04-2
2-27-2	12005-69-5
2-27-2	12005-70-8
2-27-2	12005-75-3
2-27-2	12005-82-2
2-27-2	12005-86-6
2-27-2	12005-88-8
2-27-2	12005-95-7
2-27-2	12006-05-2
2-27-2	12006-06-3
2-27-2	12006-09-6
2-27-2	12006-15-4
2-27-2	12006-21-2
2-27-2	12006-40-5
2-27-2	120148-08-5
2-27-2	120149-75-9
2-27-2	120149-76-0
2-27-2	120306-39-0
2-27-2	120306-40-3
2-27-2	12044-16-5
2-27-2	12044-20-1
2-27-2	12044-21-2
2-27-2	12044-25-6
2-27-2	12044-30-3
2-27-2	12044-31-4
2-27-2	12044-32-5
2-27-2	12044-49-4
2-27-2	12044-50-7
2-27-2	12044-52-9
2-27-2	12044-54-1
2-27-2	12044-55-2
2-27-2	12044-57-4
2-27-2	12044-79-0
2-27-2	12068-59-6
2-27-2	12068-61-0
2-27-2	120804-98-0
2-27-2	120804-99-1
2-27-2	121-19-7
2-27-2	122285-88-5
2-27-2	122326-17-4
2-27-2	12254-85-2
2-27-2	12255-36-6
2-27-2	12255-50-4
2-27-2	12255-89-9
2-27-2	12255-99-1
2-27-2	12256-32-5
2-27-2	12279-90-2
2-27-2	123334-18-9
2-27-2	12344-68-2
2-27-2	12355-85-0
2-27-2	123627-64-5
2-27-2	12393-61-2
2-27-2	124-58-3
2-27-2	124-65-2
2-27-2	12414-94-7
2-27-2	12417-99-1
2-27-2	124260-75-9
2-27-2	12445-06-6
2-27-2	124588-15-4
2-27-2	12505-63-4
2-27-2	12511-97-6
2-27-2	125484-17-5
2-27-2	125484-18-6
2-27-2	125694-36-2
2-27-2	125715-67-5
2-27-2	12626-31-2
2-27-2	1263481-96-4
2-27-2	126603-81-4
2-27-2	126999-21-1
2-27-2	127-85-5
2-27-2	12777-38-7
2-27-2	127795-79-3
2-27-2	12780-90-4
2-27-2	12795-30-1
2-27-2	128089-50-9
2-27-2	128515-50-4
2-27-2	128515-51-5
2-27-2	1299-88-3
2-27-2	130042-18-1
2-27-2	1303-11-3
2-27-2	1303-28-2
2-27-2	1303-32-8
2-27-2	1303-33-9
2-27-2	1303-34-0
2-27-2	1303-36-2
2-27-2	1303-37-3
2-27-2	1303-39-5
2-27-2	130917-47-4
2-27-2	1314087-58-5
2-27-2	1315336-31-2
2-27-2	131599-73-0
2-27-2	131599-74-1
2-27-2	131599-76-3
2-27-2	132-33-2
2-27-2	13246-32-7
2-27-2	1327-52-2
2-27-2	1327-53-3
2-27-2	132826-04-1
2-27-2	132851-71-9
2-27-2	1333-25-1
2-27-2	133740-71-3
2-27-2	133927-17-0
2-27-2	1343-96-0
2-27-2	13453-15-1
2-27-2	13462-93-6
2-27-2	13464-35-2
2-27-2	13464-36-3
2-27-2	13464-37-4
2-27-2	13464-38-5
2-27-2	13464-39-6
2-27-2	13464-42-1
2-27-2	13464-44-3
2-27-2	13478-34-7
2-27-2	13510-31-1
2-27-2	13510-44-6
2-27-2	13510-46-8
2-27-2	13510-72-0
2-27-2	135282-54-1
2-27-2	135282-55-2
2-27-2	1355049-91-0
2-27-2	135573-19-2
2-27-2	135573-20-5
2-27-2	135573-21-6
2-27-2	1357629-22-1
2-27-2	135988-79-3
2-27-2	136254-80-3
2-27-2	136299-46-2
2-27-2	1363218-52-3
2-27-2	136575-46-7
2-27-2	136654-91-6
2-27-2	136654-92-7
2-27-2	13702-38-0
2-27-2	137026-16-5
2-27-2	1370553-14-2
2-27-2	137575-12-3
2-27-2	137575-13-4
2-27-2	13843-65-7
2-27-2	138608-19-2
2-27-2	14034-76-5
2-27-2	14304-78-0
2-27-2	1450620-86-6
2-27-2	14644-70-3
2-27-2	14687-61-7
2-27-2	14809-44-0
2-27-2	14809-45-1
2-27-2	1499-33-8
2-27-2	15120-17-9
2-27-2	15194-98-6
2-27-2	1535485-71-2
2-27-2	15422-59-0
2-27-2	15575-20-9
2-27-2	15755-33-6
2-27-2	15755-35-8
2-27-2	16142-89-5
2-27-2	164170-84-7
2-27-2	1668-00-4
2-27-2	16685-55-5
2-27-2	1685247-26-0
2-27-2	17029-22-0
2-27-2	17068-86-9
2-27-2	188947-55-9
2-27-2	1929572-29-1
2-27-2	1940140-03-3
2-27-2	199744-45-1
2-27-2	2045-00-3
2-27-2	2071237-20-0
2-27-2	2089208-18-2
2-27-2	21006-73-5
2-27-2	21093-83-4
2-27-2	21480-65-9
2-27-2	217972-77-5
2-27-2	21892-63-7
2-27-2	2226341-09-7
2-27-2	2240157-94-0
2-27-2	22441-45-8
2-27-2	22538-92-7
2-27-2	22831-42-1
2-27-2	22904-84-3
2-27-2	23302-47-8
2-27-2	23525-22-6
2-27-2	24440-79-7
2-27-2	24719-19-5
2-27-2	2511147-66-1
2-27-2	27016-73-5
2-27-2	27016-75-7
2-27-2	27152-57-4
2-27-2	27526-45-0
2-27-2	28380-38-3
2-27-2	28837-97-0
2-27-2	28980-47-4
2-27-2	29871-10-1
2-27-2	29871-13-4
2-27-2	29935-35-1
2-27-2	3141-12-6
2-27-2	32322-13-7
2-27-2	333-25-5
2-27-2	33382-64-8
2-27-2	33972-75-7
2-27-2	352030-72-9
2-27-2	3687-31-8
2-27-2	37196-28-4
2-27-2	37280-17-4
2-27-2	3772-44-9
2-27-2	39277-51-5
2-27-2	39310-41-3
2-27-2	39399-60-5
2-27-2	3969-54-8
2-27-2	40334-69-8
2-27-2	40334-70-1
2-27-2	4431-24-7
2-27-2	4656-80-8
2-27-2	4964-14-1
2-27-2	507-28-8
2-27-2	520-10-5
2-27-2	52126-83-7
2-27-2	53404-12-9
2-27-2	53800-83-2
2-27-2	53923-27-6
2-27-2	541-25-3
2-27-2	5410-29-7
2-27-2	55624-62-9
2-27-2	55957-14-7
2-27-2	56320-22-0
2-27-2	56450-43-2
2-27-2	566188-87-2
2-27-2	56626-06-3
2-27-2	57673-50-4
2-27-2	578-94-9
2-27-2	57900-42-2
2-27-2	58-36-6
2-27-2	58076-82-7
2-27-2	58114-73-1
2-27-2	5902-95-4
2-27-2	59229-13-9
2-27-2	593-88-4
2-27-2	593-89-5
2-27-2	59400-80-5
2-27-2	59634-20-7
2-27-2	598-14-1
2-27-2	603-32-7
2-27-2	60646-36-8
2-27-2	60953-19-7
2-27-2	6131-99-3
2-27-2	61462-16-6
2-27-2	617-75-4
2-27-2	618-25-7
2-27-2	6217-24-9
2-27-2	62702-52-7
2-27-2	63665-22-5
2-27-2	637-03-6
2-27-2	63989-69-5
2-27-2	6423-72-9
2-27-2	64475-90-7
2-27-2	64684-28-2
2-27-2	64887-10-1
2-27-2	65113-28-2
2-27-2	6585-53-1
2-27-2	696-28-6
2-27-2	712-48-1
2-27-2	72067-67-5
2-27-2	73003-83-5
2-27-2	73688-85-4
2-27-2	73728-19-5
2-27-2	7440-38-2
2-27-2	75-60-5
2-27-2	7631-89-2
2-27-2	76407-89-1
2-27-2	7645-25-2
2-27-2	7774-41-6
2-27-2	7778-39-4
2-27-2	7778-41-8
2-27-2	7778-43-0
2-27-2	7778-44-1
2-27-2	7784-08-9
2-27-2	7784-33-0
2-27-2	7784-34-1
2-27-2	7784-35-2
2-27-2	7784-36-3
2-27-2	7784-38-5
2-27-2	7784-40-9
2-27-2	7784-41-0
2-27-2	7784-44-3
2-27-2	7784-45-4
2-27-2	7784-46-5
2-27-2	7785-24-2
2-27-2	8011-67-4
2-27-2	8012-74-6
2-27-2	8028-22-6
2-27-2	8028-23-7
2-27-2	8052-79-7
2-27-2	8073-10-7
2-27-2	817163-79-4
2-27-2	817163-85-2
2-27-2	856307-43-2
2-27-2	856565-65-6
2-27-2	856568-31-5
2-27-2	878891-76-0
2-27-2	900531-39-7
2-27-2	91724-16-2
2-27-2	97-44-9
2-27-2	98-05-5
2-27-2	98-50-0
2-27-2	99035-51-5
2-27-2	NA1556
2-27-2	UN1546
2-27-2	UN1553
2-27-2	UN1554
2-27-2	UN1555
2-27-2	UN1558
2-27-2	UN1559
2-27-2	UN1560
2-27-2	UN1561
2-27-2	UN1562
2-27-2	UN1572
2-27-2	UN1573
2-27-2	UN1585
2-27-2	UN1586
2-27-2	UN1606
2-27-2	UN1607
2-27-2	UN1608
2-27-2	UN1621
2-27-2	UN1622
2-27-2	UN1678
2-27-2	UN1683
2-27-2	UN1685
2-27-2	UN1686
2-27-2	UN1688
2-27-2	UN1691
2-27-2	UN1698
2-27-2	UN1699
2-27-2	UN1712
2-27-2	UN1892
2-27-2	UN2027
2-27-2	UN2473
2-27-2	UN3450
2-28	12528-21-1
2-28	12592-22-2
2-28	32057-09-3
2-28	326604-75-5
2-28	7664-39-3
2-28	UN1052
2-28	UN1790
2-29	57-57-8
2-30	1053658-43-7
2-30	1076-43-3
2-30	1173023-23-8
2-30	174973-66-1
2-30	54682-86-9
2-30	71-43-2
2-30	UN1114
2-31	101802-54-4
2-31	1135443-67-2
2-31	123333-54-0
2-31	131-52-2
2-31	27735-63-3
2-31	27735-64-4
2-31	39390-77-7
2-31	87-86-5
2-31	UN2567
2-31	UN3155
2-31-2	1053659-79-2
2-31-2	112068-71-0
2-31-2	1156543-56-4
2-31-2	1158237-02-5
2-31-2	1227476-28-9
2-31-2	1416946-65-0
2-31-2	1609158-91-9
2-31-2	1664-98-8
2-31-2	50-00-0
2-31-2	8005-38-7
2-31-2	8006-07-3
2-31-2	8013-13-6
2-32	100359-07-7
2-32	147299-78-3
2-32	26261-57-4
2-32	3248-91-7
2-32	632-99-5
2-32	8053-09-6
2-32	884244-75-1
2-33	10024-66-5
2-33	100298-63-3
2-33	100308-01-8
2-33	100308-02-9
2-33	100308-08-5
2-33	10031-20-6
2-33	10034-96-5
2-33	100402-46-8
2-33	100402-47-9
2-33	100402-65-1
2-33	100402-96-8
2-33	100403-02-9
2-33	10043-84-2
2-33	10060-26-1
2-33	100756-24-9
2-33	10101-50-5
2-33	10101-66-3
2-33	10101-68-5
2-33	10102-36-0
2-33	10118-76-0
2-33	10124-54-6
2-33	10124-55-7
2-33	101356-94-9
2-33	101357-05-5
2-33	101357-08-8
2-33	101357-13-5
2-33	101362-28-1
2-33	10139-57-8
2-33	101500-43-0
2-33	10170-69-1
2-33	102047-23-4
2-33	102047-24-5
2-33	102047-25-6
2-33	102047-26-7
2-33	102110-21-4
2-33	102110-26-9
2-33	102110-27-0
2-33	102110-31-6
2-33	102110-32-7
2-33	102110-33-8
2-33	102110-36-1
2-33	102262-20-4
2-33	102262-21-5
2-33	102262-22-6
2-33	102262-23-7
2-33	10234-99-8
2-33	10236-39-2
2-33	1029364-19-9
2-33	10294-64-1
2-33	103287-47-4
2-33	10377-62-5
2-33	10377-66-9
2-33	10378-28-6
2-33	103937-77-5
2-33	103972-75-4
2-33	104037-78-7
2-33	104193-72-8
2-33	104663-56-1
2-33	104663-57-2
2-33	104813-24-3
2-33	10535-02-1
2-33	105883-50-9
2-33	106471-97-0
2-33	106829-59-8
2-33	106829-60-1
2-33	107452-09-5
2-33	108043-20-5
2-33	109118-59-4
2-33	109118-60-7
2-33	109708-05-6
2-33	109885-98-5
2-33	11004-49-2
2-33	110102-14-2
2-33	110580-21-7
2-33	11065-74-0
2-33	110739-64-5
2-33	110759-28-9
2-33	110759-29-0
2-33	11079-06-4
2-33	11097-89-5
2-33	111021-35-3
2-33	111073-42-8
2-33	111073-43-9
2-33	111073-44-0
2-33	11113-71-6
2-33	11115-91-6
2-33	111243-10-8
2-33	11125-27-2
2-33	111283-62-6
2-33	11129-60-5
2-33	11129-61-6
2-33	11132-35-7
2-33	11132-78-8
2-33	111419-41-1
2-33	111419-42-2
2-33	111419-43-3
2-33	111747-17-2
2-33	111776-56-8
2-33	113387-15-8
2-33	113553-16-5
2-33	113553-18-7
2-33	113672-10-9
2-33	113787-08-9
2-33	114060-61-6
2-33	114679-30-0
2-33	114902-06-6
2-33	114927-28-5
2-33	116155-37-4
2-33	116348-63-1
2-33	116633-52-4
2-33	116633-53-5
2-33	117660-41-0
2-33	119130-84-6
2-33	119219-12-4
2-33	119315-99-0
2-33	119316-03-9
2-33	119316-05-1
2-33	119316-08-4
2-33	119316-15-3
2-33	119739-23-0
2-33	119793-38-3
2-33	119854-89-6
2-33	119855-48-0
2-33	119855-49-1
2-33	119855-50-4
2-33	119883-78-2
2-33	119883-79-3
2-33	119883-80-6
2-33	119884-25-2
2-33	119941-86-5
2-33	12001-34-2
2-33	12003-70-2
2-33	12005-96-8
2-33	12010-50-3
2-33	12025-99-9
2-33	12032-69-8
2-33	12032-74-5
2-33	12032-75-6
2-33	12032-78-9
2-33	12032-82-5
2-33	12032-85-8
2-33	12032-86-9
2-33	12032-88-1
2-33	12032-89-2
2-33	12032-97-2
2-33	12033-03-3
2-33	12033-07-7
2-33	12033-08-8
2-33	12043-69-5
2-33	12045-15-7
2-33	12045-16-8
2-33	12049-47-7
2-33	12057-17-9
2-33	12057-92-0
2-33	12062-81-6
2-33	12071-17-9
2-33	12079-65-1
2-33	120973-15-1
2-33	12108-13-3
2-33	12121-90-3
2-33	12122-67-7
2-33	12125-23-4
2-33	12125-33-6
2-33	12142-41-5
2-33	12157-90-3
2-33	12162-79-7
2-33	12163-00-7
2-33	12163-45-0
2-33	12163-53-0
2-33	12163-59-6
2-33	12163-64-3
2-33	12175-02-9
2-33	12196-74-6
2-33	12205-44-6
2-33	12207-67-9
2-33	12227-59-7
2-33	12228-50-1
2-33	12228-91-0
2-33	12229-02-6
2-33	12230-80-7
2-33	12232-96-1
2-33	12238-31-2
2-33	12238-77-6
2-33	12238-78-7
2-33	12238-82-3
2-33	12253-13-3
2-33	12253-45-1
2-33	12260-22-9
2-33	12266-65-8
2-33	12271-96-4
2-33	122790-38-9
2-33	122790-39-0
2-33	12299-98-8
2-33	12357-52-7
2-33	123615-79-2
2-33	123615-95-2
2-33	123616-02-4
2-33	1236208-18-6
2-33	123633-91-0
2-33	123713-29-1
2-33	12427-38-2
2-33	12438-71-0
2-33	124923-56-4
2-33	12502-82-8
2-33	12505-83-8
2-33	125328-27-0
2-33	125328-50-9
2-33	125465-71-6
2-33	125465-79-4
2-33	12565-60-5
2-33	12604-53-4
2-33	126187-18-6
2-33	12626-88-9
2-33	12645-49-7
2-33	12646-17-2
2-33	12656-69-8
2-33	12687-82-0
2-33	12688-94-7
2-33	1271-27-8
2-33	12713-03-0
2-33	1272410-60-2
2-33	12737-09-6
2-33	12738-03-3
2-33	12758-24-6
2-33	128954-16-5
2-33	129249-24-7
2-33	129382-63-4
2-33	129382-80-5
2-33	13001-53-1
2-33	1307699-76-8
2-33	1309-53-1
2-33	1309-55-3
2-33	1310-97-0
2-33	1310-98-1
2-33	1313-13-9
2-33	1313-22-0
2-33	1317-34-6
2-33	1317-35-7
2-33	1319-75-1
2-33	1320-46-3
2-33	13224-08-3
2-33	1332-08-7
2-33	1332-62-3
2-33	133317-06-3
2-33	1336-93-2
2-33	1338-87-0
2-33	13434-24-7
2-33	1344-43-0
2-33	13444-72-9
2-33	13446-03-2
2-33	13446-10-1
2-33	13446-20-3
2-33	13446-34-9
2-33	13446-35-0
2-33	13446-44-1
2-33	13453-79-7
2-33	13456-28-5
2-33	13465-27-5
2-33	13465-41-3
2-33	13465-49-1
2-33	134904-59-9
2-33	134904-60-2
2-33	134904-61-3
2-33	134904-62-4
2-33	134904-63-5
2-33	13566-22-8
2-33	13568-32-6
2-33	13568-71-3
2-33	1363198-04-2
2-33	13718-34-8
2-33	1372545-89-5
2-33	137633-98-8
2-33	13770-16-6
2-33	138124-32-0
2-33	13817-36-2
2-33	13918-22-4
2-33	13966-31-9
2-33	139939-61-0
2-33	14013-15-1
2-33	14023-90-6
2-33	14024-58-9
2-33	14038-34-7
2-33	1405-99-8
2-33	14092-99-0
2-33	14100-30-2
2-33	141460-31-3
2-33	14154-09-7
2-33	14177-46-9
2-33	14263-16-2
2-33	14284-89-0
2-33	143007-66-3
2-33	14325-24-7
2-33	14376-54-6
2-33	14392-03-1
2-33	144437-66-1
2-33	14446-13-0
2-33	14465-99-7
2-33	144713-07-5
2-33	14485-27-9
2-33	14495-13-7
2-33	14516-54-2
2-33	14681-52-8
2-33	14690-66-5
2-33	14727-95-8
2-33	14841-83-9
2-33	149264-32-4
2-33	149294-96-2
2-33	149656-63-3
2-33	14986-93-7
2-33	14986-94-8
2-33	14986-95-9
2-33	149922-80-5
2-33	14998-36-8
2-33	14998-38-0
2-33	14999-33-8
2-33	150993-75-2
2-33	15195-58-1
2-33	15244-36-7
2-33	15339-36-3
2-33	15364-94-0
2-33	153728-36-0
2-33	15375-84-5
2-33	15609-81-1
2-33	156735-49-8
2-33	15685-17-3
2-33	15702-33-7
2-33	15702-34-8
2-33	15710-66-4
2-33	15851-49-7
2-33	15915-03-4
2-33	15956-58-8
2-33	16039-56-8
2-33	16071-76-4
2-33	16351-10-3
2-33	16543-99-0
2-33	16571-42-9
2-33	1679350-32-3
2-33	168849-50-1
2-33	16962-31-5
2-33	16982-48-2
2-33	17009-27-7
2-33	170630-73-6
2-33	17141-63-8
2-33	172672-41-2
2-33	17308-52-0
2-33	17375-02-9
2-33	17375-29-0
2-33	17375-37-0
2-33	179240-14-3
2-33	18154-90-0
2-33	182442-95-1
2-33	185299-40-5
2-33	186350-31-2
2-33	18718-07-5
2-33	18727-97-4
2-33	18820-29-6
2-33	189139-63-7
2-33	18917-85-6
2-33	18933-05-6
2-33	19153-79-8
2-33	19513-05-4
2-33	195161-78-5
2-33	19664-95-0
2-33	19893-32-4
2-33	20033-08-3
2-33	201233-93-4
2-33	20243-64-5
2-33	20316-06-7
2-33	20603-88-7
2-33	206452-06-4
2-33	20694-39-7
2-33	209416-66-0
2-33	20959-56-2
2-33	21129-18-0
2-33	211948-57-1
2-33	21248-70-4
2-33	22405-70-5
2-33	22775-65-1
2-33	23250-73-9
2-33	23414-72-4
2-33	234446-82-3
2-33	2363126-51-4
2-33	2363126-59-2
2-33	24900-24-1
2-33	25327-03-1
2-33	25659-29-4
2-33	25808-75-7
2-33	25868-86-4
2-33	26204-60-4
2-33	269729-99-9
2-33	27253-32-3
2-33	28029-54-1
2-33	28041-68-1
2-33	28355-56-8
2-33	28374-38-1
2-33	2850-75-1
2-33	28566-87-2
2-33	28602-69-9
2-33	29193-02-0
2-33	292140-32-0
2-33	29789-06-8
2-33	29826-51-5
2-33	30031-44-8
2-33	301-03-1
2-33	301-09-7
2-33	301678-04-6
2-33	301850-33-9
2-33	30488-22-3
2-33	304905-29-1
2-33	30744-82-2
2-33	31754-55-9
2-33	31754-56-0
2-33	3251-96-5
2-33	32916-06-6
2-33	3353-05-7
2-33	339311-30-7
2-33	34088-94-3
2-33	34156-69-9
2-33	35346-43-1
2-33	35355-77-2
2-33	35542-88-2
2-33	359427-90-0
2-33	36333-79-6
2-33	36474-32-5
2-33	36678-21-4
2-33	37187-66-9
2-33	37223-53-3
2-33	37449-19-7
2-33	378782-03-7
2-33	37991-53-0
2-33	38344-88-6
2-33	38639-72-4
2-33	39298-00-5
2-33	39303-06-5
2-33	39327-14-5
2-33	39432-47-8
2-33	39432-69-4
2-33	39438-40-9
2-33	40105-04-2
2-33	41536-42-9
2-33	47265-07-6
2-33	50646-06-5
2-33	51345-28-9
2-33	51349-94-1
2-33	51648-92-1
2-33	51700-26-6
2-33	51877-53-3
2-33	51901-10-1
2-33	52080-81-6
2-33	52089-06-2
2-33	52233-00-8
2-33	52233-01-9
2-33	52233-09-7
2-33	52238-52-5
2-33	52279-49-9
2-33	52562-37-5
2-33	52623-88-8
2-33	5280-66-0
2-33	53404-58-3
2-33	53731-35-4
2-33	53988-93-5
2-33	54675-76-2
2-33	54842-08-9
2-33	55392-76-2
2-33	55448-20-9
2-33	56451-33-3
2-33	56532-43-5
2-33	56729-39-6
2-33	56743-91-0
2-33	56779-88-5
2-33	57650-55-2
2-33	59112-36-6
2-33	5968-88-7
2-33	598-62-9
2-33	59866-24-9
2-33	60240-47-3
2-33	61007-89-4
2-33	61219-26-9
2-33	6147-00-8
2-33	6156-78-1
2-33	61788-52-1
2-33	61788-53-2
2-33	61788-57-6
2-33	61789-35-3
2-33	61789-50-2
2-33	61810-04-6
2-33	62712-14-5
2-33	62713-28-4
2-33	6358-40-3
2-33	636-13-5
2-33	63665-25-8
2-33	63693-75-4
2-33	637-82-1
2-33	638-38-0
2-33	640-67-5
2-33	64002-83-1
2-33	64147-45-1
2-33	64333-01-3
2-33	64552-28-9
2-33	646-00-4
2-33	6485-39-8
2-33	6535-19-9
2-33	6556-16-7
2-33	65767-17-1
2-33	65996-71-6
2-33	66402-68-4
2-33	66523-56-6
2-33	67071-60-7
2-33	67181-98-0
2-33	67506-86-9
2-33	67952-42-5
2-33	68015-77-0
2-33	68023-17-6
2-33	68039-18-9
2-33	68081-75-4
2-33	68186-83-4
2-33	68186-94-7
2-33	68186-96-9
2-33	68186-99-2
2-33	68187-38-2
2-33	68187-64-4
2-33	6819-13-2
2-33	68201-80-9
2-33	68279-05-0
2-33	68308-21-4
2-33	6832-69-5
2-33	68333-66-4
2-33	68333-67-5
2-33	68398-21-0
2-33	68410-82-2
2-33	68412-38-4
2-33	68424-36-2
2-33	68439-21-4
2-33	68442-99-9
2-33	68443-00-5
2-33	68475-47-8
2-33	68551-42-8
2-33	68553-15-1
2-33	68553-17-3
2-33	68554-13-2
2-33	68555-06-6
2-33	68585-31-9
2-33	68585-91-1
2-33	68608-42-4
2-33	68609-85-8
2-33	68609-86-9
2-33	68611-46-1
2-33	68611-47-2
2-33	68611-67-6
2-33	68648-07-7
2-33	68784-02-1
2-33	68784-13-4
2-33	68784-19-0
2-33	68784-76-9
2-33	68784-78-1
2-33	68836-53-3
2-33	68844-25-7
2-33	68876-92-6
2-33	68877-27-0
2-33	68911-03-5
2-33	68988-36-3
2-33	68988-37-4
2-33	69011-04-7
2-33	69012-24-4
2-33	69012-26-6
2-33	69012-28-8
2-33	69012-33-5
2-33	69012-43-7
2-33	69012-49-3
2-33	69012-55-1
2-33	6904-78-5
2-33	69192-23-0
2-33	69234-82-8
2-33	69847-36-5
2-33	69991-68-0
2-33	70248-09-8
2-33	70268-41-6
2-33	70514-67-9
2-33	70692-94-3
2-33	71215-58-2
2-33	71750-83-9
2-33	71799-92-3
2-33	72253-08-8
2-33	72828-18-3
2-33	73003-99-3
2-33	73019-26-8
2-33	73207-48-4
2-33	73384-91-5
2-33	73385-04-3
2-33	73637-20-4
2-33	73913-06-1
2-33	74051-88-0
2-33	74114-36-6
2-33	7439-96-5
2-33	74665-10-4
2-33	7487-89-0
2-33	75701-74-5
2-33	75747-77-2
2-33	75789-54-7
2-33	75798-63-9
2-33	75864-23-2
2-33	7722-64-7
2-33	7759-00-4
2-33	7773-01-5
2-33	7782-64-1
2-33	7782-76-5
2-33	7783-16-6
2-33	7783-53-1
2-33	7783-98-4
2-33	7785-19-5
2-33	7785-87-7
2-33	7787-35-1
2-33	7787-36-2
2-33	7790-33-2
2-33	78812-39-2
2-33	79048-36-5
2-33	8018-01-7
2-33	8030-70-4
2-33	8031-40-1
2-33	8046-59-1
2-33	8064-36-6
2-33	8064-42-4
2-33	8065-67-6
2-33	8065-95-0
2-33	8069-51-0
2-33	8072-27-3
2-33	8075-39-6
2-33	80822-72-6
2-33	81065-76-1
2-33	825-89-8
2-33	83503-76-8
2-33	83864-26-0
2-33	83929-95-7
2-33	84030-40-0
2-33	84041-69-0
2-33	84070-12-2
2-33	84100-67-4
2-33	84144-93-4
2-33	84144-99-0
2-33	84195-96-0
2-33	84583-61-9
2-33	84712-57-2
2-33	84962-02-7
2-33	84962-56-1
2-33	84962-57-2
2-33	84962-58-3
2-33	84989-01-5
2-33	85005-58-9
2-33	85005-59-0
2-33	85005-60-3
2-33	85005-61-4
2-33	85080-93-9
2-33	85080-94-0
2-33	85117-59-5
2-33	85117-60-8
2-33	85117-61-9
2-33	85117-62-0
2-33	85117-63-1
2-33	85136-48-7
2-33	85169-06-8
2-33	85169-07-9
2-33	85566-72-9
2-33	85681-90-9
2-33	85737-19-5
2-33	85763-71-9
2-33	85763-72-0
2-33	860308-46-9
2-33	86090-41-7
2-33	87835-28-7
2-33	89087-78-5
2-33	89412-12-4
2-33	9008-34-8
2-33	9038-47-5
2-33	90431-60-0
2-33	90431-61-1
2-33	90431-62-2
2-33	90431-63-3
2-33	90431-64-4
2-33	91031-64-0
2-33	91031-80-0
2-33	91081-90-2
2-33	91081-91-3
2-33	91082-81-4
2-33	91082-84-7
2-33	91082-85-8
2-33	91082-86-9
2-33	91782-88-6
2-33	92200-95-8
2-33	92200-96-9
2-33	92414-44-3
2-33	92758-24-2
2-33	92969-67-0
2-33	93333-98-3
2-33	93573-11-6
2-33	93573-12-7
2-33	93762-58-4
2-33	93918-14-0
2-33	93918-15-1
2-33	93918-16-2
2-33	94233-07-5
2-33	94247-29-7
2-33	94247-30-0
2-33	94247-31-1
2-33	94277-05-1
2-33	94333-38-7
2-33	94481-60-4
2-33	94551-57-2
2-33	94551-96-9
2-33	94552-05-3
2-33	94786-86-4
2-33	95046-44-9
2-33	95046-51-8
2-33	97434-80-5
2-33	97435-23-9
2-33	97553-53-2
2-33	97692-40-5
2-33	97730-66-0
2-33	97999-33-2
2-33	99018-65-2
2-33	993-02-2
2-33	99328-48-0
2-33	99328-53-7
2-33	99629-34-2
2-33	99749-23-2
2-33	P-89-1030
2-33	RR-00416-0
2-33	RR-00602-0
2-33	RR-03861-9
2-33	RR-09632-2
2-33	RR-107948-7
2-33	RR-13421-4
2-33	RR-13501-3
2-33	RR-16548-0
2-33	RR-19093-2
2-33	RR-31876-3
2-33	RR-33932-2
2-33	RR-40755-6
2-33	RR-55400-7
2-33	UN1330
2-33	UN1448
2-33	UN1456
2-33	UN1490
2-33	UN1503
2-33	UN1515
2-33	UN2210
2-33	UN2724
2-33	UN2968
2-34	147937-07-3
2-34	1519044-66-6
2-34	74-88-4
2-34	865-50-9
2-34	UN2644
2-34-2	RR-00009-9
2-34-3	142844-00-6
2-35	105943-94-0
2-35	105943-95-1
2-35	11144-15-3
2-35	12026-48-1
2-35	13465-07-1
2-35	13845-23-3
2-35	13845-24-4
2-35	13845-25-5
2-35	13845-51-7
2-35	50864-71-6
2-35	51621-86-4
2-35	51715-67-4
2-35	59125-35-8
2-35	60789-16-4
2-35	63344-86-5
2-35	7783-06-4
2-35	UN1053
2-36	139443-72-4
2-36	15199-43-6
2-36	62086-97-9
2-36	77-78-1
2-36	98478-67-2
2-36	UN1595
