10045-94-0	10045-94-0
10045-94-0	127026-24-8
10045-94-0	13465-31-1
10045-94-0	33960-08-6
10045-94-0	7783-34-8
10045-94-0	8046-70-6
10045-94-0	820986-03-6
10045-94-0	UN1625
10112-91-1	10112-91-1
10112-91-1	39448-57-2
1344-48-5	1344-48-5
19122-79-3	19122-79-3
21908-53-2	1344-45-2
21908-53-2	21908-53-2
21908-53-2	8028-34-0
7439-97-6	123720-03-6
7439-97-6	13981-51-6
7439-97-6	13982-78-0
7439-97-6	149038-91-5
7439-97-6	15064-97-8
7439-97-6	15116-82-2
7439-97-6	15756-15-7
7439-97-6	378782-04-8
7439-97-6	378782-05-9
7439-97-6	378782-08-2
7439-97-6	378782-18-4
7439-97-6	51887-47-9
7439-97-6	7439-97-6
7439-97-6	8030-64-6
7439-97-6	8031-27-4
7439-97-6	92355-34-5
7439-97-6	92786-62-4
7439-97-6	UN2809
7546-30-7	7546-30-7
7783-35-9	7783-35-9
RR-00138-7	100-56-1
RR-00138-7	100-57-2
RR-00138-7	100022-25-1
RR-00138-7	1003-26-5
RR-00138-7	10031-18-2
RR-00138-7	100403-63-2
RR-00138-7	10048-99-4
RR-00138-7	10080-39-4
RR-00138-7	100940-62-3
RR-00138-7	101043-98-5
RR-00138-7	10124-48-8
RR-00138-7	10136-69-3
RR-00138-7	101654-43-7
RR-00138-7	101672-18-8
RR-00138-7	1017-74-9
RR-00138-7	10175-28-7
RR-00138-7	10192-55-9
RR-00138-7	102-98-7
RR-00138-7	102-99-8
RR-00138-7	102110-40-7
RR-00138-7	102110-57-6
RR-00138-7	102110-61-2
RR-00138-7	102110-66-7
RR-00138-7	10217-65-9
RR-00138-7	10217-67-1
RR-00138-7	10217-68-2
RR-00138-7	102280-93-3
RR-00138-7	10271-66-6
RR-00138-7	10284-47-6
RR-00138-7	10284-48-7
RR-00138-7	10284-49-8
RR-00138-7	10299-45-3
RR-00138-7	103-27-5
RR-00138-7	103332-13-4
RR-00138-7	103369-15-9
RR-00138-7	10338-77-9
RR-00138-7	10338-78-0
RR-00138-7	10338-79-1
RR-00138-7	103399-29-7
RR-00138-7	10341-89-6
RR-00138-7	103458-15-7
RR-00138-7	10361-02-1
RR-00138-7	10366-02-6
RR-00138-7	10375-56-1
RR-00138-7	104-59-6
RR-00138-7	104-60-9
RR-00138-7	10403-65-3
RR-00138-7	10403-66-4
RR-00138-7	104114-64-9
RR-00138-7	10415-75-5
RR-00138-7	1043-49-8
RR-00138-7	104325-07-7
RR-00138-7	104325-08-8
RR-00138-7	104335-53-7
RR-00138-7	104339-46-0
RR-00138-7	10451-12-4
RR-00138-7	10507-38-7
RR-00138-7	10507-40-1
RR-00138-7	10507-41-2
RR-00138-7	10507-42-3
RR-00138-7	105260-39-7
RR-00138-7	106168-40-5
RR-00138-7	107-26-6
RR-00138-7	107-27-7
RR-00138-7	107-28-8
RR-00138-7	1071-39-2
RR-00138-7	1077-98-1
RR-00138-7	108-07-6
RR-00138-7	109-62-6
RR-00138-7	11083-41-3
RR-00138-7	11110-52-4
RR-00138-7	1126-48-3
RR-00138-7	113722-57-9
RR-00138-7	1142-64-9
RR-00138-7	115-09-3
RR-00138-7	1184-57-2
RR-00138-7	1189-66-8
RR-00138-7	1191-80-6
RR-00138-7	1192-89-8
RR-00138-7	12002-19-6
RR-00138-7	12055-37-7
RR-00138-7	120674-92-2
RR-00138-7	12068-90-5
RR-00138-7	12136-15-1
RR-00138-7	12145-90-3
RR-00138-7	12194-11-5
RR-00138-7	122-64-5
RR-00138-7	122582-67-6
RR-00138-7	12298-67-8
RR-00138-7	123-88-6
RR-00138-7	12328-03-9
RR-00138-7	12344-40-0
RR-00138-7	123551-50-8
RR-00138-7	124-01-6
RR-00138-7	124-08-3
RR-00138-7	124-82-3
RR-00138-7	12508-72-4
RR-00138-7	12529-66-7
RR-00138-7	12653-71-3
RR-00138-7	127026-24-8
RR-00138-7	1273-75-2
RR-00138-7	127620-35-3
RR-00138-7	129-16-8
RR-00138-7	129-99-7
RR-00138-7	1300-78-3
RR-00138-7	13004-83-6
RR-00138-7	1310-88-9
RR-00138-7	1312-03-4
RR-00138-7	131500-00-0
RR-00138-7	13170-76-8
RR-00138-7	1319-86-4
RR-00138-7	1320-80-5
RR-00138-7	13222-52-1
RR-00138-7	13257-51-7
RR-00138-7	13278-80-3
RR-00138-7	13294-23-0
RR-00138-7	133-58-4
RR-00138-7	13302-00-6
RR-00138-7	133350-44-4
RR-00138-7	133350-45-5
RR-00138-7	1334-77-6
RR-00138-7	133421-58-6
RR-00138-7	1335-31-5
RR-00138-7	1336-57-8
RR-00138-7	1336-96-5
RR-00138-7	13437-80-4
RR-00138-7	1344-45-2
RR-00138-7	13444-75-2
RR-00138-7	1345-09-1
RR-00138-7	13464-28-3
RR-00138-7	13465-31-1
RR-00138-7	13465-33-3
RR-00138-7	13465-34-4
RR-00138-7	13465-37-7
RR-00138-7	13766-41-1
RR-00138-7	13766-44-4
RR-00138-7	138-85-2
RR-00138-7	13864-38-5
RR-00138-7	13876-85-2
RR-00138-7	13932-02-0
RR-00138-7	13967-25-4
RR-00138-7	13981-51-6
RR-00138-7	13982-78-0
RR-00138-7	140-20-5
RR-00138-7	14024-55-6
RR-00138-7	14024-75-0
RR-00138-7	14032-92-9
RR-00138-7	14066-61-6
RR-00138-7	14099-12-8
RR-00138-7	141-51-5
RR-00138-7	14215-33-9
RR-00138-7	14235-86-0
RR-00138-7	14239-51-1
RR-00138-7	143-36-2
RR-00138-7	143197-63-1
RR-00138-7	14354-56-4
RR-00138-7	14376-09-1
RR-00138-7	14459-36-0
RR-00138-7	14783-59-6
RR-00138-7	148-61-8
RR-00138-7	14836-60-3
RR-00138-7	14990-20-6
RR-00138-7	151-38-2
RR-00138-7	152923-45-0
RR-00138-7	1537199-53-3
RR-00138-7	15375-94-7
RR-00138-7	15384-08-4
RR-00138-7	15385-57-6
RR-00138-7	15385-58-7
RR-00138-7	15415-64-2
RR-00138-7	155-85-1
RR-00138-7	15516-76-4
RR-00138-7	156234-43-4
RR-00138-7	156234-44-5
RR-00138-7	15682-88-9
RR-00138-7	15785-93-0
RR-00138-7	15829-53-5
RR-00138-7	1600-27-7
RR-00138-7	16056-34-1
RR-00138-7	16056-37-4
RR-00138-7	16509-11-8
RR-00138-7	16751-55-6
RR-00138-7	17048-37-2
RR-00138-7	17140-73-7
RR-00138-7	175695-12-2
RR-00138-7	17774-09-3
RR-00138-7	1785-43-9
RR-00138-7	178959-28-9
RR-00138-7	17974-95-7
RR-00138-7	18211-85-3
RR-00138-7	18467-88-4
RR-00138-7	18832-83-2
RR-00138-7	18917-83-4
RR-00138-7	18918-06-4
RR-00138-7	18918-17-7
RR-00138-7	19367-79-4
RR-00138-7	19447-62-2
RR-00138-7	19528-48-4
RR-00138-7	19719-72-3
RR-00138-7	20223-84-1
RR-00138-7	2042-50-4
RR-00138-7	20539-85-9
RR-00138-7	20564-21-0
RR-00138-7	20582-71-2
RR-00138-7	20601-83-6
RR-00138-7	20632-18-2
RR-00138-7	20720-76-7
RR-00138-7	20738-78-7
RR-00138-7	20883-32-3
RR-00138-7	21082-50-8
RR-00138-7	21109-99-9
RR-00138-7	2117-39-7
RR-00138-7	21259-76-7
RR-00138-7	21450-81-7
RR-00138-7	22098-38-0
RR-00138-7	22323-45-1
RR-00138-7	22330-18-3
RR-00138-7	2235-25-8
RR-00138-7	22450-90-4
RR-00138-7	2279-64-3
RR-00138-7	22894-47-9
RR-00138-7	22967-92-6
RR-00138-7	23319-66-6
RR-00138-7	23471-13-8
RR-00138-7	23471-23-0
RR-00138-7	23483-74-1
RR-00138-7	23587-90-8
RR-00138-7	2440-29-1
RR-00138-7	2440-34-8
RR-00138-7	2440-40-6
RR-00138-7	2440-42-8
RR-00138-7	2440-45-1
RR-00138-7	24423-68-5
RR-00138-7	24579-90-6
RR-00138-7	24579-91-7
RR-00138-7	24806-32-4
RR-00138-7	2597-92-4
RR-00138-7	2597-93-5
RR-00138-7	2597-95-7
RR-00138-7	2597-97-9
RR-00138-7	26037-72-9
RR-00138-7	261-57-4
RR-00138-7	26114-17-0
RR-00138-7	26522-91-8
RR-00138-7	26535-94-4
RR-00138-7	2654-47-9
RR-00138-7	26545-49-3
RR-00138-7	26552-50-1
RR-00138-7	26579-33-9
RR-00138-7	26719-07-3
RR-00138-7	2701-61-3
RR-00138-7	27228-67-7
RR-00138-7	27236-65-3
RR-00138-7	27360-58-3
RR-00138-7	27575-47-9
RR-00138-7	27605-30-7
RR-00138-7	27685-51-4
RR-00138-7	2777-37-9
RR-00138-7	28086-13-7
RR-00138-7	2845-00-3
RR-00138-7	28752-79-6
RR-00138-7	28752-80-9
RR-00138-7	28953-04-0
RR-00138-7	29053-02-9
RR-00138-7	29138-86-1
RR-00138-7	2923-15-1
RR-00138-7	2949-11-3
RR-00138-7	29870-72-2
RR-00138-7	3021-39-4
RR-00138-7	30366-55-3
RR-00138-7	304-90-5
RR-00138-7	304656-34-6
RR-00138-7	3076-91-3
RR-00138-7	31065-88-0
RR-00138-7	31224-71-2
RR-00138-7	31632-68-5
RR-00138-7	31724-50-2
RR-00138-7	3198-04-7
RR-00138-7	32382-27-7
RR-00138-7	32407-99-1
RR-00138-7	32701-49-8
RR-00138-7	32787-44-3
RR-00138-7	3294-57-3
RR-00138-7	3294-58-4
RR-00138-7	3294-60-8
RR-00138-7	33020-34-7
RR-00138-7	33445-15-7
RR-00138-7	33631-63-9
RR-00138-7	3367-28-0
RR-00138-7	3367-29-1
RR-00138-7	3367-30-4
RR-00138-7	3367-31-5
RR-00138-7	3367-32-6
RR-00138-7	33724-17-3
RR-00138-7	33770-60-4
RR-00138-7	33960-08-6
RR-00138-7	3444-13-1
RR-00138-7	3477-28-9
RR-00138-7	3570-80-7
RR-00138-7	35823-05-3
RR-00138-7	3626-13-9
RR-00138-7	36568-91-9
RR-00138-7	3688-11-7
RR-00138-7	37020-93-2
RR-00138-7	371-76-6
RR-00138-7	37237-15-3
RR-00138-7	37297-87-3
RR-00138-7	37320-91-5
RR-00138-7	37340-23-1
RR-00138-7	3810-81-9
RR-00138-7	38232-63-2
RR-00138-7	39833-87-9
RR-00138-7	40138-90-7
RR-00138-7	40661-97-0
RR-00138-7	4386-35-0
RR-00138-7	4387-13-7
RR-00138-7	4656-04-6
RR-00138-7	4665-55-8
RR-00138-7	486-67-9
RR-00138-7	492-18-2
RR-00138-7	49540-00-3
RR-00138-7	498-73-7
RR-00138-7	502-39-6
RR-00138-7	506-83-2
RR-00138-7	5131-56-6
RR-00138-7	51312-24-4
RR-00138-7	51595-71-2
RR-00138-7	51622-02-7
RR-00138-7	517-16-8
RR-00138-7	51821-32-0
RR-00138-7	5185-84-2
RR-00138-7	525-30-4
RR-00138-7	52795-88-7
RR-00138-7	53007-72-0
RR-00138-7	53010-52-9
RR-00138-7	531-76-0
RR-00138-7	5326-00-1
RR-00138-7	53282-60-3
RR-00138-7	53404-67-4
RR-00138-7	53404-68-5
RR-00138-7	53404-69-6
RR-00138-7	53404-70-9
RR-00138-7	53408-91-6
RR-00138-7	535-55-7
RR-00138-7	53663-14-2
RR-00138-7	537-64-4
RR-00138-7	538-04-5
RR-00138-7	539-43-5
RR-00138-7	54-64-8
RR-00138-7	54129-03-2
RR-00138-7	5416-74-0
RR-00138-7	5421-48-7
RR-00138-7	5428-90-0
RR-00138-7	54295-90-8
RR-00138-7	543-63-5
RR-00138-7	54428-47-6
RR-00138-7	54481-45-7
RR-00138-7	55-68-5
RR-00138-7	55728-51-3
RR-00138-7	55939-60-1
RR-00138-7	56724-82-4
RR-00138-7	5722-59-8
RR-00138-7	57363-77-6
RR-00138-7	5822-97-9
RR-00138-7	583-15-3
RR-00138-7	5834-81-1
RR-00138-7	584-18-9
RR-00138-7	584-43-0
RR-00138-7	5857-37-4
RR-00138-7	5857-38-5
RR-00138-7	5857-39-6
RR-00138-7	58570-91-5
RR-00138-7	587-85-9
RR-00138-7	588-66-9
RR-00138-7	589-65-1
RR-00138-7	59-85-8
RR-00138-7	5902-76-1
RR-00138-7	5902-79-4
RR-00138-7	5903-10-6
RR-00138-7	591-89-9
RR-00138-7	592-04-1
RR-00138-7	592-63-2
RR-00138-7	592-85-8
RR-00138-7	593-74-8
RR-00138-7	5954-14-3
RR-00138-7	5955-19-1
RR-00138-7	5964-24-9
RR-00138-7	5970-32-1
RR-00138-7	5980-86-9
RR-00138-7	60064-28-0
RR-00138-7	6012-84-6
RR-00138-7	60345-95-1
RR-00138-7	6150-94-3
RR-00138-7	616-99-9
RR-00138-7	61792-06-1
RR-00138-7	62-37-3
RR-00138-7	62-38-4
RR-00138-7	623-07-4
RR-00138-7	62374-53-2
RR-00138-7	62638-02-2
RR-00138-7	627-44-1
RR-00138-7	6270-99-1
RR-00138-7	6273-99-0
RR-00138-7	628-85-3
RR-00138-7	628-86-4
RR-00138-7	6283-24-5
RR-00138-7	629-35-6
RR-00138-7	62909-81-3
RR-00138-7	631-60-7
RR-00138-7	63325-16-6
RR-00138-7	6336-12-5
RR-00138-7	63382-64-9
RR-00138-7	63468-53-1
RR-00138-7	63549-47-3
RR-00138-7	63868-93-9
RR-00138-7	63868-94-0
RR-00138-7	63868-95-1
RR-00138-7	63868-96-2
RR-00138-7	63868-98-4
RR-00138-7	63869-00-1
RR-00138-7	63869-01-2
RR-00138-7	63869-02-3
RR-00138-7	63869-03-4
RR-00138-7	63869-04-5
RR-00138-7	63869-05-6
RR-00138-7	63869-06-7
RR-00138-7	63869-07-8
RR-00138-7	63869-08-9
RR-00138-7	63905-89-5
RR-00138-7	63907-33-5
RR-00138-7	63937-14-4
RR-00138-7	63951-06-4
RR-00138-7	63951-09-7
RR-00138-7	63990-59-0
RR-00138-7	64025-06-5
RR-00138-7	64048-05-1
RR-00138-7	64048-06-2
RR-00138-7	64048-07-3
RR-00138-7	64048-08-4
RR-00138-7	64049-27-0
RR-00138-7	64049-28-1
RR-00138-7	64058-72-6
RR-00138-7	64058-74-8
RR-00138-7	64082-39-9
RR-00138-7	64491-92-5
RR-00138-7	645-99-8
RR-00138-7	64697-74-1
RR-00138-7	64697-75-2
RR-00138-7	64697-76-3
RR-00138-7	64697-77-4
RR-00138-7	64697-78-5
RR-00138-7	64714-49-4
RR-00138-7	64771-59-1
RR-00138-7	65381-02-4
RR-00138-7	66827-74-5
RR-00138-7	67465-39-8
RR-00138-7	67465-41-2
RR-00138-7	67465-42-3
RR-00138-7	67465-43-4
RR-00138-7	67465-44-5
RR-00138-7	67466-58-4
RR-00138-7	67536-44-1
RR-00138-7	6795-81-9
RR-00138-7	68201-97-8
RR-00138-7	68833-55-6
RR-00138-7	691-88-3
RR-00138-7	6937-66-2
RR-00138-7	70514-23-7
RR-00138-7	71720-55-3
RR-00138-7	72044-13-4
RR-00138-7	72066-32-1
RR-00138-7	72379-35-2
RR-00138-7	72780-86-0
RR-00138-7	73399-68-5
RR-00138-7	73399-71-0
RR-00138-7	73491-34-6
RR-00138-7	73513-17-4
RR-00138-7	73926-87-1
RR-00138-7	73926-88-2
RR-00138-7	73926-89-3
RR-00138-7	73928-11-7
RR-00138-7	73928-12-8
RR-00138-7	7487-94-7
RR-00138-7	749262-24-6
RR-00138-7	7548-26-7
RR-00138-7	75513-04-1
RR-00138-7	7616-83-3
RR-00138-7	762-55-0
RR-00138-7	7620-30-6
RR-00138-7	7681-34-7
RR-00138-7	7756-49-2
RR-00138-7	7774-29-0
RR-00138-7	7782-66-3
RR-00138-7	7782-77-6
RR-00138-7	7782-86-7
RR-00138-7	7783-30-4
RR-00138-7	7783-32-6
RR-00138-7	7783-33-7
RR-00138-7	7783-34-8
RR-00138-7	7783-36-0
RR-00138-7	7783-39-3
RR-00138-7	7784-03-4
RR-00138-7	7784-37-4
RR-00138-7	7789-10-8
RR-00138-7	7789-47-1
RR-00138-7	780-24-5
RR-00138-7	78571-20-7
RR-00138-7	8003-05-2
RR-00138-7	8012-34-8
RR-00138-7	8017-88-7
RR-00138-7	8069-64-5
RR-00138-7	80994-87-2
RR-00138-7	814-82-4
RR-00138-7	82151-04-0
RR-00138-7	823-04-1
RR-00138-7	82980-40-3
RR-00138-7	84029-43-6
RR-00138-7	84973-20-6
RR-00138-7	86-36-2
RR-00138-7	86-85-1
RR-00138-7	89521-44-8
RR-00138-7	90-03-9
RR-00138-7	90584-88-6
RR-00138-7	91081-69-5
RR-00138-7	91082-69-8
RR-00138-7	91722-12-2
RR-00138-7	92062-13-0
RR-00138-7	92200-97-0
RR-00138-7	93820-20-3
RR-00138-7	93882-20-3
RR-00138-7	94-43-9
RR-00138-7	94022-47-6
RR-00138-7	94070-92-5
RR-00138-7	94070-93-6
RR-00138-7	94238-21-8
RR-00138-7	94276-38-7
RR-00138-7	94276-88-7
RR-00138-7	94277-53-9
RR-00138-7	94481-62-6
RR-00138-7	96906-16-0
RR-00138-7	97209-13-7
RR-00138-7	973-17-1
RR-00138-7	RR-00004-4
RR-00138-7	RR-00005-5
RR-00138-7	RR-00138-7
RR-00138-7	RR-00361-2
RR-00138-7	RR-00569-6
RR-00138-7	RR-01294-2
RR-00138-7	RR-01342-3
RR-00138-7	RR-01858-6
RR-00138-7	RR-02536-5
RR-00138-7	RR-04547-6
RR-00138-7	RR-04677-5
RR-00138-7	RR-07193-2
RR-00138-7	RR-145946-7
RR-00138-7	RR-14866-3
RR-00138-7	RR-15850-9
RR-00138-7	RR-194036-9
RR-00138-7	RR-42082-6
RR-00138-7	RR-56357-5
RR-00138-7	RR-58673-2
RR-56263-0	RR-56263-0
RR-87612-0	11110-52-4
RR-87612-0	143197-63-1
RR-87612-0	156234-43-4
RR-87612-0	156234-44-5
RR-87612-0	175695-12-2
RR-87612-0	37237-15-3
RR-87612-0	53007-72-0
RR-87612-0	54428-47-6
RR-87612-0	58570-91-5
RR-87612-0	72780-86-0
RR-87612-0	82151-04-0
RR-87612-0	RR-56357-5
RR-87612-0	RR-87612-0
RR-87613-1	RR-87613-1
