108427-53-8	108427-53-8
115-32-2	115-32-2
115-32-2	55599-54-7
1163-19-5	109945-70-2
1163-19-5	1163-19-5
1163-19-5	1201677-32-8
1163-19-5	145538-74-5
118-74-1	1135443-45-6
118-74-1	118-74-1
118-74-1	UN2729
131-52-2	123333-54-0
131-52-2	131-52-2
131-52-2	27735-63-3
131-52-2	UN2567
1336-36-3	11096-82-5
1336-36-3	11097-69-1
1336-36-3	11100-14-4
1336-36-3	11104-28-2
1336-36-3	11141-16-5
1336-36-3	12672-29-6
1336-36-3	12674-11-2
1336-36-3	12737-87-0
1336-36-3	13029-08-8
1336-36-3	1336-36-3
1336-36-3	15862-07-4
1336-36-3	15968-05-5
1336-36-3	16605-91-7
1336-36-3	16606-02-3
1336-36-3	18259-05-7
1336-36-3	2050-67-1
1336-36-3	2050-68-2
1336-36-3	2051-24-3
1336-36-3	2051-60-7
1336-36-3	2051-61-8
1336-36-3	2051-62-9
1336-36-3	2136-99-4
1336-36-3	2437-79-8
1336-36-3	25323-68-6
1336-36-3	25429-29-2
1336-36-3	25512-42-9
1336-36-3	25569-80-6
1336-36-3	26601-64-9
1336-36-3	26914-33-0
1336-36-3	27323-18-8
1336-36-3	28655-71-2
1336-36-3	2974-90-5
1336-36-3	2974-92-7
1336-36-3	31472-83-0
1336-36-3	31508-00-6
1336-36-3	32598-10-0
1336-36-3	32598-11-1
1336-36-3	32598-12-2
1336-36-3	32598-13-3
1336-36-3	32598-14-4
1336-36-3	32690-93-0
1336-36-3	32774-16-6
1336-36-3	33025-41-1
1336-36-3	33091-17-7
1336-36-3	33146-45-1
1336-36-3	33284-50-3
1336-36-3	33284-52-5
1336-36-3	33284-53-6
1336-36-3	33284-54-7
1336-36-3	33979-03-2
1336-36-3	34883-39-1
1336-36-3	34883-41-5
1336-36-3	34883-43-7
1336-36-3	35065-27-1
1336-36-3	35065-28-2
1336-36-3	35065-29-3
1336-36-3	35065-30-6
1336-36-3	35693-92-6
1336-36-3	35693-99-3
1336-36-3	35694-04-3
1336-36-3	35694-06-5
1336-36-3	35694-08-7
1336-36-3	36559-22-5
1336-36-3	37317-41-2
1336-36-3	37324-23-5
1336-36-3	37353-63-2
1336-36-3	37680-65-2
1336-36-3	37680-66-3
1336-36-3	37680-68-5
1336-36-3	37680-69-6
1336-36-3	37680-73-2
1336-36-3	38379-99-6
1336-36-3	38380-01-7
1336-36-3	38380-02-8
1336-36-3	38380-03-9
1336-36-3	38380-04-0
1336-36-3	38380-05-1
1336-36-3	38380-07-3
1336-36-3	38380-08-4
1336-36-3	38411-22-2
1336-36-3	38411-25-5
1336-36-3	38444-73-4
1336-36-3	38444-76-7
1336-36-3	38444-77-8
1336-36-3	38444-78-9
1336-36-3	38444-81-4
1336-36-3	38444-84-7
1336-36-3	38444-85-8
1336-36-3	38444-86-9
1336-36-3	38444-87-0
1336-36-3	38444-88-1
1336-36-3	38444-90-5
1336-36-3	38444-93-8
1336-36-3	39485-83-1
1336-36-3	39635-31-9
1336-36-3	39635-32-0
1336-36-3	39635-33-1
1336-36-3	39635-34-2
1336-36-3	39635-35-3
1336-36-3	40186-70-7
1336-36-3	40186-71-8
1336-36-3	40186-72-9
1336-36-3	41411-61-4
1336-36-3	41411-62-5
1336-36-3	41411-63-6
1336-36-3	41411-64-7
1336-36-3	41464-39-5
1336-36-3	41464-40-8
1336-36-3	41464-41-9
1336-36-3	41464-42-0
1336-36-3	41464-43-1
1336-36-3	41464-46-4
1336-36-3	41464-47-5
1336-36-3	41464-48-6
1336-36-3	41464-49-7
1336-36-3	41464-51-1
1336-36-3	42740-50-1
1336-36-3	51908-16-8
1336-36-3	52663-58-8
1336-36-3	52663-59-9
1336-36-3	52663-60-2
1336-36-3	52663-61-3
1336-36-3	52663-62-4
1336-36-3	52663-63-5
1336-36-3	52663-64-6
1336-36-3	52663-65-7
1336-36-3	52663-66-8
1336-36-3	52663-67-9
1336-36-3	52663-68-0
1336-36-3	52663-69-1
1336-36-3	52663-70-4
1336-36-3	52663-71-5
1336-36-3	52663-72-6
1336-36-3	52663-73-7
1336-36-3	52663-74-8
1336-36-3	52663-75-9
1336-36-3	52663-76-0
1336-36-3	52663-77-1
1336-36-3	52663-78-2
1336-36-3	52663-79-3
1336-36-3	52704-70-8
1336-36-3	52712-04-6
1336-36-3	52712-05-7
1336-36-3	52744-13-5
1336-36-3	53469-21-9
1336-36-3	53555-66-1
1336-36-3	53742-07-7
1336-36-3	54230-22-7
1336-36-3	55215-17-3
1336-36-3	55215-18-4
1336-36-3	55312-69-1
1336-36-3	55702-45-9
1336-36-3	55702-46-0
1336-36-3	55712-37-3
1336-36-3	55720-44-0
1336-36-3	55722-26-4
1336-36-3	56030-56-9
1336-36-3	56558-16-8
1336-36-3	56558-17-9
1336-36-3	56558-18-0
1336-36-3	57465-28-8
1336-36-3	59291-64-4
1336-36-3	59291-65-5
1336-36-3	60145-20-2
1336-36-3	60145-21-3
1336-36-3	60145-22-4
1336-36-3	60145-23-5
1336-36-3	60233-24-1
1336-36-3	60233-25-2
1336-36-3	61798-70-7
1336-36-3	62796-65-0
1336-36-3	65510-44-3
1336-36-3	65510-45-4
1336-36-3	68194-04-7
1336-36-3	68194-05-8
1336-36-3	68194-06-9
1336-36-3	68194-07-0
1336-36-3	68194-08-1
1336-36-3	68194-09-2
1336-36-3	68194-10-5
1336-36-3	68194-11-6
1336-36-3	68194-12-7
1336-36-3	68194-13-8
1336-36-3	68194-14-9
1336-36-3	68194-15-0
1336-36-3	68194-16-1
1336-36-3	68194-17-2
1336-36-3	69782-90-7
1336-36-3	69782-91-8
1336-36-3	7012-37-5
1336-36-3	70362-41-3
1336-36-3	70362-45-7
1336-36-3	70362-46-8
1336-36-3	70362-47-9
1336-36-3	70362-48-0
1336-36-3	70362-49-1
1336-36-3	70362-50-4
1336-36-3	70424-67-8
1336-36-3	70424-68-9
1336-36-3	70424-69-0
1336-36-3	70424-70-3
1336-36-3	73575-52-7
1336-36-3	73575-53-8
1336-36-3	73575-54-9
1336-36-3	73575-55-0
1336-36-3	73575-56-1
1336-36-3	73575-57-2
1336-36-3	74338-23-1
1336-36-3	74338-24-2
1336-36-3	74472-33-6
1336-36-3	74472-34-7
1336-36-3	74472-35-8
1336-36-3	74472-36-9
1336-36-3	74472-37-0
1336-36-3	74472-38-1
1336-36-3	74472-39-2
1336-36-3	74472-40-5
1336-36-3	74472-41-6
1336-36-3	74472-42-7
1336-36-3	74472-43-8
1336-36-3	74472-44-9
1336-36-3	74472-45-0
1336-36-3	74472-46-1
1336-36-3	74472-47-2
1336-36-3	74472-48-3
1336-36-3	74472-49-4
1336-36-3	74472-50-7
1336-36-3	74472-51-8
1336-36-3	74472-52-9
1336-36-3	74472-53-0
1336-36-3	74487-85-7
1336-36-3	76842-07-4
1336-36-3	80333-65-9
1336-36-3	UN2315
1336-36-3	UN3432
134237-50-6	134237-50-6
134237-51-7	134237-51-7
134237-52-8	134237-52-8
13560-89-9	11114-14-0
13560-89-9	1195618-74-6
13560-89-9	13560-89-9
13560-89-9	135821-03-3
13560-89-9	135821-74-8
13560-89-9	39386-10-2
13560-89-9	40372-58-5
13560-89-9	59459-11-9
13560-89-9	60880-74-2
136677-09-3	136677-09-3
136677-09-3	1746-01-6
136677-09-3	19408-74-3
136677-09-3	29446-15-9
136677-09-3	30746-58-8
136677-09-3	3268-87-9
136677-09-3	33423-92-6
136677-09-3	33857-26-0
136677-09-3	33857-28-2
136677-09-3	34465-46-8
136677-09-3	34816-53-0
136677-09-3	35822-46-9
136677-09-3	36088-22-9
136677-09-3	37871-00-4
136677-09-3	38178-38-0
136677-09-3	38964-22-6
136677-09-3	39227-28-6
136677-09-3	39227-58-2
136677-09-3	39227-61-7
136677-09-3	39227-62-8
136677-09-3	40321-76-4
136677-09-3	40581-90-6
136677-09-3	40581-91-7
136677-09-3	40581-93-9
136677-09-3	40581-94-0
136677-09-3	41903-57-5
136677-09-3	50585-39-2
136677-09-3	50585-46-1
136677-09-3	53555-02-5
136677-09-3	54536-17-3
136677-09-3	57653-85-7
136677-09-3	58200-66-1
136677-09-3	58200-67-2
136677-09-3	58200-68-3
136677-09-3	58200-69-4
136677-09-3	58200-70-7
136677-09-3	58802-08-7
136677-09-3	58802-09-8
136677-09-3	58802-51-0
136677-09-3	62470-53-5
136677-09-3	62470-54-6
136677-09-3	64461-98-9
136677-09-3	64501-00-4
136677-09-3	67028-17-5
136677-09-3	67028-18-6
136677-09-3	67028-19-7
136677-09-3	67323-56-2
136677-09-3	71665-99-1
136677-09-3	71669-23-3
136677-09-3	71669-24-4
136677-09-3	71669-25-5
136677-09-3	71669-26-6
136677-09-3	71669-27-7
136677-09-3	71669-28-8
136677-09-3	71669-29-9
136677-09-3	71925-15-0
136677-09-3	71925-16-1
136677-09-3	71925-17-2
136677-09-3	71998-76-0
136677-09-3	82291-28-9
136677-09-3	82291-34-7
136677-09-3	82291-35-8
136677-09-3	82291-36-9
136677-09-3	82291-37-0
136677-09-3	82291-38-1
136677-09-3	82306-65-8
136677-10-6	136677-10-6
136677-10-6	24478-72-6
136677-10-6	24478-73-7
136677-10-6	24478-74-8
136677-10-6	30402-14-3
136677-10-6	30402-15-4
136677-10-6	38998-75-3
136677-10-6	39001-02-0
136677-10-6	43047-99-0
136677-10-6	43048-00-6
136677-10-6	51207-31-9
136677-10-6	5409-83-6
136677-10-6	54589-71-8
136677-10-6	55673-89-7
136677-10-6	55684-94-1
136677-10-6	57117-31-4
136677-10-6	57117-32-5
136677-10-6	57117-33-6
136677-10-6	57117-34-7
136677-10-6	57117-35-8
136677-10-6	57117-36-9
136677-10-6	57117-37-0
136677-10-6	57117-38-1
136677-10-6	57117-39-2
136677-10-6	57117-40-5
136677-10-6	57117-41-6
136677-10-6	57117-42-7
136677-10-6	57117-43-8
136677-10-6	57117-44-9
136677-10-6	58802-14-5
136677-10-6	58802-15-6
136677-10-6	58802-16-7
136677-10-6	58802-17-8
136677-10-6	58802-18-9
136677-10-6	58802-19-0
136677-10-6	58802-20-3
136677-10-6	58802-21-4
136677-10-6	60390-27-4
136677-10-6	60851-34-5
136677-10-6	62615-08-1
136677-10-6	64126-85-8
136677-10-6	64126-86-9
136677-10-6	64126-87-0
136677-10-6	64560-13-0
136677-10-6	64560-14-1
136677-10-6	64560-15-2
136677-10-6	64560-16-3
136677-10-6	64560-17-4
136677-10-6	66794-59-0
136677-10-6	67517-48-0
136677-10-6	67562-39-4
136677-10-6	67562-40-7
136677-10-6	69433-00-7
136677-10-6	69698-57-3
136677-10-6	69698-58-4
136677-10-6	69698-59-5
136677-10-6	69698-60-8
136677-10-6	70648-13-4
136677-10-6	70648-14-5
136677-10-6	70648-15-6
136677-10-6	70648-16-7
136677-10-6	70648-18-9
136677-10-6	70648-19-0
136677-10-6	70648-20-3
136677-10-6	70648-21-4
136677-10-6	70648-22-5
136677-10-6	70648-23-6
136677-10-6	70648-24-7
136677-10-6	70648-25-8
136677-10-6	70648-26-9
136677-10-6	70872-82-1
136677-10-6	71998-72-6
136677-10-6	71998-73-7
136677-10-6	71998-74-8
136677-10-6	71998-75-9
136677-10-6	72918-21-9
136677-10-6	74918-40-4
136677-10-6	74992-97-5
136677-10-6	74992-98-6
136677-10-6	75198-38-8
136677-10-6	75627-02-0
136677-10-6	76621-12-0
136677-10-6	79060-60-9
136677-10-6	81638-37-1
136677-10-6	82911-58-8
136677-10-6	82911-59-9
136677-10-6	82911-60-2
136677-10-6	82911-61-3
136677-10-6	83636-47-9
136677-10-6	83690-98-6
136677-10-6	83704-21-6
136677-10-6	83704-22-7
136677-10-6	83704-23-8
136677-10-6	83704-24-9
136677-10-6	83704-25-0
136677-10-6	83704-26-1
136677-10-6	83704-27-2
136677-10-6	83704-28-3
136677-10-6	83704-29-4
136677-10-6	83704-30-7
136677-10-6	83704-31-8
136677-10-6	83704-32-9
136677-10-6	83704-33-0
136677-10-6	83704-34-1
136677-10-6	83704-35-2
136677-10-6	83704-36-3
136677-10-6	83704-37-4
136677-10-6	83704-38-5
136677-10-6	83704-39-6
136677-10-6	83704-40-9
136677-10-6	83704-41-0
136677-10-6	83704-42-1
136677-10-6	83704-43-2
136677-10-6	83704-44-3
136677-10-6	83704-45-4
136677-10-6	83704-46-5
136677-10-6	83704-47-6
136677-10-6	83704-48-7
136677-10-6	83704-49-8
136677-10-6	83704-50-1
136677-10-6	83704-51-2
136677-10-6	83704-52-3
136677-10-6	83704-53-4
136677-10-6	83704-54-5
136677-10-6	83704-55-6
136677-10-6	83710-07-0
136677-10-6	83719-40-8
136677-10-6	89059-46-1
136677-10-6	91538-83-9
136677-10-6	91538-84-0
136677-10-6	92341-04-3
136677-10-6	92341-05-4
136677-10-6	92341-06-5
136677-10-6	92341-07-6
136677-10-6	94538-00-8
136677-10-6	94538-01-9
136677-10-6	94538-02-0
136677-10-6	94570-83-9
143-50-0	143-50-0
1763-23-1	132324-11-9
1763-23-1	1763-23-1
1825-21-4	1825-21-4
207122-15-4	207122-15-4
207122-16-5	207122-16-5
2385-85-5	12557-88-9
2385-85-5	12707-43-6
2385-85-5	12766-04-0
2385-85-5	20594-49-4
2385-85-5	2385-85-5
2385-85-5	56449-78-6
25637-99-4	1027045-74-4
25637-99-4	138257-17-7
25637-99-4	138257-18-8
25637-99-4	138257-19-9
25637-99-4	169102-57-2
25637-99-4	22374-57-8
25637-99-4	25637-99-4
25637-99-4	4736-49-6
25637-99-4	65701-47-5
25637-99-4	678970-15-5
25637-99-4	678970-16-6
25637-99-4	678970-17-7
25973-55-1	102257-30-7
25973-55-1	104817-16-5
25973-55-1	1244977-94-3
25973-55-1	131242-53-0
25973-55-1	134018-57-8
25973-55-1	1391942-68-9
25973-55-1	1449275-36-8
25973-55-1	1492588-58-5
25973-55-1	153613-73-1
25973-55-1	186805-09-4
25973-55-1	188025-36-7
25973-55-1	189377-89-7
25973-55-1	25973-55-1
25973-55-1	3142-41-4
25973-55-1	42558-99-6
25973-55-1	51829-45-9
25973-55-1	70419-42-0
25973-55-1	796971-88-5
25973-55-1	850346-35-9
25973-55-1	855281-45-7
25973-55-1	909728-30-9
25973-55-1	98354-04-2
27735-64-4	27735-64-4
307-35-7	307-35-7
309-00-2	309-00-2
319-84-6	20437-97-2
319-84-6	319-84-6
319-84-6	60291-32-9
319-85-7	319-85-7
3194-55-6	23774-70-1
3194-55-6	3194-55-6
32534-81-9	132405-96-0
32534-81-9	134206-43-2
32534-81-9	1620837-35-5
32534-81-9	182346-21-0
32534-81-9	189084-64-8
32534-81-9	189084-65-9
32534-81-9	189084-66-0
32534-81-9	32534-81-9
32534-81-9	366791-32-4
33213-65-9	33213-65-9
335-67-1	335-67-1
335-67-1	65618-66-8
335-67-1	71244-15-0
355-46-4	355-46-4
36355-01-8	119264-50-5
36355-01-8	119264-51-6
36355-01-8	119264-52-7
36355-01-8	119264-53-8
36355-01-8	120991-47-1
36355-01-8	120991-48-2
36355-01-8	144978-87-0
36355-01-8	144978-88-1
36355-01-8	245657-50-5
36355-01-8	36355-01-8
36355-01-8	36402-15-0
36355-01-8	55066-76-7
36355-01-8	59080-40-9
36355-01-8	59261-08-4
36355-01-8	59536-65-1
36355-01-8	60044-26-0
36355-01-8	67888-98-6
36355-01-8	67888-99-7
36355-01-8	77607-09-1
36355-01-8	81381-52-4
36355-01-8	82865-89-2
36355-01-8	82865-90-5
36355-01-8	82865-91-6
36355-01-8	93261-83-7
36355-01-8	955955-53-0
36355-01-8	955955-54-1
36355-01-8	955955-55-2
36483-60-0	116995-33-6
36483-60-0	1620837-37-7
36483-60-0	182677-30-1
36483-60-0	31153-30-7
36483-60-0	35854-94-5
36483-60-0	36483-60-0
3772-94-9	3772-94-9
3772-94-9	77538-57-9
40088-47-9	103173-66-6
40088-47-9	115633-92-6
40088-47-9	1620837-33-3
40088-47-9	189084-57-9
40088-47-9	189084-61-5
40088-47-9	189084-62-6
40088-47-9	189084-63-7
40088-47-9	243982-82-3
40088-47-9	327185-09-1
40088-47-9	337513-55-0
40088-47-9	337513-68-5
40088-47-9	337513-77-6
40088-47-9	337513-82-3
40088-47-9	40088-47-9
40088-47-9	446254-18-8
40088-47-9	446254-19-9
40088-47-9	446254-20-2
40088-47-9	446254-21-3
40088-47-9	446254-22-4
40088-47-9	446254-23-5
40088-47-9	446254-24-6
40088-47-9	446254-25-7
40088-47-9	446254-26-8
40088-47-9	446254-27-9
40088-47-9	446254-28-0
40088-47-9	446254-29-1
40088-47-9	446254-30-4
40088-47-9	446254-31-5
40088-47-9	446254-32-6
40088-47-9	446254-33-7
40088-47-9	446254-34-8
40088-47-9	446254-35-9
40088-47-9	446254-36-0
40088-47-9	446254-37-1
40088-47-9	446254-38-2
40088-47-9	446254-39-3
40088-47-9	446254-40-6
40088-47-9	446254-41-7
40088-47-9	446254-42-8
40088-47-9	446254-43-9
40088-47-9	446254-45-1
40088-47-9	446254-48-4
40088-47-9	446254-50-8
40088-47-9	82458-12-6
40088-47-9	93703-48-1
423-50-7	423-50-7
446255-22-7	446255-22-7
50-29-3	1081843-15-3
50-29-3	50-29-3
5436-43-1	5436-43-1
57-74-9	39400-80-1
57-74-9	53637-13-1
57-74-9	57-74-9
58-89-9	25897-48-7
58-89-9	53529-37-6
58-89-9	55963-79-6
58-89-9	58-89-9
58-89-9	8007-42-9
58-89-9	8073-23-2
60-57-1	12622-75-2
60-57-1	17301-10-9
60-57-1	3039-00-7
60-57-1	33648-22-5
60-57-1	59029-57-1
60-57-1	60-57-1
60348-60-9	60348-60-9
608-93-5	608-93-5
67584-53-6	67584-53-6
68259-08-5	68259-08-5
68631-49-2	68631-49-2
68928-80-3	113172-79-5
68928-80-3	116995-32-5
68928-80-3	117948-63-7
68928-80-3	139598-16-6
68928-80-3	1620837-38-8
68928-80-3	189084-67-1
68928-80-3	68928-80-3
70776-03-3	103426-92-2
70776-03-3	103426-93-3
70776-03-3	103426-94-4
70776-03-3	103426-95-5
70776-03-3	103426-96-6
70776-03-3	103426-97-7
70776-03-3	1321-64-8
70776-03-3	1321-65-9
70776-03-3	1335-87-1
70776-03-3	1335-88-2
70776-03-3	149864-78-8
70776-03-3	149864-79-9
70776-03-3	149864-80-2
70776-03-3	149864-81-3
70776-03-3	149864-82-4
70776-03-3	150205-21-3
70776-03-3	150224-15-0
70776-03-3	150224-16-1
70776-03-3	150224-17-2
70776-03-3	150224-18-3
70776-03-3	150224-19-4
70776-03-3	150224-20-7
70776-03-3	150224-21-8
70776-03-3	150224-22-9
70776-03-3	150224-23-0
70776-03-3	150224-24-1
70776-03-3	150224-25-2
70776-03-3	17062-87-2
70776-03-3	1825-30-5
70776-03-3	1825-31-6
70776-03-3	20020-02-4
70776-03-3	2050-69-3
70776-03-3	2050-72-8
70776-03-3	2050-73-9
70776-03-3	2050-74-0
70776-03-3	2050-75-1
70776-03-3	2065-70-5
70776-03-3	2198-75-6
70776-03-3	2198-77-8
70776-03-3	2234-13-1
70776-03-3	2437-54-9
70776-03-3	2437-55-0
70776-03-3	25586-43-0
70776-03-3	28699-88-9
70776-03-3	31604-28-1
70776-03-3	32241-08-0
70776-03-3	3432-57-3
70776-03-3	34588-40-4
70776-03-3	50402-51-2
70776-03-3	50402-52-3
70776-03-3	51570-43-5
70776-03-3	51570-44-6
70776-03-3	51570-45-7
70776-03-3	53555-63-8
70776-03-3	53555-64-9
70776-03-3	53555-65-0
70776-03-3	55720-33-7
70776-03-3	55720-34-8
70776-03-3	55720-35-9
70776-03-3	55720-36-0
70776-03-3	55720-37-1
70776-03-3	55720-38-2
70776-03-3	55720-39-3
70776-03-3	55720-40-6
70776-03-3	55720-41-7
70776-03-3	55720-42-8
70776-03-3	55720-43-9
70776-03-3	58863-14-2
70776-03-3	58863-15-3
70776-03-3	58877-88-6
70776-03-3	6529-87-9
70776-03-3	6733-54-6
70776-03-3	67922-21-8
70776-03-3	67922-22-9
70776-03-3	67922-23-0
70776-03-3	67922-24-1
70776-03-3	67922-25-2
70776-03-3	67922-26-3
70776-03-3	67922-27-4
70776-03-3	70776-03-3
70776-03-3	90-13-1
70776-03-3	90948-28-0
70776-03-3	91-58-7
72-20-8	72-20-8
72-43-5	72-43-5
76-44-8	23720-59-4
76-44-8	37229-06-4
76-44-8	68961-31-9
76-44-8	76-44-8
8001-35-2	12687-42-2
8001-35-2	12698-98-5
8001-35-2	12770-20-6
8001-35-2	37226-11-2
8001-35-2	56645-28-4
8001-35-2	8001-35-2
8001-35-2	8022-04-6
85535-84-8	1002-69-3
85535-84-8	102736-13-0
85535-84-8	112-52-7
85535-84-8	2162-98-3
85535-84-8	2350-11-0
85535-84-8	2473-03-2
85535-84-8	34214-82-9
85535-84-8	38605-30-0
85535-84-8	43090-85-3
85535-84-8	4325-51-3
85535-84-8	54059-75-5
85535-84-8	61539-83-1
85535-84-8	65950-04-1
85535-84-8	67282-23-9
85535-84-8	71011-12-6
85535-84-8	75458-21-8
85535-84-8	822-13-9
85535-84-8	85535-84-8
85535-85-9	85535-85-9
87-68-3	87-68-3
87-68-3	UN2279
87-86-5	101802-54-4
87-86-5	1135443-67-2
87-86-5	39390-77-7
87-86-5	87-86-5
87-86-5	UN3155
959-98-8	12640-58-3
959-98-8	19595-59-6
959-98-8	29106-31-8
959-98-8	33213-66-0
959-98-8	959-98-8
RR-01965-8	123333-54-0
RR-01965-8	172201-30-8
RR-01965-8	23063-51-6
RR-01965-8	27735-63-3
RR-01965-8	2917-31-9
RR-01965-8	2917-32-0
RR-01965-8	32978-79-3
RR-01965-8	55868-72-9
RR-01965-8	73680-69-0
RR-01965-8	7778-73-6
RR-01965-8	87-76-3
RR-01965-8	RR-01965-8
RR-04537-4	RR-04537-4
RR-04606-0	1441-02-7
RR-04606-0	RR-04606-0
RR-158210-1	RR-158210-1
RR-158210-1	RR-210946-8
RR-162331-0	111393-39-6
RR-162331-0	115416-67-6
RR-162331-0	1270179-82-2
RR-162331-0	1270179-93-5
RR-162331-0	127133-66-8
RR-162331-0	129813-71-4
RR-162331-0	141607-32-1
RR-162331-0	1427176-17-7
RR-162331-0	1427176-20-2
RR-162331-0	147029-28-5
RR-162331-0	148240-80-6
RR-162331-0	148684-79-1
RR-162331-0	149652-30-2
RR-162331-0	160305-97-5
RR-162331-0	160336-17-4
RR-162331-0	160901-25-7
RR-162331-0	160901-26-8
RR-162331-0	161074-58-4
RR-162331-0	1645842-67-6
RR-162331-0	1645850-46-9
RR-162331-0	1645852-09-0
RR-162331-0	1645852-10-3
RR-162331-0	1648534-82-0
RR-162331-0	1648539-69-8
RR-162331-0	1648540-20-8
RR-162331-0	171561-95-8
RR-162331-0	178094-71-8
RR-162331-0	178535-22-3
RR-162331-0	179005-06-2
RR-162331-0	179005-07-3
RR-162331-0	1893-52-3
RR-162331-0	192662-29-6
RR-162331-0	222716-67-8
RR-162331-0	2267980-92-5
RR-162331-0	254889-10-6
RR-162331-0	30295-56-8
RR-162331-0	306973-47-7
RR-162331-0	306974-19-6
RR-162331-0	306974-28-7
RR-162331-0	306974-45-8
RR-162331-0	306974-63-0
RR-162331-0	306975-62-2
RR-162331-0	306975-84-8
RR-162331-0	306975-85-9
RR-162331-0	306976-25-0
RR-162331-0	306976-55-6
RR-162331-0	306977-10-6
RR-162331-0	306977-58-2
RR-162331-0	306978-04-1
RR-162331-0	306978-65-4
RR-162331-0	306979-40-8
RR-162331-0	306980-27-8
RR-162331-0	34455-03-3
RR-162331-0	3871-99-6
RR-162331-0	38850-51-0
RR-162331-0	38850-52-1
RR-162331-0	38850-58-7
RR-162331-0	38850-60-1
RR-162331-0	41997-13-1
RR-162331-0	504396-13-8
RR-162331-0	50598-28-2
RR-162331-0	507225-08-3
RR-162331-0	52166-82-2
RR-162331-0	55120-77-9
RR-162331-0	55591-23-6
RR-162331-0	56372-23-7
RR-162331-0	67584-48-9
RR-162331-0	67584-57-0
RR-162331-0	67584-61-6
RR-162331-0	67906-70-1
RR-162331-0	67906-71-2
RR-162331-0	67939-61-1
RR-162331-0	67939-92-8
RR-162331-0	67969-65-7
RR-162331-0	680187-85-3
RR-162331-0	680187-86-4
RR-162331-0	68081-83-4
RR-162331-0	68227-87-2
RR-162331-0	68227-94-1
RR-162331-0	68227-96-3
RR-162331-0	68227-98-5
RR-162331-0	68228-00-2
RR-162331-0	68239-74-7
RR-162331-0	68259-15-4
RR-162331-0	68259-38-1
RR-162331-0	68298-09-9
RR-162331-0	68298-74-8
RR-162331-0	68298-78-2
RR-162331-0	68299-21-8
RR-162331-0	68299-39-8
RR-162331-0	68329-56-6
RR-162331-0	68391-09-3
RR-162331-0	68555-70-4
RR-162331-0	68555-75-9
RR-162331-0	68555-90-8
RR-162331-0	68555-91-9
RR-162331-0	68555-92-0
RR-162331-0	68568-77-4
RR-162331-0	68586-13-0
RR-162331-0	68586-14-1
RR-162331-0	68608-13-9
RR-162331-0	68608-14-0
RR-162331-0	68649-26-3
RR-162331-0	68797-76-2
RR-162331-0	68815-72-5
RR-162331-0	68867-60-7
RR-162331-0	68867-62-9
RR-162331-0	68877-32-7
RR-162331-0	68891-98-5
RR-162331-0	68909-15-9
RR-162331-0	68957-32-4
RR-162331-0	68957-53-9
RR-162331-0	68957-58-4
RR-162331-0	68957-61-9
RR-162331-0	70225-16-0
RR-162331-0	70248-52-1
RR-162331-0	70776-36-2
RR-162331-0	70900-36-6
RR-162331-0	70900-40-2
RR-162331-0	71487-20-2
RR-162331-0	73772-32-4
RR-162331-0	73772-33-5
RR-162331-0	73772-34-6
RR-162331-0	76848-59-4
RR-162331-0	76848-68-5
RR-162331-0	80621-17-6
RR-162331-0	81190-38-7
RR-162331-0	82382-12-5
RR-162331-0	85520-91-8
RR-162331-0	85665-64-1
RR-162331-0	85665-66-3
RR-162331-0	86525-30-6
RR-162331-0	86525-43-1
RR-162331-0	86525-48-6
RR-162331-0	86525-51-1
RR-162331-0	86525-52-2
RR-162331-0	87988-56-5
RR-162331-0	89863-48-9
RR-162331-0	89863-49-0
RR-162331-0	89863-50-3
RR-162331-0	89863-55-8
RR-162331-0	89863-56-9
RR-162331-0	89863-63-8
RR-162331-0	89863-64-9
RR-162331-0	91081-99-1
RR-162331-0	93416-31-0
RR-162331-0	93572-72-6
RR-162331-0	944578-05-6
RR-162331-0	RR-162331-0
RR-168220-8	111393-39-6
RR-168220-8	1270179-82-2
RR-168220-8	1270179-93-5
RR-168220-8	1427176-17-7
RR-168220-8	1427176-20-2
RR-168220-8	147029-28-5
RR-168220-8	149652-30-2
RR-168220-8	171561-95-8
RR-168220-8	254889-10-6
RR-168220-8	30295-56-8
RR-168220-8	34455-03-3
RR-168220-8	3871-99-6
RR-168220-8	38850-52-1
RR-168220-8	38850-58-7
RR-168220-8	38850-60-1
RR-168220-8	41997-13-1
RR-168220-8	50598-28-2
RR-168220-8	52166-82-2
RR-168220-8	55120-77-9
RR-168220-8	55591-23-6
RR-168220-8	67584-48-9
RR-168220-8	67969-65-7
RR-168220-8	680187-86-4
RR-168220-8	68239-74-7
RR-168220-8	68259-15-4
RR-168220-8	68298-09-9
RR-168220-8	68299-21-8
RR-168220-8	68391-09-3
RR-168220-8	68555-70-4
RR-168220-8	68555-75-9
RR-168220-8	68815-72-5
RR-168220-8	68957-58-4
RR-168220-8	68957-61-9
RR-168220-8	70225-16-0
RR-168220-8	70248-52-1
RR-168220-8	73772-32-4
RR-168220-8	73772-33-5
RR-168220-8	73772-34-6
RR-168220-8	76848-59-4
RR-168220-8	76848-68-5
RR-168220-8	80621-17-6
RR-168220-8	81190-38-7
RR-168220-8	82382-12-5
RR-168220-8	85665-64-1
RR-168220-8	85665-66-3
RR-168220-8	86525-30-6
RR-168220-8	86525-43-1
RR-168220-8	86525-48-6
RR-168220-8	86525-51-1
RR-168220-8	86525-52-2
RR-168220-8	89863-48-9
RR-168220-8	89863-49-0
RR-168220-8	89863-50-3
RR-168220-8	89863-55-8
RR-168220-8	89863-56-9
RR-168220-8	89863-63-8
RR-168220-8	89863-64-9
RR-168220-8	RR-153716-2
RR-168220-8	RR-168220-8
RR-171177-9	15498-45-0
RR-171177-9	1996-88-9
RR-171177-9	2043-53-0
RR-171177-9	21652-58-4
RR-171177-9	24216-05-5
RR-171177-9	25935-14-2
RR-171177-9	26650-10-2
RR-171177-9	27619-90-5
RR-171177-9	27854-31-5
RR-171177-9	27905-45-9
RR-171177-9	30295-53-5
RR-171177-9	308-01-0
RR-171177-9	3102-79-2
RR-171177-9	3108-24-5
RR-171177-9	33496-48-9
RR-171177-9	335-60-4
RR-171177-9	335-64-8
RR-171177-9	335-66-0
RR-171177-9	335-90-0
RR-171177-9	34143-74-3
RR-171177-9	34455-21-5
RR-171177-9	34455-23-7
RR-171177-9	34695-29-9
RR-171177-9	376-23-8
RR-171177-9	376-27-2
RR-171177-9	39108-34-4
RR-171177-9	39186-68-0
RR-171177-9	40143-79-1
RR-171177-9	41358-63-8
RR-171177-9	5158-52-1
RR-171177-9	678-41-1
RR-171177-9	90622-71-2
RR-171177-9	90622-99-4
RR-171177-9	RR-171177-9
RR-211923-5	115592-83-1
RR-211923-5	130771-95-8
RR-211923-5	137199-47-4
RR-211923-5	137245-29-5
RR-211923-5	143260-97-3
RR-211923-5	1545-59-1
RR-211923-5	1638295-10-9
RR-211923-5	176676-70-3
RR-211923-5	1895-26-7
RR-211923-5	191852-87-6
RR-211923-5	200799-44-6
RR-211923-5	2043-53-0
RR-211923-5	2043-54-1
RR-211923-5	223239-91-6
RR-211923-5	223239-92-7
RR-211923-5	245331-02-6
RR-211923-5	251919-67-2
RR-211923-5	30046-31-2
RR-211923-5	307-50-6
RR-211923-5	307-60-8
RR-211923-5	307-63-1
RR-211923-5	3248-61-1
RR-211923-5	3248-63-3
RR-211923-5	335-79-5
RR-211923-5	376-04-5
RR-211923-5	39239-77-5
RR-211923-5	423-62-1
RR-211923-5	438237-75-3
RR-211923-5	558-97-4
RR-211923-5	57678-03-2
RR-211923-5	60699-51-6
RR-211923-5	63295-27-2
RR-211923-5	63295-28-3
RR-211923-5	637334-54-4
RR-211923-5	65104-65-6
RR-211923-5	65104-67-8
RR-211923-5	65510-55-6
RR-211923-5	65510-56-7
RR-211923-5	65530-63-4
RR-211923-5	65530-64-5
RR-211923-5	65530-69-0
RR-211923-5	65530-70-3
RR-211923-5	65530-71-4
RR-211923-5	65530-72-5
RR-211923-5	65530-74-7
RR-211923-5	65530-83-8
RR-211923-5	677-93-0
RR-211923-5	678-39-7
RR-211923-5	68187-25-7
RR-211923-5	68187-47-3
RR-211923-5	68188-12-5
RR-211923-5	68333-92-6
RR-211923-5	68390-33-0
RR-211923-5	68391-08-2
RR-211923-5	68412-68-0
RR-211923-5	68412-69-1
RR-211923-5	70616-99-8
RR-211923-5	70887-94-4
RR-211923-5	72968-38-8
RR-211923-5	74499-44-8
RR-211923-5	865-86-1
RR-211923-5	87017-97-8
RR-211923-5	90622-71-2
RR-211923-5	91032-01-8
RR-211923-5	93062-53-4
RR-211923-5	93857-44-4
RR-211923-5	94158-70-0
RR-211923-5	94200-42-7
RR-211923-5	94200-43-8
RR-211923-5	94200-46-1
RR-211923-5	94200-47-2
RR-211923-5	94200-48-3
RR-211923-5	94200-50-7
RR-211923-5	94200-51-8
RR-211923-5	RR-211923-5
RR-211924-6	114645-21-5
RR-211924-6	116405-40-4
RR-211924-6	1361333-17-6
RR-211924-6	145965-56-6
RR-211924-6	145965-57-7
RR-211924-6	207678-60-2
RR-211924-6	207678-63-5
RR-211924-6	207678-68-0
RR-211924-6	207747-55-5
RR-211924-6	21049-38-7
RR-211924-6	21049-39-8
RR-211924-6	2481084-12-0
RR-211924-6	2578327-48-5
RR-211924-6	2578332-94-0
RR-211924-6	2578335-89-2
RR-211924-6	2578336-51-1
RR-211924-6	30377-53-8
RR-211924-6	307-66-4
RR-211924-6	307-67-5
RR-211924-6	3108-42-7
RR-211924-6	3658-62-6
RR-211924-6	3658-63-7
RR-211924-6	376-08-9
RR-211924-6	376-11-4
RR-211924-6	3793-74-6
RR-211924-6	3830-45-3
RR-211924-6	3918-02-3
RR-211924-6	4089-28-5
RR-211924-6	4149-60-4
RR-211924-6	423-71-2
RR-211924-6	4234-23-5
RR-211924-6	4288-72-6
RR-211924-6	444992-05-6
RR-211924-6	444992-06-7
RR-211924-6	444992-07-8
RR-211924-6	464-23-3
RR-211924-6	51604-85-4
RR-211924-6	5784-82-7
RR-211924-6	6060-71-5
RR-211924-6	60871-92-3
RR-211924-6	60871-93-4
RR-211924-6	60871-95-6
RR-211924-6	60871-96-7
RR-211924-6	60872-00-6
RR-211924-6	60872-01-7
RR-211924-6	60872-02-8
RR-211924-6	7358-16-9
RR-211924-6	83329-69-5
RR-211924-6	84743-32-8
RR-211924-6	86162-99-4
RR-211924-6	90430-62-9
RR-211924-6	RR-211924-6
RR-48424-2	2795-39-3
RR-48424-2	29081-56-9
RR-48424-2	29457-72-5
RR-48424-2	4021-47-0
RR-48424-2	56773-42-3
RR-48424-2	70225-14-8
RR-48424-2	71463-74-6
RR-48424-2	91036-71-4
RR-48424-2	RR-48424-2
RR-64340-3	1195164-59-0
RR-64340-3	13058-06-5
RR-64340-3	15715-47-6
RR-64340-3	15739-82-9
RR-64340-3	17125-58-5
RR-64340-3	18017-22-6
RR-64340-3	19742-57-5
RR-64340-3	2395-00-8
RR-64340-3	29457-73-6
RR-64340-3	32609-65-7
RR-64340-3	335-93-3
RR-64340-3	335-95-5
RR-64340-3	3825-26-1
RR-64340-3	61436-04-2
RR-64340-3	68141-02-6
RR-64340-3	90480-56-1
RR-64340-3	98241-25-9
RR-64340-3	RR-64340-3
