コード	前	後
JP-PRTR-C1-2	亜鉛＝ビス（二―メチルプロパ―二―エノアート）	亜鉛＝ビス（２－メチルプロパ－２－エノアート）
JP-PRTR-C1-5	アクリル酸二―エチルヘキシル	アクリル酸２－エチルヘキシル
JP-PRTR-C1-7	アクリル酸二―（ジメチルアミノ）エチル	アクリル酸２－（ジメチルアミノ）エチル
JP-PRTR-C1-13	アジピン酸、（Ｎ―（二―アミノエチル）エタン―一・二―ジアミン又はＮ・Ｎ′―ビス（二―アミノエチル）エタン―一・二―ジアミン）と二―（クロロメチル）オキシランの重縮合物	アジピン酸、（Ｎ－（２－アミノエチル）エタン－１，２－ジアミン又はＮ，Ｎ’－ビス（２－アミノエチル）エタン－１，２－ジアミン）と２－（クロロメチル）オキシランの重縮合物
JP-PRTR-C1-14	アジピン酸ジ―二―エチルヘキシル	アジピン酸ジ－２－エチルヘキシル
JP-PRTR-C1-16	一―アセチル―一・二・三・四―テトラヒドロ―三―［（三―ピリジルメチル）アミノ］―六―［一・二・二・二―テトラフルオロ―一―（トリフルオロメチル）エチル］キナゾリン―二―オン（別名ピリフルキナゾン）	１－アセチル－１，２，３，４－テトラヒドロ－３－［（３－ピリジルメチル）アミノ］－６－［１．２．２．２－テトラフルオロ－１－（トリフルオロメチル）エチル］キナゾリン－２－オン（別名ピリフルキナゾン）
JP-PRTR-C1-21	二―アミノエタノール	２－アミノエタノール
JP-PRTR-C1-22	五―アミノ―四―クロロ―二―フェニルピリダジン―三（二Ｈ）―オン（別名クロリダゾン）	５－アミノ－４－クロロ－２－フェニルピリダジン－３（２Ｈ）－オン（別名クロリダゾン）
JP-PRTR-C1-23	五―アミノ―一―［二・六―ジクロロ―四―（トリフルオロメチル）フェニル］―三―シアノ―四―［（トリフルオロメチル）スルフィニル］ピラゾール（別名フィプロニル）	５－アミノ－１－［２．６－ジクロロ－４－（トリフルオロメチル）フェニル］－３－シアノ－４－［（トリフルオロメチル）スルフィニル］ピラゾール（別名フィプロニル）
JP-PRTR-C1-24	オルト―アミノフェノール	オルト－アミノフェノール
JP-PRTR-C1-25	パラ―アミノフェノール	パラ－アミノフェノール
JP-PRTR-C1-26	四―アミノ―六―ターシャリ―ブチル―三―メチルチオ―一・二・四―トリアジン―五（四Ｈ）―オン（別名メトリブジン）	４－アミノ－６－ターシャリ－ブチル－３－メチルチオ－１，２，４－トリアジン－５（４Ｈ）－オン（別名メトリブジン）
JP-PRTR-C1-27	四―アミノ―三―メチル―六―フェニル―一・二・四―トリアジン―五（四Ｈ）―オン（別名メタミトロン）	４－アミノ－３－メチル－６－フェニル－１，２，４－トリアジン－５（４Ｈ）－オン（別名メタミトロン）
JP-PRTR-C1-29	一―アリルオキシ―二・三―エポキシプロパン	１－アリルオキシ－２，３－エポキシプロパン
JP-PRTR-C1-30	三―アリルオキシ―一・二―ベンゾイソチアゾール―一・一―ジオキシド（別名プロベナゾール）	３－アリルオキシ－１，２－ベンゾイソチアゾール－１，１－ジオキシド（別名プロベナゾール）
JP-PRTR-C1-31	四―アリル―一・二―ジメトキシベンゼン	４－アリル－１，２－ジメトキシベンゼン
JP-PRTR-C1-34	アルカノール（炭素数が十のものに限る。）（別名デカノール）	アルカノール（炭素数が１０のものに限る。）（別名デカノール）
JP-PRTR-C1-35	［（三―アルカンアミドプロピル）（ジメチル）アンモニオ］アセタート（アルカンの構造が直鎖であり、かつ、当該アルカンの炭素数が八、十、十二、十四、十六又は十八のもの及びその混合物に限る。）及び（Ｚ）―［［三―（オクタデカ―九―エンアミド）プロピル］（ジメチル）アンモニオ］アセタート並びにこれらの混合物	［（３－アルカンアミドプロピル）（ジメチル）アンモニオ］アセタート（アルカンの構造が直鎖であり、かつ、当該アルカンの炭素数が８、１０、１２、１４、１６又は１８のもの及びその混合物に限る。）及び（Ｚ）－［［３－（オクタデカ－９－エンアミド）プロピル］（ジメチル）アンモニオ］アセタート並びにこれらの混合物
JP-PRTR-C1-36	（三―アルカンアミドプロピル）（メチル）［二―（アルカノイルオキシ）エチル］アンモニウム＝クロリド（アルカン及びアルカノイルの構造が直鎖であり、かつ、当該アルカン及び当該アルカノイルのそれぞれの炭素数が十四、十六又は十八のもの及びその混合物に限る。）	（３－アルカンアミドプロピル）（メチル）［２－（アルカノイルオキシ）エチル］アンモニウム＝クロリド（アルカン及びアルカノイルの構造が直鎖であり、かつ、当該アルカン及び当該アルカノイルのそれぞれの炭素数が１４、１６又は１８のもの及びその混合物に限る。）
JP-PRTR-C1-37	アルカン―一―アミン（アルカンの構造が直鎖であり、かつ、当該アルカンの炭素数が八、十、十二、十四、十六又は十八のもの及びその混合物に限る。）、（Ｚ）―オクタデカ―九―エン―一―アミン及び（九Ｚ・一二Ｚ）―オクタデカ―九・一二―ジエン―一―アミン並びにこれらの混合物	アルカン－１－アミン（アルカンの構造が直鎖であり、かつ、当該アルカンの炭素数が８、１０、１２、１４、１６又は１８のもの及びその混合物に限る。）、（Ｚ）－オクタデカ－９－エン－１－アミン及び（９Ｚ，１２Ｚ）－オクタデカ－９，１２－ジエン－１－アミン並びにこれらの混合物
JP-PRTR-C1-38	アルカン―一―アミン（アルカンの構造が直鎖であり、かつ、当該アルカンの炭素数が八、十、十二、十四、十六又は十八のもの及びその混合物に限る。）のオキシラン重付加物、（Ｚ）―オクタデカ―九―エン―一―アミンのオキシラン重付加物及び（九Ｚ・一二Ｚ）―オクタデカ―九・一二―ジエン―一―アミンのオキシラン重付加物の混合物	アルカン－１－アミン（アルカンの構造が直鎖であり、かつ、当該アルカンの炭素数が８、１０、１２、１４、１６又は１８のもの及びその混合物に限る。）のオキシラン重付加物、（Ｚ）－オクタデカ－９－エン－１－アミンのオキシラン重付加物及び（９Ｚ，１２Ｚ）－オクタデカ－９，１２－ジエン－１－アミンのオキシラン重付加物の混合物
JP-PRTR-C1-39	アルファ―アルキル―オメガ―ヒドロキシポリ（オキシエタン―一・二―ジイル）（アルキル基の炭素数が十六から十八までのもの及びその混合物であって、数平均分子量が千未満のものに限る。）及びアルファ―アルケニル―オメガ―ヒドロキシポリ（オキシエタン―一・二―ジイル）（アルケニル基の炭素数が十六から十八までのもの及びその混合物であって、数平均分子量が千未満のものに限る。）並びにこれらの混合物	アルファ－アルキル－オメガ－ヒドロキシポリ（オキシエタン－１，２－ジイル）（アルキル基の炭素数が１６から１８までのもの及びその混合物であって、数平均分子量が千未満のものに限る。）及びアルファ－アルケニル－オメガ－ヒドロキシポリ（オキシエタン－１，２－ジイル）（アルケニル基の炭素数が１６から１８までのもの及びその混合物であって、数平均分子量が千未満のものに限る。）並びにこれらの混合物
JP-PRTR-C1-40	アルファ―アルキル―オメガ―ヒドロキシポリ［オキシエタン―一・二―ジイル／オキシ（メチルエタン―一・二―ジイル）］（アルキル基の構造が分枝であり、かつ、当該アルキル基の炭素数が九から十一までのものの混合物（当該アルキル基の炭素数が十のものを主成分とするものに限る。）に限る。）	アルファ－アルキル－オメガ－ヒドロキシポリ［オキシエタン－１．２－ジイル／オキシ（メチルエタン－１，２－ジイル）］（アルキル基の構造が分枝であり、かつ、当該アルキル基の炭素数が９から１１までのものの混合物（当該アルキル基の炭素数が１０のものを主成分とするものに限る。）に限る。）
JP-PRTR-C1-41	アルファ―アルキル―オメガ―ヒドロキシポリ（オキシエチレン）（アルキル基の炭素数が九から十一までのもの及びその混合物であって、数平均分子量が千未満のものに限る。）	アルファ－アルキル－オメガ－ヒドロキシポリ（オキシエチレン）（アルキル基の炭素数が９から１１までのもの及びその混合物であって、数平均分子量が千未満のものに限る。）
JP-PRTR-C1-42	アルキルフェノール（アルキル基の炭素数が九のものに限る。）	アルキルフェノール（アルキル基の炭素数が９のものに限る。）
JP-PRTR-C1-43	パラ―アルキルフェノール（アルキル基の炭素数が八のものに限る。）	パラ－アルキルフェノール（アルキル基の炭素数が８のものに限る。）
JP-PRTR-C1-44	アルキル（ベンジル）（ジメチル）アンモニウムの塩（アルキル基の炭素数が十二から十六までのもの及びその混合物に限る。）	アルキル（ベンジル）（ジメチル）アンモニウムの塩（アルキル基の炭素数が１２から１６までのもの及びその混合物に限る。）
JP-PRTR-C1-45	直鎖アルキルベンゼンスルホン酸及びその塩（アルキル基の炭素数が十から十四までのもの及びその混合物に限る。）	直鎖アルキルベンゼンスルホン酸及びその塩（アルキル基の炭素数が１０から１４までのもの及びその混合物に限る。）
JP-PRTR-C1-50	アントラセン―九・一〇―ジオン（別名アントラキノン）	アントラセン－９，１０－ジオン（別名アントラキノン）
JP-PRTR-C1-52	アルファ―（イソシアナトベンジル）―オメガ―（イソシアナトフェニル）ポリ［（イソシアナトフェニレン）メチレン］	アルファ－（イソシアナトベンジル）－オメガ－（イソシアナトフェニル）ポリ［（イソシアナトフェニレン）メチレン］
JP-PRTR-C1-53	三―イソシアナトメチル―三・五・五―トリメチルシクロヘキシル＝イソシアネート	３－イソシアナトメチル－３，５，５－トリメチルシクロヘキシル＝イソシアネート
JP-PRTR-C1-55	四・四′―イソプロピリデンジフェノール（別名ビスフェノールＡ）	４，４’－イソプロピリデンジフェノール（別名ビスフェノールＡ）
JP-PRTR-C1-56	イソプロピル＝三―クロロカルバニラート（別名クロルプロファム又はＩＰＣ）	イソプロピル＝３－クロロカルバニラート（別名クロルプロファム又はＩＰＣ）
JP-PRTR-C1-57	三―（四―イソプロピルフェニル）―二―メチルプロパナール	３－（４－イソプロピルフェニル）－２－メチルプロパナール
JP-PRTR-C1-58	四―イソプロピル―三―メチルフェノール	４－イソプロピル－３－メチルフェノール
JP-PRTR-C1-59	イソプロピル＝二―（四―メトキシビフェニル―三―イル）ヒドラジノホルマート（別名ビフェナゼート）	イソプロピル＝２－（４－メトキシビフェニル－３－イル）ヒドラジノホルマート（別名ビフェナゼート）
JP-PRTR-C1-60	三′―イソプロポキシ―二―トリフルオロメチルベンズアニリド（別名フルトラニル）	３’－イソプロポキシ－２－トリフルオロメチルベンズアニリド（別名フルトラニル）
JP-PRTR-C1-61	一・一′―（イミノジオクタメチレン）ジグアニジン＝トリアセタート（別名イミノクタジン酢酸塩）	１，１’－（イミノジオクタメチレン）ジグアニジン＝トリアセタート（別名イミノクタジン酢酸塩）
JP-PRTR-C1-64	エチル＝二―［四―（六―クロロ―二―キノキサリニルオキシ）フェノキシ］プロピオナート（別名キザロホップエチル）	エチル＝２－［４－（６－クロロ－２－キノキサリニルオキシ）フェノキシ］プロピオナート（別名キザロホップエチル）
JP-PRTR-C1-66	五―エチル―五・八―ジヒドロ―八―オキソ―［一・三］ジオキソロ［四・五―ｇ］キノリン―七―カルボン酸（別名オキソリニック酸）	５－エチル－５，８－ジヒドロ－８－オキソ－［１．３］ジオキソロ［４，５－ｇ］キノリン－７－カルボン酸（別名オキソリニック酸）
JP-PRTR-C1-67	Ｎ―エチル―Ｎ・Ｎ―ジメチルテトラデカン―一―アミニウムの塩	Ｎ－エチル－Ｎ，Ｎ－ジメチルテトラデカン－１－アミニウムの塩
JP-PRTR-C1-68	Ｏ―エチル＝Ｏ―（六―ニトロ―メタ―トリル）＝セカンダリ―ブチルホスホルアミドチオアート（別名ブタミホス）	Ｏ－エチル＝Ｏ－（６－ニトロ－メタ－トリル）＝セカンダリ－ブチルホスホルアミドチオアート（別名ブタミホス）
JP-PRTR-C1-69	Ｏ―エチル＝Ｏ―四―ニトロフェニル＝フェニルホスホノチオアート（別名ＥＰＮ）	Ｏ－エチル＝Ｏ－４－ニトロフェニル＝フェニルホスホノチオアート（別名ＥＰＮ）
JP-PRTR-C1-70	Ｎ―（一―エチルプロピル）―二・六―ジニトロ―三・四―キシリジン（別名ペンディメタリン）	Ｎ－（１－エチルプロピル）－２，６－ジニトロ－３，４－キシリジン（別名ペンディメタリン）
JP-PRTR-C1-71	Ｓ―エチル＝ヘキサヒドロ―一Ｈ―アゼピン―一―カルボチオアート（別名モリネート）	Ｓ－エチル＝ヘキサヒドロ－１Ｈ－アゼピン－１－カルボチオアート（別名モリネート）
JP-PRTR-C1-72	エチル＝（Ｚ）―三―［Ｎ―ベンジル―Ｎ―［［メチル（一―メチルチオエチリデンアミノオキシカルボニル）アミノ］チオ］アミノ］プロピオナート（別名アラニカルブ）	エチル＝（Ｚ）－３－［Ｎ－ベンジル－Ｎ－［［メチル（１－メチルチオエチリデンアミノオキシカルボニル）アミノ］チオ］アミノ］プロピオナート（別名アラニカルブ）
JP-PRTR-C1-74	Ｏ―エチル＝Ｓ―一―メチルプロピル＝（二―オキソ―三―チアゾリジニル）ホスホノチオアート（別名ホスチアゼート）	Ｏ－エチル＝Ｓ－１－メチルプロピル＝（２－オキソ－３－チアゾリジニル）ホスホノチオアート（別名ホスチアゼート）
JP-PRTR-C1-81	Ｎ・Ｎ′―エチレンビス（ジチオカルバミン酸）マンガン（別名マンネブ）	Ｎ，Ｎ’－エチレンビス（ジチオカルバミン酸）マンガン（別名マンネブ）
JP-PRTR-C1-82	Ｎ・Ｎ′―エチレンビス（ジチオカルバミン酸）マンガンとＮ・Ｎ′―エチレンビス（ジチオカルバミン酸）亜鉛の錯化合物（別名マンコゼブ又はマンゼブ）	Ｎ，Ｎ’－エチレンビス（ジチオカルバミン酸）マンガンとＮ，Ｎ’－エチレンビス（ジチオカルバミン酸）亜鉛の錯化合物（別名マンコゼブ又はマンゼブ）
JP-PRTR-C1-83	一・一′―エチレン―二・二′―ビピリジニウム＝ジブロミド（別名ジクアトジブロミド又はジクワット）	１，１’－エチレン－２，２’－ビピリジニウム＝ジブロミド（別名ジクアトジブロミド又はジクワット）
JP-PRTR-C1-84	（四―エトキシフェニル）［三―（四―フルオロ―三―フェノキシフェニル）プロピル］ジメチルシラン（別名シラフルオフェン）	（４－エトキシフェニル）［３－（４－フルオロ－３－フェノキシフェニル）プロピル］ジメチルシラン（別名シラフルオフェン）
JP-PRTR-C1-85	二―（四―エトキシフェニル）―二―メチルプロピル＝三―フェノキシベンジルエーテル（別名エトフェンプロックス）	２－（４－エトキシフェニル）－２－メチルプロピル＝３－フェノキシベンジルエーテル（別名エトフェンプロックス）
JP-PRTR-C1-87	一・二―エポキシブタン	１，２－エポキシブタン
JP-PRTR-C1-88	一・二―エポキシプロパン（別名酸化プロピレン）	１，２－エポキシプロパン（別名酸化プロピレン）
JP-PRTR-C1-89	塩化パラフィン（炭素数が十から十三までのもの及びその混合物に限る。）	塩化パラフィン（炭素数が１０から１３までのもの及びその混合物に限る。）
JP-PRTR-C1-90	塩化直鎖パラフィン（炭素数が十四から十七までのもの及びその混合物に限る。）	塩化直鎖パラフィン（炭素数が１４から１７までのもの及びその混合物に限る。）
JP-PRTR-C1-92	オキサシクロヘキサデカン―二―オン	オキサシクロヘキサデカン－２－オン
JP-PRTR-C1-93	四・四′―オキシビスベンゼンスルホニルヒドラジド	４，４’－オキシビスベンゼンスルホニルヒドラジド
JP-PRTR-C1-94	一―オクタノール	１－オクタノール
JP-PRTR-C1-101	二・四―キシレノール	２，４－キシレノール
JP-PRTR-C1-102	二・六―キシレノール	２，６－キシレノール
JP-PRTR-C1-111	クロム及び三価クロム化合物	クロム及び３価クロム化合物
JP-PRTR-C1-112	六価クロム化合物	６価クロム化合物
JP-PRTR-C1-114	一―（二―クロロイミダゾ［一・二―ａ］ピリジン―三―イルスルホニル）―三―（四・六―ジメトキシピリミジン―二―イル）尿素（別名イマゾスルフロン）	１－（２－クロロイミダゾ［１，２－ａ］ピリジン－３－イルスルホニル）－３－（４，６－ジメトキシピリミジン－２－イル）尿素（別名イマゾスルフロン）
JP-PRTR-C1-115	二―クロロ―四―エチルアミノ―六―イソプロピルアミノ―一・三・五―トリアジン（別名アトラジン）	２－クロロ－４－エチルアミノ－６－イソプロピルアミノ－１，３，５－トリアジン（別名アトラジン）
JP-PRTR-C1-116	二―（四―クロロ―六―エチルアミノ―一・三・五―トリアジン―二―イル）アミノ―二―メチルプロピオノニトリル（別名シアナジン）	２－（４－クロロ－６－エチルアミノ－１，３，５－トリアジン－２－イル）アミノ－２－メチルプロピオノニトリル（別名シアナジン）
JP-PRTR-C1-117	四―クロロ―三―エチル―一―メチル―Ｎ―［四―（パラトリルオキシ）ベンジル］ピラゾール―五―カルボキサミド（別名トルフェンピラド）	４－クロロ－３－エチル－１－メチル－Ｎ－［４－（パラトリルオキシ）ベンジル］ピラゾール－５－カルボキサミド（別名トルフェンピラド）
JP-PRTR-C1-118	二―クロロ―二′―エチル―Ｎ―（二―メトキシ―一―メチルエチル）―六′―メチルアセトアニリド（別名メトラクロール）	２－クロロ－２’－エチル－Ｎ－（２－メトキシ－１－メチルエチル）－６’－メチルアセトアニリド（別名メトラクロール）
JP-PRTR-C1-119	二―クロロ―二′―エチル―Ｎ―［（一Ｓ）―二―メトキシ―一―メチルエチル］―六′―メチルアセトアニリド及び二―クロロ―二′―エチル―Ｎ―［（一Ｒ）―二―メトキシ―一―メチルエチル］―六′―メチルアセトアニリドの混合物（二―クロロ―二′―エチル―Ｎ―［（一Ｓ）―二―メトキシ―一―メチルエチル］―六′―メチルアセトアニリドの含有率が八十重量パーセント以上のものに限る。）（別名Ｓ―メトラクロール）	２－クロロ－２’－エチル－Ｎ－［（１Ｓ）－２－メトキシ－１－メチルエチル］－６’－メチルアセトアニリド及び２－クロロ－２’－エチル－Ｎ－［（１Ｒ）－２－メトキシ－１－メチルエチル］－６’－メチルアセトアニリドの混合物（２－クロロ－２’－エチル－Ｎ－［（１Ｓ）－２－メトキシ－１－メチルエチル］－６’－メチルアセトアニリドの含有率が八十重量パーセント以上のものに限る。）（別名Ｓ－メトラクロール）
JP-PRTR-C1-121	三―クロロ―Ｎ―（三―クロロ―五―トリフルオロメチル―二―ピリジル）―アルファ・アルファ・アルファ―トリフルオロ―二・六―ジニトロ―パラ―トルイジン（別名フルアジナム）	３－クロロ－Ｎ－（３－クロロ－５－トリフルオロメチル－２－ピリジル）－アルファ・アルファ・アルファ－トリフルオロ－２，６－ジニトロ－パラ－トルイジン（別名フルアジナム）
JP-PRTR-C1-122	一―［［二―［二―クロロ―四―（四―クロロフェノキシ）フェニル］―四―メチル―一・三―ジオキソラン―二―イル］メチル］―一Ｈ―一・二・四―トリアゾール（別名ジフェノコナゾール）	１－［［２－［２－クロロ－４－（４－クロロフェノキシ）フェニル］－４－メチル－１，３－ジオキソラン－２－イル］メチル］－１Ｈ－１，２，４－トリアゾール（別名ジフェノコナゾール）
JP-PRTR-C1-124	二―クロロ―二′・六′―ジエチル―Ｎ―（二―プロポキシエチル）アセトアニリド（別名プレチラクロール）	２－クロロ－２’・６’－ジエチル－Ｎ－（２－プロポキシエチル）アセトアニリド（別名プレチラクロール）
JP-PRTR-C1-125	二―クロロ―二′・六′―ジエチル―Ｎ―（メトキシメチル）アセトアニリド（別名アラクロール）	２－クロロ－２’・６’－ジエチル－Ｎ－（メトキシメチル）アセトアニリド（別名アラクロール）
JP-PRTR-C1-126	三―（四―クロロ―五―シクロペンチルオキシ―二―フルオロフェニル）―五―イソプロピリデン―一・三―オキサゾリジン―二・四―ジオン（別名ペントキサゾン）	３－（４－クロロ－５－シクロペンチルオキシ－２－フルオロフェニル）－５－イソプロピリデン－１，３－オキサゾリジン－２，４－ジオン（別名ペントキサゾン）
JP-PRTR-C1-127	五―クロロ―二―（二・四―ジクロロフェノキシ）フェノール（別名トリクロサン）	５－クロロ－２－（２，４－ジクロロフェノキシ）フェノール（別名トリクロサン）
JP-PRTR-C1-128	（ＲＳ）―五―クロロ―Ｎ―（一・三―ジヒドロ―一・一・三―トリメチルイソベンゾフラン―四―イル）―一・三―ジメチル―一Ｈ―ピラゾール―四―カルボキサミド（別名フラメトピル）	（ＲＳ）－５－クロロ－Ｎ－（１，３－ジヒドロ－１，１，３－トリメチルイソベンゾフラン－４－イル）－１，３－ジメチル－１Ｈ－ピラゾール－４－カルボキサミド（別名フラメトピル）
JP-PRTR-C1-129	一―クロロ―一・一―ジフルオロエタン（別名ＨＣＦＣ―一四二ｂ）	１－クロロ－１，１－ジフルオロエタン（別名ＨＣＦＣ－１４２ｂ）
JP-PRTR-C1-130	クロロジフルオロメタン（別名ＨＣＦＣ―二二）	クロロジフルオロメタン（別名ＨＣＦＣ－２２）
JP-PRTR-C1-131	三′―クロロ―四・四′―ジメチル―一・二・三―チアジアゾール―五―カルボキサニリド（別名チアジニル）	３’－クロロ－４，４’－ジメチル－１，２，３－チアジアゾール－５－カルボキサニリド（別名チアジニル）
JP-PRTR-C1-132	（ＲＳ）―二―クロロ―Ｎ―（二・四―ジメチル―三―チエニル）―Ｎ―（二―メトキシ―一―メチルエチル）アセトアミド（別名ジメテナミド）	（ＲＳ）－２－クロロ－Ｎ－（２，４－ジメチル－３－チエニル）－Ｎ－（２－メトキシ－１－メチルエチル）アセトアミド（別名ジメテナミド）
JP-PRTR-C1-133	（Ｓ）―二―クロロ―Ｎ―（二・四―ジメチル―三―チエニル）―Ｎ―（二―メトキシ―一―メチルエチル）アセトアミド（別名ジメテナミドＰ）	（Ｓ）－２－クロロ－Ｎ－（２，４－ジメチル－３－チエニル）－Ｎ－（２－メトキシ－１－メチルエチル）アセトアミド（別名ジメテナミドＰ）
JP-PRTR-C1-134	三―クロロ―Ｎ―（四・六―ジメトキシピリミジン―二―イルカルバモイル）―一―メチル―四―（五―メチル―五・六―ジヒドロ―一・四・二―ジオキサジン―三―イル）ピラゾール―五―スルホンアミド（別名メタゾスルフロン）	３－クロロ－Ｎ－（４，６－ジメトキシピリミジン－２－イルカルバモイル）－１－メチル－４－（５－メチル－５，６－ジヒドロ－１，４，２－ジオキサジン－３－イル）ピラゾール－５－スルホンアミド（別名メタゾスルフロン）
JP-PRTR-C1-135	三―（二―クロロ―一・三―チアゾール―五―イルメチル）―五―メチル―Ｎ―ニトロ―一・三・五―オキサジアジナン―四―イミン（別名チアメトキサム）	３－（２－クロロ－１，３－チアゾール－５－イルメチル）－５－メチル－Ｎ－ニトロ－１，３，５－オキサジアジナン－４－イミン（別名チアメトキサム）
JP-PRTR-C1-136	（Ｅ）―一―（二―クロロ―一・三―チアゾール―五―イルメチル）―三―メチル―二―ニトログアニジン（別名クロチアニジン）	（Ｅ）－１－（２－クロロ－１，３－チアゾール－５－イルメチル）－３－メチル－２－ニトログアニジン（別名クロチアニジン）
JP-PRTR-C1-137	二―クロロ―一・一・一・二―テトラフルオロエタン（別名ＨＣＦＣ―一二四）	２－クロロ－１，１，１，２－テトラフルオロエタン（別名ＨＣＦＣ－１２４）
JP-PRTR-C1-138	クロロトリフルオロエタン（別名ＨＣＦＣ―一三三）	クロロトリフルオロエタン（別名ＨＣＦＣ－１３３）
JP-PRTR-C1-139	（ＲＳ）―二―（四―クロロ―オルト―トリルオキシ）プロピオン酸（別名メコプロップ）	（ＲＳ）－２－（４－クロロ－オルト－トリルオキシ）プロピオン酸（別名メコプロップ）
JP-PRTR-C1-140	二―クロロ―四・六―ビス（エチルアミノ）―一・三・五―トリアジン（別名シマジン又はＣＡＴ）	２－クロロ－４，６－ビス（エチルアミノ）－１，３，５－トリアジン（別名シマジン又はＣＡＴ）
JP-PRTR-C1-141	トランス―Ｎ―（六―クロロ―三―ピリジルメチル）―Ｎ′―シアノ―Ｎ―メチルアセトアミジン（別名アセタミプリド）	トランス－Ｎ－（６－クロロ－３－ピリジルメチル）－Ｎ’－シアノ－Ｎ－メチルアセトアミジン（別名アセタミプリド）
JP-PRTR-C1-142	一―（六―クロロ―三―ピリジルメチル）―Ｎ―ニトロイミダゾリジン―二―イリデンアミン（別名イミダクロプリド）	１－（６－クロロ－３－ピリジルメチル）－Ｎ－ニトロイミダゾリジン－２－イリデンアミン（別名イミダクロプリド）
JP-PRTR-C1-143	三―（六―クロロピリジン―三―イルメチル）―一・三―チアゾリジン―二―イリデンシアナミド（別名チアクロプリド）	３－（６－クロロピリジン－３－イルメチル）－１，３－チアゾリジン－２－イリデンシアナミド（別名チアクロプリド）
JP-PRTR-C1-144	四―（二―クロロフェニル）―Ｎ―シクロヘキシル―Ｎ―エチル―四・五―ジヒドロ―五―オキソ―一Ｈ―テトラゾール―一―カルボキサミド（別名フェントラザミド）	４－（２－クロロフェニル）－Ｎ－シクロヘキシル－Ｎ－エチル－４，５－ジヒドロ－５－オキソ－１Ｈ－テトラゾール－１－カルボキサミド（別名フェントラザミド）
JP-PRTR-C1-145	（ＲＳ）―一―パラ―クロロフェニル―四・四―ジメチル―三―（一Ｈ―一・二・四―トリアゾール―一―イルメチル）ペンタン―三―オール（別名テブコナゾール）	（ＲＳ）－１－パラ－クロロフェニル－４，４－ジメチル－３－（１Ｈ－１，２，４－トリアゾール－１－イルメチル）ペンタン－３－オール（別名テブコナゾール）
JP-PRTR-C1-146	パラ―クロロフェノール	パラ－クロロフェノール
JP-PRTR-C1-147	三―クロロプロペン（別名塩化アリル）	３－クロロプロペン（別名塩化アリル）
JP-PRTR-C1-148	一―（二―クロロベンジル）―三―（一―メチル―一―フェニルエチル）尿素（別名クミルロン）	１－（２－クロロベンジル）－３－（１－メチル－１－フェニルエチル）尿素（別名クミルロン）
JP-PRTR-C1-150	クロロペンタフルオロエタン（別名ＣＦＣ―一一五）	クロロペンタフルオロエタン（別名ＣＦＣ－１１５）
JP-PRTR-C1-152	二―［二―クロロ―四―メシル―三―［（テトラヒドロフラン―二―イルメトキシ）メチル］ベンゾイル］シクロヘキサン―一・三―ジオン（別名テフリルトリオン）	２－［２－クロロ－４－メシル－３－［（テトラヒドロフラン－２－イルメトキシ）メチル］ベンゾイル］シクロヘキサン－１，３－ジオン（別名テフリルトリオン）
JP-PRTR-C1-153	三―（二―クロロ―四―メシルベンゾイル）―四―フェニルスルファニルビシクロ［三・二・一］オクタ―三―エン―二―オン（別名ベンゾビシクロン）	３－（２－クロロ－４－メシルベンゾイル）－４－フェニルスルファニルビシクロ［３．２．１］オクタ－３－エン－２－オン（別名ベンゾビシクロン）
JP-PRTR-C1-155	（Ｅ）―Ｎ―［二―クロロ―五―［一―（六―メチルピリジン―二―イルメトキシイミノ）エチル］ベンジル］カルバミン酸メチル（別名ピリベンカルブ）	（Ｅ）－Ｎ－［２－クロロ－５－［１－（６－メチルピリジン－２－イルメトキシイミノ）エチル］ベンジル］カルバミン酸メチル（別名ピリベンカルブ）
JP-PRTR-C1-157	酢酸二―エトキシエチル（別名エチレングリコールモノエチルエーテルアセテート）	酢酸２－エトキシエチル（別名エチレングリコールモノエチルエーテルアセテート）
JP-PRTR-C1-160	酢酸二―メトキシエチル（別名エチレングリコールモノメチルエーテルアセテート）	酢酸２－メトキシエチル（別名エチレングリコールモノメチルエーテルアセテート）
JP-PRTR-C1-162	トランス―一―（二―シアノ―二―メトキシイミノアセチル）―三―エチル尿素（別名シモキサニル）	トランス－１－（２－シアノ－２－メトキシイミノアセチル）－３－エチル尿素（別名シモキサニル）
JP-PRTR-C1-163	四・四′―ジアミノジフェニルエーテル	４，４’－ジアミノジフェニルエーテル
JP-PRTR-C1-167	Ｏ―二―ジエチルアミノ―六―メチルピリミジン―四―イル＝Ｏ・Ｏ―ジメチル＝ホスホロチオアート（別名ピリミホスメチル）	Ｏ－２－ジエチルアミノ－６－メチルピリミジン－４－イル＝Ｏ，Ｏ－ジメチル＝ホスホロチオアート（別名ピリミホスメチル）
JP-PRTR-C1-168	Ｎ・Ｎ―ジエチルチオカルバミン酸Ｓ―四―クロロベンジル（別名チオベンカルブ又はベンチオカーブ）	Ｎ，Ｎ－ジエチルチオカルバミン酸Ｓ－４－クロロベンジル（別名チオベンカルブ又はベンチオカーブ）
JP-PRTR-C1-169	Ｎ・Ｎ―ジエチル―三―（二・四・六―トリメチルフェニルスルホニル）―一Ｈ―一・二・四―トリアゾール―一―カルボキサミド（別名カフェンストロール）	Ｎ，Ｎ－ジエチル－３－（２，４，６－トリメチルフェニルスルホニル）－１Ｈ－１，２，４－トリアゾール－１－カルボキサミド（別名カフェンストロール）
JP-PRTR-C1-172	一・四―ジオキサシクロヘプタデカン―五・一七―ジオン	１，４－ジオキサシクロヘプタデカン－５，１７－ジオン
JP-PRTR-C1-173	一・四―ジオキサン	１，４－ジオキサン
JP-PRTR-C1-174	一・三―ジカルバモイルチオ―二―（Ｎ・Ｎ―ジメチルアミノ）―プロパン（別名カルタップ）	１，３－ジカルバモイルチオ－２－（Ｎ，Ｎ－ジメチルアミノ）－プロパン（別名カルタップ）
JP-PRTR-C1-175	シクロヘキサ―一―エン―一・二―ジカルボキシイミドメチル＝（一ＲＳ）―シス―トランス―二・二―ジメチル―三―（二―メチルプロパ―一―エニル）シクロプロパンカルボキシラート（別名テトラメトリン）	シクロヘキサ－１－エン－１，２－ジカルボキシイミドメチル＝（１ＲＳ）－シス－トランス－２，２－ジメチル－３－（２－メチルプロパ－１－エニル）シクロプロパンカルボキシラート（別名テトラメトリン）
JP-PRTR-C1-181	一・二―ジクロロエタン	１，２－ジクロロエタン
JP-PRTR-C1-182	一・一―ジクロロエチレン（別名塩化ビニリデン）	１，１－ジクロロエチレン（別名塩化ビニリデン）
JP-PRTR-C1-183	一・二―ジクロロエチレン	１，２－ジクロロエチレン
JP-PRTR-C1-184	四・五―ジクロロ―二―オクチルイソチアゾール―三（二Ｈ）―オン	４，５－ジクロロ－２－オクチルイソチアゾール－３（２Ｈ）－オン
JP-PRTR-C1-185	三・四―ジクロロ―二′―シアノ―一・二―チアゾール―五―カルボキサニリド（別名イソチアニル）	３，４－ジクロロ－２’－シアノ－１，２－チアゾール－５－カルボキサニリド（別名イソチアニル）
JP-PRTR-C1-186	三・三′―ジクロロ―四・四′―ジアミノジフェニルメタン	３，３’－ジクロロ－４，４’－ジアミノジフェニルメタン
JP-PRTR-C1-187	ジクロロジフルオロメタン（別名ＣＦＣ―一二）	ジクロロジフルオロメタン（別名ＣＦＣ－１２）
JP-PRTR-C1-188	三・五―ジクロロ―Ｎ―（一・一―ジメチル―二―プロピニル）ベンズアミド（別名プロピザミド）	３，５－ジクロロ－Ｎ－（１，１－ジメチル－２－プロピニル）ベンズアミド（別名プロピザミド）
JP-PRTR-C1-189	ジクロロテトラフルオロエタン（別名ＣＦＣ―一一四）	ジクロロテトラフルオロエタン（別名ＣＦＣ－１１４）
JP-PRTR-C1-190	二・二―ジクロロ―一・一・一―トリフルオロエタン（別名ＨＣＦＣ―一二三）	２，２－ジクロロ－１，１，１－トリフルオロエタン（別名ＨＣＦＣ－１２３）
JP-PRTR-C1-191	二′・四―ジクロロ―アルファ・アルファ・アルファ―トリフルオロ―四′―ニトロ―メタ―トルエンスルホンアニリド（別名フルスルファミド）	２’・４－ジクロロ－アルファ・アルファ・アルファ－トリフルオロ－４’－ニトロ－メタ－トルエンスルホンアニリド（別名フルスルファミド）
JP-PRTR-C1-192	Ｏ―（二・六―ジクロロ―パラ―トリル）＝Ｏ・Ｏ―ジメチル＝ホスホロチオアート（別名トルクロホスメチル）	Ｏ－（２，６－ジクロロ－パラ－トリル）＝Ｏ，Ｏ－ジメチル＝ホスホロチオアート（別名トルクロホスメチル）
JP-PRTR-C1-193	二―［四―（二・四―ジクロロ―メタ―トルオイル）―一・三―ジメチル―五―ピラゾリルオキシ］―四―メチルアセトフェノン（別名ベンゾフェナップ）	２－［４－（２，４－ジクロロ－メタ－トルオイル）－１．３－ジメチル－５－ピラゾリルオキシ］－４－メチルアセトフェノン（別名ベンゾフェナップ）
JP-PRTR-C1-194	三―（三・五―ジクロロフェニル）―Ｎ―イソプロピル―二・四―ジオキソイミダゾリジン―一―カルボキサミド（別名イプロジオン）	３－（３，５－ジクロロフェニル）－Ｎ－イソプロピル－２，４－ジオキソイミダゾリジン－１－カルボキサミド（別名イプロジオン）
JP-PRTR-C1-195	一―（二・四―ジクロロフェニル）―Ｎ―（二・四―ジフルオロフェニル）―Ｎ―イソプロピル―五―オキソ―四・五―ジヒドロ―一Ｈ―一・二・四―トリアゾール―四―カルボキサミド（別名イプフェンカルバゾン）	１－（２，４－ジクロロフェニル）－Ｎ－（２，４－ジフルオロフェニル）－Ｎ－イソプロピル－５－オキソ－４，５－ジヒドロ－１Ｈ－１，２，４－トリアゾール－４－カルボキサミド（別名イプフェンカルバゾン）
JP-PRTR-C1-196	Ｎ―（三・五―ジクロロフェニル）―一・二―ジメチルシクロプロパン―一・二―ジカルボキシミド（別名プロシミドン）	Ｎ－（３，５－ジクロロフェニル）－１，２－ジメチルシクロプロパン－１，２－ジカルボキシミド（別名プロシミドン）
JP-PRTR-C1-197	三―（三・四―ジクロロフェニル）―一・一―ジメチル尿素（別名ジウロン又はＤＣＭＵ）	３－（３，４－ジクロロフェニル）－１，１－ジメチル尿素（別名ジウロン又はＤＣＭＵ）
JP-PRTR-C1-198	（二ＲＳ・四ＲＳ）―一―［二―（二・四―ジクロロフェニル）―四―プロピル―一・三―ジオキソラン―二―イルメチル］―一Ｈ―一・二・四―トリアゾール及び（二ＲＳ・四ＳＲ）―一―［二―（二・四―ジクロロフェニル）―四―プロピル―一・三―ジオキソラン―二―イルメチル］―一Ｈ―一・二・四―トリアゾールの混合物（別名プロピコナゾール）	（２ＲＳ，４ＲＳ）－１－［２－（２，４－ジクロロフェニル）－４－プロピル－１．３－ジオキソラン－２－イルメチル］－１Ｈ－１，２，４－トリアゾール及び（２ＲＳ，４ＳＲ）－１－［２－（２，４－ジクロロフェニル）－４－プロピル－１．３－ジオキソラン－２－イルメチル］－１Ｈ－１，２，４－トリアゾールの混合物（別名プロピコナゾール）
JP-PRTR-C1-199	三―［一―（三・五―ジクロロフェニル）―一―メチルエチル］―三・四―ジヒドロ―六―メチル―五―フェニル―二Ｈ―一・三―オキサジン―四―オン（別名オキサジクロメホン）	３－［１－（３，５－ジクロロフェニル）－１－メチルエチル］－３，４－ジヒドロ－６－メチル－５－フェニル－２Ｈ－１，３－オキサジン－４－オン（別名オキサジクロメホン）
JP-PRTR-C1-200	三―（三・四―ジクロロフェニル）―一―メトキシ―一―メチル尿素（別名リニュロン）	３－（３，４－ジクロロフェニル）－１－メトキシ－１－メチル尿素（別名リニュロン）
JP-PRTR-C1-201	二・四―ジクロロフェノキシ酢酸（別名二・四―Ｄ又は二・四―ＰＡ）	２，４－ジクロロフェノキシ酢酸（別名２，４－Ｄ又は２，４－ＰＡ）
JP-PRTR-C1-202	一・一―ジクロロ―一―フルオロエタン（別名ＨＣＦＣ―一四一ｂ）	１，１－ジクロロ－１－フルオロエタン（別名ＨＣＦＣ－１４１ｂ）
JP-PRTR-C1-203	二・三―ジクロロ―Ｎ―四―フルオロフェニルマレイミド（別名フルオルイミド）	２，３－ジクロロ－Ｎ－４－フルオロフェニルマレイミド（別名フルオルイミド）
JP-PRTR-C1-204	ジクロロフルオロメタン（別名ＨＣＦＣ―二一）	ジクロロフルオロメタン（別名ＨＣＦＣ－２１）
JP-PRTR-C1-205	一・三―ジクロロ―二―プロパノール	１，３－ジクロロ－２－プロパノール
JP-PRTR-C1-206	一・二―ジクロロプロパン	１，２－ジクロロプロパン
JP-PRTR-C1-207	一・三―ジクロロプロペン（別名Ｄ―Ｄ）	１，３－ジクロロプロペン（別名Ｄ－Ｄ）
JP-PRTR-C1-209	二―［四―（二・四―ジクロロベンゾイル）―一・三―ジメチル―五―ピラゾリルオキシ］アセトフェノン（別名ピラゾキシフェン）	２－［４－（２，４－ジクロロベンゾイル）－１．３－ジメチル－５－ピラゾリルオキシ］アセトフェノン（別名ピラゾキシフェン）
JP-PRTR-C1-210	四―（二・四―ジクロロベンゾイル）―一・三―ジメチル―五―ピラゾリル＝四―トルエンスルホナート（別名ピラゾレート）	４－（２，４－ジクロロベンゾイル）－１，３－ジメチル－５－ピラゾリル＝４－トルエンスルホナート（別名ピラゾレート）
JP-PRTR-C1-211	二・六―ジクロロベンゾニトリル（別名ジクロベニル又はＤＢＮ）	２，６－ジクロロベンゾニトリル（別名ジクロベニル又はＤＢＮ）
JP-PRTR-C1-212	ジクロロペンタフルオロプロパン（別名ＨＣＦＣ―二二五）	ジクロロペンタフルオロプロパン（別名ＨＣＦＣ－２２５）
JP-PRTR-C1-214	二―（二・四―ジクロロ―三―メチルフェノキシ）プロピオンアニリド（別名クロメプロップ）	２－（２，４－ジクロロ－３－メチルフェノキシ）プロピオンアニリド（別名クロメプロップ）
JP-PRTR-C1-215	二・三―ジシアノ―一・四―ジチアアントラキノン（別名ジチアノン）	２，３－ジシアノ－１，４－ジチアアントラキノン（別名ジチアノン）
JP-PRTR-C1-216	Ｎ・Ｎ―ジシクロヘキシルアミン	Ｎ，Ｎ－ジシクロヘキシルアミン
JP-PRTR-C1-218	一・三―ジチオラン―二―イリデンマロン酸ジイソプロピル（別名イソプロチオラン）	１，３－ジチオラン－２－イリデンマロン酸ジイソプロピル（別名イソプロチオラン）
JP-PRTR-C1-219	ジチオりん酸Ｏ―二・四―ジクロロフェニル―Ｏ―エチル―Ｓ―プロピル（別名プロチオホス）	ジチオりん酸Ｏ－２，４－ジクロロフェニル－Ｏ－エチル－Ｓ－プロピル（別名プロチオホス）
JP-PRTR-C1-220	ジチオりん酸Ｓ―（二・三―ジヒドロ―五―メトキシ―二―オキソ―一・三・四―チアジアゾール―三―イル）メチル―Ｏ・Ｏ―ジメチル（別名メチダチオン又はＤＭＴＰ）	ジチオりん酸Ｓ－（２，３－ジヒドロ－５－メトキシ－２－オキソ－１，３，４－チアジアゾール－３－イル）メチル－Ｏ，Ｏ－ジメチル（別名メチダチオン又はＤＭＴＰ）
JP-PRTR-C1-221	ジチオりん酸Ｏ・Ｏ―ジメチル―Ｓ―一・二―ビス（エトキシカルボニル）エチル（別名マラソン又はマラチオン）	ジチオりん酸Ｏ，Ｏ－ジメチル－Ｓ－１，２－ビス（エトキシカルボニル）エチル（別名マラソン又はマラチオン）
JP-PRTR-C1-222	ジチオりん酸Ｏ・Ｏ―ジメチル―Ｓ―［（Ｎ―メチルカルバモイル）メチル］（別名ジメトエート）	ジチオりん酸Ｏ，Ｏ－ジメチル－Ｓ－［（Ｎ－メチルカルバモイル）メチル］（別名ジメトエート）
JP-PRTR-C1-223	（三Ｒ・四Ｓ・五Ｓ・六Ｒ・七Ｒ・九Ｒ・一一Ｒ・一二Ｒ・一三Ｓ・一四Ｒ）―四―［（二・六―ジデオキシ―三―Ｃ―メチル―三―Ｏ―メチル―アルファ―Ｌ―リボ―ヘキソピラノシル）オキシ］―一四―エチル―一二・一三―ジヒドロキシ―七―メトキシ―三・五・七・九・一一・一三―ヘキサメチル―六―［［三・四・六―トリデオキシ―三―（ジメチルアミノ）―ベータ―Ｄ―キシロ―ヘキソピラノシル］オキシ］オキサシクロテトラデカン―二・一〇―ジオン（別名クラリスロマイシン）	（３Ｒ，４Ｓ，５Ｓ，６Ｒ，７Ｒ，９Ｒ，１１Ｒ，１２Ｒ，１３Ｓ，１４Ｒ）－４－［（２，６－ジデオキシ－３－Ｃ－メチル－３－Ｏ－メチル－アルファ－Ｌ－リボ－ヘキソピラノシル）オキシ］－１４－エチル－１２，１３－ジヒドロキシ－７－メトキシ－３，５，７，９，１１，１３－ヘキサメチル－６－［［３，４，６－トリデオキシ－３－（ジメチルアミノ）－ベータ－Ｄ－キシロ－ヘキソピラノシル］オキシ］オキサシクロテトラデカン－２，１０－ジオン（別名クラリスロマイシン）
JP-PRTR-C1-225	四ナトリウム＝五・八―ビス（カルボジチオアト）―二・五・八・一一・一四―ペンタアザペンタデカンビス（ジチオアート）	四ナトリウム＝５，８－ビス（カルボジチオアト）－２，５，８，１１，１４－ペンタアザペンタデカンビス（ジチオアート）
JP-PRTR-C1-226	ジナトリウム＝二・二′―ビニレンビス［五―（四―モルホリノ―六―アニリノ―一・三・五―トリアジン―二―イルアミノ）ベンゼンスルホナート］（別名ＣＩフルオレスセント二百六十）	ジナトリウム＝２，２’－ビニレンビス［５－（４－モルホリノ－６－アニリノ－１，３，５－トリアジン－２－イルアミノ）ベンゼンスルホナート］（別名ＣＩフルオレスセント２６０）
JP-PRTR-C1-228	二・四―ジニトロフェノール	２，４－ジニトロフェノール
JP-PRTR-C1-230	五・五―ジフェニル―二・四―イミダゾリジンジオン	５，５－ジフェニル－２，４－イミダゾリジンジオン
JP-PRTR-C1-231	Ｎ―ジブチルアミノチオ―Ｎ―メチルカルバミン酸二・三―ジヒドロ―二・二―ジメチル―七―ベンゾ［ｂ］フラニル（別名カルボスルファン）	Ｎ－ジブチルアミノチオ－Ｎ－メチルカルバミン酸２，３－ジヒドロ－２，２－ジメチル－７－ベンゾ［ｂ］フラニル（別名カルボスルファン）
JP-PRTR-C1-232	二・六―ジ―ターシャリ―ブチル―四―クレゾール	２，６－ジ－ターシャリ－ブチル－４－クレゾール
JP-PRTR-C1-233	四―（二・二―ジフルオロ―一・三―ベンゾジオキソール―四―イル）―一Ｈ―ピロール―三―カルボニトリル（別名フルジオキソニル）	４－（２，２－ジフルオロ－１，３－ベンゾジオキソール－４－イル）－１Ｈ－ピロール－３－カルボニトリル（別名フルジオキソニル）
JP-PRTR-C1-234	Ｎ・Ｎ―ジプロピルチオカルバミン酸＝Ｓ―ベンジル（別名プロスルホカルブ）	Ｎ，Ｎ－ジプロピルチオカルバミン酸＝Ｓ－ベンジル（別名プロスルホカルブ）
JP-PRTR-C1-235	一・二―ジブロモエタン（別名二臭化エチレン又はＥＤＢ）	１，２－ジブロモエタン（別名二臭化エチレン又はＥＤＢ）
JP-PRTR-C1-237	二・二―ジブロモ―二―シアノアセトアミド	２，２－ジブロモ－２－シアノアセトアミド
JP-PRTR-C1-238	ジブロモテトラフルオロエタン（別名ハロン―二四〇二）	ジブロモテトラフルオロエタン（別名ハロン－２４０２）
JP-PRTR-C1-239	二′・六′―ジブロモ―二―メチル―四′―トリフルオロメトキシ―四―トリフルオロメチル―一・三―チアゾール―五―カルボキサニリド（別名チフルザミド）	２’・６’－ジブロモ－２－メチル－４’－トリフルオロメトキシ－４－トリフルオロメチル－１，３－チアゾール－５－カルボキサニリド（別名チフルザミド）
JP-PRTR-C1-241	（ＲＳ）―Ｏ・Ｓ―ジメチル＝アセチルホスホルアミドチオアート（別名アセフェート）	（ＲＳ）－Ｏ，Ｓ－ジメチル＝アセチルホスホルアミドチオアート（別名アセフェート）
JP-PRTR-C1-242	Ｎ・Ｎ―ジメチルアセトアミド	Ｎ，Ｎ－ジメチルアセトアミド
JP-PRTR-C1-243	五―ジメチルアミノ―一・二・三―トリチアン（別名チオシクラム）	５－ジメチルアミノ－１，２，３－トリチアン（別名チオシクラム）
JP-PRTR-C1-244	（四Ｓ・四ａＲ・五Ｓ・五ａＲ・六Ｓ・一二ａＳ）―四―（ジメチルアミノ）―三・五・六・一〇・一二・一二ａ―ヘキサヒドロキシ―六―メチル―一・一一―ジオキソ―一・四・四ａ・五・五ａ・六・一一・一二ａ―オクタヒドロテトラセン―二―カルボキサミド（別名オキシテトラサイクリン）	（４Ｓ，４ａＲ，５Ｓ，５ａＲ，６Ｓ，１２ａＳ）－４－（ジメチルアミノ）－３，５，６，１０，１２，１２ａ－ヘキサヒドロキシ－６－メチル－１，１１－ジオキソ－１，４，４ａ，５，５ａ，６，１１，１２ａ－オクタヒドロテトラセン－２－カルボキサミド（別名オキシテトラサイクリン）
JP-PRTR-C1-246	三―（三・三―ジメチルウレイド）フェニル＝ターシャリ―ブチルカルバマート（別名カルブチレート）	３－（３，３－ジメチルウレイド）フェニル＝ターシャリ－ブチルカルバマート（別名カルブチレート）
JP-PRTR-C1-247	（二Ｅ）―三・七―ジメチルオクタ―二・六―ジエニル＝アセタート（別名酢酸ゲラニル）	（２Ｅ）－３，７－ジメチルオクタ－２，６－ジエニル＝アセタート（別名酢酸ゲラニル）
JP-PRTR-C1-248	Ｎ・Ｎ―ジメチルオクタデシルアミン	Ｎ，Ｎ－ジメチルオクタデシルアミン
JP-PRTR-C1-249	三・七―ジメチルオクタン―三―オール	３，７－ジメチルオクタン－３－オール
JP-PRTR-C1-251	二・二―ジメチル―二・三―ジヒドロ―一―ベンゾフラン―七―イル＝Ｎ―［Ｎ―（二―エトキシカルボニルエチル）―Ｎ―イソプロピルスルフェナモイル］―Ｎ―メチルカルバマート（別名ベンフラカルブ）	２，２－ジメチル－２，３－ジヒドロ－１－ベンゾフラン－７－イル＝Ｎ－［Ｎ－（２－エトキシカルボニルエチル）－Ｎ－イソプロピルスルフェナモイル］－Ｎ－メチルカルバマート（別名ベンフラカルブ）
JP-PRTR-C1-252	Ｎ・Ｎ―ジメチルドデシルアミン	Ｎ，Ｎ－ジメチルドデシルアミン
JP-PRTR-C1-253	Ｎ・Ｎ―ジメチルドデシルアミン＝Ｎ―オキシド	Ｎ，Ｎ－ジメチルドデシルアミン＝Ｎ－オキシド
JP-PRTR-C1-254	ジメチル＝二・二・二―トリクロロ―一―ヒドロキシエチルホスホナート（別名トリクロルホン又はＤＥＰ）	ジメチル＝２，２，２－トリクロロ－１－ヒドロキシエチルホスホナート（別名トリクロルホン又はＤＥＰ）
JP-PRTR-C1-255	一・一′―ジメチル―四・四′―ビピリジニウム＝ジクロリド（別名パラコート又はパラコートジクロリド）	１，１’－ジメチル－４，４’－ビピリジニウム＝ジクロリド（別名パラコート又はパラコートジクロリド）
JP-PRTR-C1-256	ジメチル（一―フェニルエチル）ベンゼン	ジメチル（１－フェニルエチル）ベンゼン
JP-PRTR-C1-257	ジメチル＝四・四′―（オルト―フェニレン）ビス（三―チオアロファナート）（別名チオファネートメチル）	ジメチル＝４，４’－（オルト－フェニレン）ビス（３－チオアロファナート）（別名チオファネートメチル）
JP-PRTR-C1-258	三・三―ジメチルブタン酸＝三―メシチル―二―オキソ―一―オキサスピロ［四・四］ノナ―三―エン―四―イル（別名スピロメシフェン）	３，３－ジメチルブタン酸＝３－メシチル－２－オキソ－１－オキサスピロ［４．４］ノナ－３－エン－４－イル（別名スピロメシフェン）
JP-PRTR-C1-259	（ＲＳ）―Ｎ―［二―（一・三―ジメチルブチル）―三―チエニル］―一―メチル―三―（トリフルオロメチル）―一Ｈ―ピラゾール―四―カルボキサミド（別名ペンチオピラド）	（ＲＳ）－Ｎ－［２－（１，３－ジメチルブチル）－３－チエニル］－１－メチル－３－（トリフルオロメチル）－１Ｈ－ピラゾール－４－カルボキサミド（別名ペンチオピラド）
JP-PRTR-C1-260	Ｎ―（一・三―ジメチルブチル）―Ｎ′―フェニル―パラ―フェニレンジアミン	Ｎ－（１，３－ジメチルブチル）－Ｎ’－フェニル－パラ－フェニレンジアミン
JP-PRTR-C1-261	二′―［（ＲＳ）―一・三―ジメチルブチル］―五―フルオロ―一・三―ジメチルピラゾール―四―カルボキサニリド（別名ペンフルフェン）	２’－［（ＲＳ）－１．３－ジメチルブチル］－５－フルオロ－１，３－ジメチルピラゾール－４－カルボキサニリド（別名ペンフルフェン）
JP-PRTR-C1-262	二・二―ジメチルプロパン酸＝（Ｅ）―二―（四―ターシャリ―ブチルフェニル）―二―シアノ―一―（一・三・四―トリメチルピラゾール―五―イル）ビニル（別名シエノピラフェン）	２，２－ジメチルプロパン酸＝（Ｅ）－２－（４－ターシャリ－ブチルフェニル）－２－シアノ－１－（１，３，４－トリメチルピラゾール－５－イル）ビニル（別名シエノピラフェン）
JP-PRTR-C1-263	Ｎ―（一・二―ジメチルプロピル）―Ｎ―エチルチオカルバミン酸Ｓ―ベンジル（別名エスプロカルブ）	Ｎ－（１，２－ジメチルプロピル）－Ｎ－エチルチオカルバミン酸Ｓ－ベンジル（別名エスプロカルブ）
JP-PRTR-C1-264	Ｎ・Ｎ―ジメチルホルムアミド	Ｎ，Ｎ－ジメチルホルムアミド
JP-PRTR-C1-265	二・二―ジメチル―三―メチリデンビシクロ［二・二・一］ヘプタン（別名カンフェン）	２，２－ジメチル－３－メチリデンビシクロ［２．２．１］ヘプタン（別名カンフェン）
JP-PRTR-C1-266	Ｎ′―［一・一―ジメチル―二―（メチルスルホニル）エチル］―三―ヨード―Ｎ―［二―メチル―四―［一・二・二・二―テトラフルオロ―一―（トリフルオロメチル）エチル］フェニル］フタルアミド（別名フルベンジアミド）	Ｎ’－［１．１－ジメチル－２－（メチルスルホニル）エチル］－３－ヨード－Ｎ－［２－メチル－４－［１．２．２．２－テトラフルオロ－１－（トリフルオロメチル）エチル］フェニル］フタルアミド（別名フルベンジアミド）
JP-PRTR-C1-267	一・二―ジメトキシエタン	１，２－ジメトキシエタン
JP-PRTR-C1-268	アルファ―（四・六―ジメトキシ―二―ピリミジニルカルバモイルスルファモイル）―オルト―トルイル酸メチル（別名ベンスルフロンメチル）	アルファ－（４，６－ジメトキシ－２－ピリミジニルカルバモイルスルファモイル）－オルト－トルイル酸メチル（別名ベンスルフロンメチル）
JP-PRTR-C1-269	（ＲＳ）―七―（四・六―ジメトキシピリミジン―二―イルチオ）―三―メチル―二―ベンゾフラン―一（三Ｈ）―オン（別名ピリフタリド）	（ＲＳ）－７－（４，６－ジメトキシピリミジン－２－イルチオ）－３－メチル－２－ベンゾフラン－１（３Ｈ）－オン（別名ピリフタリド）
JP-PRTR-C1-270	二―［（ジメトキシホスフィノチオイル）チオ］―二―フェニル酢酸エチル（別名フェントエート又はＰＡＰ）	２－［（ジメトキシホスフィノチオイル）チオ］－２－フェニル酢酸エチル（別名フェントエート又はＰＡＰ）
JP-PRTR-C1-271	三・五―ジヨード―四―オクタノイルオキシベンゾニトリル（別名アイオキシニル）	３，５－ジヨード－４－オクタノイルオキシベンゾニトリル（別名アイオキシニル）
JP-PRTR-C1-282	二―チオキソ―三・五―ジメチルテトラヒドロ―二Ｈ―一・三・五―チアジアジン（別名ダゾメット）	２－チオキソ－３，５－ジメチルテトラヒドロ－２Ｈ－１，３，５－チアジアジン（別名ダゾメット）
JP-PRTR-C1-285	チオりん酸Ｏ―四―シアノフェニル―Ｏ・Ｏ―ジメチル（別名シアノホス又はＣＹＡＰ）	チオりん酸Ｏ－４－シアノフェニル－Ｏ，Ｏ－ジメチル（別名シアノホス又はＣＹＡＰ）
JP-PRTR-C1-286	チオりん酸Ｏ・Ｏ―ジエチル―Ｏ―（二―イソプロピル―六―メチル―四―ピリミジニル）（別名ダイアジノン）	チオりん酸Ｏ，Ｏ－ジエチル－Ｏ－（２－イソプロピル－６－メチル－４－ピリミジニル）（別名ダイアジノン）
JP-PRTR-C1-287	チオりん酸Ｏ・Ｏ―ジエチル―Ｏ―（三・五・六―トリクロロ―二―ピリジル）（別名クロルピリホス）	チオりん酸Ｏ，Ｏ－ジエチル－Ｏ－（３，５，６－トリクロロ－２－ピリジル）（別名クロルピリホス）
JP-PRTR-C1-288	チオりん酸Ｏ・Ｏ―ジエチル―Ｏ―（五―フェニル―三―イソオキサゾリル）（別名イソキサチオン）	チオりん酸Ｏ，Ｏ－ジエチル－Ｏ－（５－フェニル－３－イソオキサゾリル）（別名イソキサチオン）
JP-PRTR-C1-289	チオりん酸Ｏ・Ｏ―ジメチル―Ｏ―（三―メチル―四―ニトロフェニル）（別名フェニトロチオン又はＭＥＰ）	チオりん酸Ｏ，Ｏ－ジメチル－Ｏ－（３－メチル－４－ニトロフェニル）（別名フェニトロチオン又はＭＥＰ）
JP-PRTR-C1-290	チオりん酸Ｏ・Ｏ―ジメチル―Ｏ―（三―メチル―四―メチルチオフェニル）（別名フェンチオン又はＭＰＰ）	チオりん酸Ｏ，Ｏ－ジメチル－Ｏ－（３－メチル－４－メチルチオフェニル）（別名フェンチオン又はＭＰＰ）
JP-PRTR-C1-291	チオりん酸Ｓ―ベンジル―Ｏ・Ｏ―ジイソプロピル（別名イプロベンホス又はＩＢＰ）	チオりん酸Ｓ－ベンジル－Ｏ，Ｏ－ジイソプロピル（別名イプロベンホス又はＩＢＰ）
JP-PRTR-C1-292	一・一′―［（一Ｒ・二Ｒ・三Ｓ・四Ｒ・五Ｒ・六Ｓ）―四―［［五―デオキシ―二―Ｏ―［二―デオキシ―二―（メチルアミノ）―アルファ―Ｌ―グルコピラノシル］―三―Ｃ―ホルミル―アルファ―Ｌ―リキソフラノシル］オキシ］―二・五・六―トリヒドロキシシクロヘキサン―一・三―ジイル］ジグアニジン（別名ストレプトマイシン）	１，１’－［（１Ｒ，２Ｒ，３Ｓ，４Ｒ，５Ｒ，６Ｓ）－４－［［５－デオキシ－２－Ｏ－［２－デオキシ－２－（メチルアミノ）－アルファ－Ｌ－グルコピラノシル］－３－Ｃ－ホルミル－アルファ－Ｌ－リキソフラノシル］オキシ］－２，５，６－トリヒドロキシシクロヘキサン－１，３－ジイル］ジグアニジン（別名ストレプトマイシン）
JP-PRTR-C1-293	（二Ｒ・三ａＳ・五ａＲ・五ｂＳ・九Ｓ・一三Ｓ・一四Ｒ・一六ａＳ・一六ｂＲ）―二―［（六―デオキシ―二・三・四―トリ―Ｏ―メチル―アルファ―Ｌ―マンノピラノシル）オキシ］―一三―［［四―（ジメチルアミノ）―二・三・四・六―テトラデオキシ―ベータ―Ｄ―エリトロ―ヘキソピラノシル］オキシ］―九―エチル―一四―メチル―二・三・三ａ・五ａ・五ｂ・六・九・一〇・一一・一二・一三・一四・一六ａ・一六ｂ―テトラデカヒドロ―一Ｈ―ａｓ―インダセノ［三・二―ｄ］オキサシクロドデシン―七・一五―ジオン（別名スピノシンＡ）及び（二Ｓ・三ａＲ・五ａＳ・五ｂＳ・九Ｓ・一三Ｓ・一四Ｒ・一六ａＳ・一六ｂＳ）―二―［（六―デオキシ―二・三・四―トリ―Ｏ―メチル―アルファ―Ｌ―マンノピラノシル）オキシ］―一三―［［四―（ジメチルアミノ）―二・三・四・六―テトラデオキシ―ベータ―Ｄ―エリトロ―ヘキソピラノシル］オキシ］―九―エチル―四・一四―ジメチル―二・三・三ａ・五ａ・五ｂ・六・九・一〇・一一・一二・一三・一四・一六ａ・一六ｂ―テトラデカヒドロ―一Ｈ―ａｓ―インダセノ［三・二―ｄ］オキサシクロドデシン―七・一五―ジオン（別名スピノシンＤ）の混合物（別名スピノサド）	（２Ｒ，３ａＳ，５ａＲ，５ｂＳ，９Ｓ，１３Ｓ，１４Ｒ，１６ａＳ，１６ｂＲ）－２－［（６－デオキシ－２，３，４－トリ－Ｏ－メチル－アルファ－Ｌ－マンノピラノシル）オキシ］－１３－［［４－（ジメチルアミノ）－２，３，４，６－テトラデオキシ－ベータ－Ｄ－エリトロ－ヘキソピラノシル］オキシ］－９－エチル－１４－メチル－２，３，３ａ，５ａ，５ｂ，６，９，１０，１１，１２，１３，１４，１６ａ，１６ｂ－テトラデカヒドロ－１Ｈ－ａｓ－インダセノ［３，２－ｄ］オキサシクロドデシン－７，１５－ジオン（別名スピノシンＡ）及び（２Ｓ，３ａＲ，５ａＳ，５ｂＳ，９Ｓ，１３Ｓ，１４Ｒ，１６ａＳ，１６ｂＳ）－２－［（６－デオキシ－２，３，４－トリ－Ｏ－メチル－アルファ－Ｌ－マンノピラノシル）オキシ］－１３－［［４－（ジメチルアミノ）－２，３，４，６－テトラデオキシ－ベータ－Ｄ－エリトロ－ヘキソピラノシル］オキシ］－９－エチル－４，１４－ジメチル－２，３，３ａ，５ａ，５ｂ，６，９，１０，１１，１２，１３，１４，１６ａ，１６ｂ－テトラデカヒドロ－１Ｈ－ａｓ－インダセノ［３，２－ｄ］オキサシクロドデシン－７，１５－ジオン（別名スピノシンＤ）の混合物（別名スピノサド）
JP-PRTR-C1-296	一・三・五・七―テトラアザトリシクロ［三・三・一・一（三・七）］デカン（別名ヘキサメチレンテトラミン）	１，３，５，７－テトラアザトリシクロ［３．３．１．１（３，７）］デカン（別名ヘキサメチレンテトラミン）
JP-PRTR-C1-299	四・五・六・七―テトラクロロイソベンゾフラン―一（三Ｈ）―オン（別名フサライド）	４，５，６，７－テトラクロロイソベンゾフラン－１（３Ｈ）－オン（別名フサライド）
JP-PRTR-C1-300	一・一・二・二―テトラクロロエタン（別名四塩化アセチレン）	１，１，２，２－テトラクロロエタン（別名四塩化アセチレン）
JP-PRTR-C1-305	二・二・三・三―テトラフルオロプロピオン酸ナトリウム（別名テトラピオン又はフルプロパネートナトリウム塩）	２，２，３，３－テトラフルオロプロピオン酸ナトリウム（別名テトラピオン又はフルプロパネートナトリウム塩）
JP-PRTR-C1-306	二・三・五・六―テトラフルオロ―四―メチルベンジル＝（Ｚ）―三―（二―クロロ―三・三・三―トリフルオロ―一―プロペニル）―二・二―ジメチルシクロプロパンカルボキシラート（別名テフルトリン）	２，３，５，６－テトラフルオロ－４－メチルベンジル＝（Ｚ）－３－（２－クロロ－３，３，３－トリフルオロ－１－プロペニル）－２，２－ジメチルシクロプロパンカルボキシラート（別名テフルトリン）
JP-PRTR-C1-308	三・七・九・一三―テトラメチル―五・一一―ジオキサ―二・八・一四―トリチア―四・七・九・一二―テトラアザペンタデカ―三・一二―ジエン―六・一〇―ジオン（別名チオジカルブ）	３，７，９，１３－テトラメチル－５，１１－ジオキサ－２，８，１４－トリチア－４，７，９，１２－テトラアザペンタデカ－３，１２－ジエン－６，１０－ジオン（別名チオジカルブ）
JP-PRTR-C1-310	一―［（一Ｒ・二Ｒ・五Ｓ・七Ｒ）―二・六・六・八―テトラメチルトリシクロ［五・三・一・〇（一・五）］ウンデカ―八―エン―九―イル］エタノン	１－［（１Ｒ，２Ｒ，５Ｓ，７Ｒ）－２，６，６，８－テトラメチルトリシクロ［５．３．１．０（１，５）］ウンデカ－８－エン－９－イル］エタノン
JP-PRTR-C1-315	一―ドデカノール（別名ノルマル―ドデシルアルコール）	１－ドデカノール（別名ノルマル－ドデシルアルコール）
JP-PRTR-C1-316	ドデカン―一―チオール	ドデカン－１－チオール
JP-PRTR-C1-317	二―（Ｎ―ドデシル―Ｎ・Ｎ―ジメチルアンモニオ）アセタート	２－（Ｎ－ドデシル－Ｎ，Ｎ－ジメチルアンモニオ）アセタート
JP-PRTR-C1-319	一・三・五―トリアジン―二・四・六―トリアミン（別名メラミン）	１，３，５－トリアジン－２，４，６－トリアミン（別名メラミン）
JP-PRTR-C1-323	一・一・一―トリクロロエタン	１，１，１－トリクロロエタン
JP-PRTR-C1-324	一・一・二―トリクロロエタン	１，１，２－トリクロロエタン
JP-PRTR-C1-326	トリクロロトリフルオロエタン（別名ＣＦＣ―一一三）	トリクロロトリフルオロエタン（別名ＣＦＣ－１１３）
JP-PRTR-C1-328	（三・五・六―トリクロロ―二―ピリジル）オキシ酢酸（別名トリクロピル）	（３，５，６－トリクロロ－２－ピリジル）オキシ酢酸（別名トリクロピル）
JP-PRTR-C1-329	二・四・六―トリクロロフェノール	２，４，６－トリクロロフェノール
JP-PRTR-C1-330	トリクロロフルオロメタン（別名ＣＦＣ―一一）	トリクロロフルオロメタン（別名ＣＦＣ－１１）
JP-PRTR-C1-331	一・二・三―トリクロロプロパン	１，２，３－トリクロロプロパン
JP-PRTR-C1-333	Ｎ―（トリクロロメチルチオ）―一・二・三・六―テトラヒドロフタルイミド（別名キャプタン）	Ｎ－（トリクロロメチルチオ）－１，２，３，６－テトラヒドロフタルイミド（別名キャプタン）
JP-PRTR-C1-334	トリシクロ［五・二・一・〇（二・六）］デカ―四―エン―三―イル＝プロピオナート	トリシクロ［５．２．１．０（２，６）］デカ－４－エン－３－イル＝プロピオナート
JP-PRTR-C1-336	アルファ・アルファ・アルファ―トリフルオロ―二・六―ジニトロ―Ｎ・Ｎ―ジプロピル―パラ―トルイジン（別名トリフルラリン）	アルファ・アルファ・アルファ－トリフルオロ－２，６－ジニトロ－Ｎ，Ｎ－ジプロピル－パラ－トルイジン（別名トリフルラリン）
JP-PRTR-C1-340	（Ｅ）―四―（二・六・六―トリメチルシクロヘキサ―一―エン―一―イル）ブタ―三―エン―二―オン	（Ｅ）－４－（２，６，６－トリメチルシクロヘキサ－１－エン－１－イル）ブタ－３－エン－２－オン
JP-PRTR-C1-341	Ｎ・Ｎ・Ｎ―トリメチルドデカン―一―アミニウムの塩	Ｎ，Ｎ，Ｎ－トリメチルドデカン－１－アミニウムの塩
JP-PRTR-C1-343	二・四・四―トリメチルペンタ―一―エン及び二・四・四―トリメチルペンタ―二―エンの混合物	２，４，４－トリメチルペンタ－１－エン及び２，４，４－トリメチルペンタ－２－エンの混合物
JP-PRTR-C1-344	トリメトキシ―［三―（オキシラン―二―イルメトキシ）プロピル］シラン	トリメトキシ－［３－（オキシラン－２－イルメトキシ）プロピル］シラン
JP-PRTR-C1-348	ナトリウム＝アルケンスルホナート（アルケンの炭素数が十四から十六までのもの及びその混合物に限る。）及びナトリウム＝ヒドロキシアルカンスルホナート（アルカンの炭素数が十四から十六までのもの及びその混合物に限る。）並びにこれらの混合物	ナトリウム＝アルケンスルホナート（アルケンの炭素数が１４から１６までのもの及びその混合物に限る。）及びナトリウム＝ヒドロキシアルカンスルホナート（アルカンの炭素数が１４から１６までのもの及びその混合物に限る。）並びにこれらの混合物
JP-PRTR-C1-349	ナトリウム＝一―オキソ―一ラムダ（五）―ピリジン―二―チオラート	ナトリウム＝１－オキソ－１ラムダ（５）－ピリジン－２－チオラート
JP-PRTR-C1-351	ナトリウム＝一・一′―ビフェニル―二―オラート	ナトリウム＝１，１’－ビフェニル－２－オラート
JP-PRTR-C1-357	オルト―ニトロアニリン	オルト－ニトロアニリン
JP-PRTR-C1-358	パラ―ニトロクロロベンゼン	パラ－ニトロクロロベンゼン
JP-PRTR-C1-362	一―ノナノール（別名ノルマル―ノニルアルコール）	１－ノナノール（別名ノルマル－ノニルアルコール）
JP-PRTR-C1-365	ビス（アルキル）（ジメチル）アンモニウムの塩（アルキル基の構造が直鎖であり、かつ、当該アルキル基の炭素数が十二、十四、十六、十八又は二十のもの及びその混合物に限る。）	ビス（アルキル）（ジメチル）アンモニウムの塩（アルキル基の構造が直鎖であり、かつ、当該アルキル基の炭素数が１２、１４、１６、１８又は２０のもの及びその混合物に限る。）
JP-PRTR-C1-366	二・四―ビス（イソプロピルアミノ）―六―メチルチオ―一・三・五―トリアジン（別名プロメトリン）	２，４－ビス（イソプロピルアミノ）－６－メチルチオ－１，３，５－トリアジン（別名プロメトリン）
JP-PRTR-C1-367	二・四―ビス（エチルアミノ）―六―メチルチオ―一・三・五―トリアジン（別名シメトリン）	２，４－ビス（エチルアミノ）－６－メチルチオ－１，３，５－トリアジン（別名シメトリン）
JP-PRTR-C1-368	ビス（二―エチルヘキシル）＝（Ｚ）―ブタ―二―エンジオアート	ビス（２－エチルヘキシル）＝（Ｚ）－ブタ－２－エンジオアート
JP-PRTR-C1-369	ビス（八―キノリノラト）銅（別名オキシン銅又は有機銅）	ビス（８－キノリノラト）銅（別名オキシン銅又は有機銅）
JP-PRTR-C1-370	ビス（Ｎ・Ｎ―ジメチルジチオカルバミン酸）亜鉛（別名ジラム）	ビス（Ｎ，Ｎ－ジメチルジチオカルバミン酸）亜鉛（別名ジラム）
JP-PRTR-C1-371	ビス（Ｎ・Ｎ―ジメチルジチオカルバミン酸）Ｎ・Ｎ′―エチレンビス（チオカルバモイルチオ亜鉛）（別名ポリカーバメート）	ビス（Ｎ，Ｎ－ジメチルジチオカルバミン酸）Ｎ，Ｎ’－エチレンビス（チオカルバモイルチオ亜鉛）（別名ポリカーバメート）
JP-PRTR-C1-372	ビス（二―スルフィドピリジン―一―オラト）銅	ビス（２－スルフィドピリジン－１－オラト）銅
JP-PRTR-C1-373	（Ｔ―四）―ビス［二―（チオキソ―カッパＳ）―ピリジン―一（二Ｈ）―オラト―カッパＯ］亜鉛（Ⅱ）	（Ｔ－４）－ビス［２－（チオキソ－カッパＳ）－ピリジン－１（２Ｈ）－オラト－カッパＯ］亜鉛（Ⅱ）
JP-PRTR-C1-374	ビス（二・二・六・六―テトラメチル―四―ピペリジル）＝セバケート	ビス（２，２，６，６－テトラメチル－４－ピペリジル）＝セバケート
JP-PRTR-C1-376	Ｎ・Ｎ―ビス（二―ヒドロキシエチル）アルカンアミド（アルカンの構造が直鎖であり、かつ、当該アルカンの炭素数が八、十、十二、十四、十六又は十八のもの及びその混合物に限る。）、（Ｚ）―Ｎ・Ｎ―ビス（二―ヒドロキシエチル）オクタデカ―九―エンアミド及び（九Ｚ・一二Ｚ）―Ｎ・Ｎ―ビス（二―ヒドロキシエチル）オクタデカ―九・一二―ジエンアミド並びにこれらの混合物	Ｎ，Ｎ－ビス（２－ヒドロキシエチル）アルカンアミド（アルカンの構造が直鎖であり、かつ、当該アルカンの炭素数が８、１０、１２、１４、１６又は１８のもの及びその混合物に限る。）、（Ｚ）－Ｎ，Ｎ－ビス（２－ヒドロキシエチル）オクタデカ－９－エンアミド及び（９Ｚ，１２Ｚ）－Ｎ，Ｎ－ビス（２－ヒドロキシエチル）オクタデカ－９，１２－ジエンアミド並びにこれらの混合物
JP-PRTR-C1-377	Ｓ・Ｓ―ビス（一―メチルプロピル）＝Ｏ―エチル＝ホスホロジチオアート（別名カズサホス）	Ｓ，Ｓ－ビス（１－メチルプロピル）＝Ｏ－エチル＝ホスホロジチオアート（別名カズサホス）
JP-PRTR-C1-380	（一―ヒドロキシエタン―一・一―ジイル）ジホスホン酸並びにそのカリウム塩及びナトリウム塩	（１－ヒドロキシエタン－１，１－ジイル）ジホスホン酸並びにそのカリウム塩及びナトリウム塩
JP-PRTR-C1-382	四―ビニル―一―シクロヘキセン	４－ビニル－１－シクロヘキセン
JP-PRTR-C1-388	二―フェニルフェノール	２－フェニルフェノール
JP-PRTR-C1-389	Ｎ―フェニルマレイミド	Ｎ－フェニルマレイミド
JP-PRTR-C1-392	三―フェノキシベンジル＝三―（二・二―ジクロロビニル）―二・二―ジメチルシクロプロパンカルボキシラート（別名ペルメトリン）	３－フェノキシベンジル＝３－（２，２－ジクロロビニル）－２，２－ジメチルシクロプロパンカルボキシラート（別名ペルメトリン）
JP-PRTR-C1-393	一・三―ブタジエン	１，３－ブタジエン
JP-PRTR-C1-396	フタル酸ビス（二―エチルヘキシル）	フタル酸ビス（２－エチルヘキシル）
JP-PRTR-C1-398	二―ターシャリ―ブチルアミノ―四―シクロプロピルアミノ―六―メチルチオ―一・三・五―トリアジン	２－ターシャリ－ブチルアミノ－４－シクロプロピルアミノ－６－メチルチオ－１，３，５－トリアジン
JP-PRTR-C1-399	二―ターシャリ―ブチルイミノ―三―イソプロピル―五―フェニルテトラヒドロ―四Ｈ―一・三・五―チアジアジン―四―オン（別名ブプロフェジン）	２－ターシャリ－ブチルイミノ－３－イソプロピル－５－フェニルテトラヒドロ－４Ｈ－１，３，５－チアジアジン－４－オン（別名ブプロフェジン）
JP-PRTR-C1-400	ターシャリ―ブチル＝二―エチルペルオキシヘキサノアート	ターシャリ－ブチル＝２－エチルペルオキシヘキサノアート
JP-PRTR-C1-401	Ｎ―ターシャリ―ブチル―Ｎ′―（四―エチルベンゾイル）―三・五―ジメチルベンゾヒドラジド（別名テブフェノジド）	Ｎ－ターシャリ－ブチル－Ｎ’－（４－エチルベンゾイル）－３，５－ジメチルベンゾヒドラジド（別名テブフェノジド）
JP-PRTR-C1-402	Ｎ―［一―（Ｎ―ブチルカルバモイル）―一Ｈ―二―ベンゾイミダゾリル］カルバミン酸メチル（別名ベノミル）	Ｎ－［１－（Ｎ－ブチルカルバモイル）－１Ｈ－２－ベンゾイミダゾリル］カルバミン酸メチル（別名ベノミル）
JP-PRTR-C1-403	ブチル＝（Ｒ）―二―［四―（四―シアノ―二―フルオロフェノキシ）フェノキシ］プロピオナート（別名シハロホップブチル）	ブチル＝（Ｒ）－２－［４－（４－シアノ－２－フルオロフェノキシ）フェノキシ］プロピオナート（別名シハロホップブチル）
JP-PRTR-C1-404	一―ターシャリ―ブチル―三―（二・六―ジイソプロピル―四―フェノキシフェニル）チオ尿素（別名ジアフェンチウロン）	１－ターシャリ－ブチル－３－（２，６－ジイソプロピル－４－フェノキシフェニル）チオ尿素（別名ジアフェンチウロン）
JP-PRTR-C1-405	二―ターシャリ―ブチルシクロヘキシル＝アセタート	２－ターシャリ－ブチルシクロヘキシル＝アセタート
JP-PRTR-C1-406	四―ターシャリ―ブチルシクロヘキシル＝アセタート	４－ターシャリ－ブチルシクロヘキシル＝アセタート
JP-PRTR-C1-407	五―ターシャリ―ブチル―三―（二・四―ジクロロ―五―イソプロポキシフェニル）―一・三・四―オキサジアゾール―二（三Ｈ）―オン（別名オキサジアゾン）	５－ターシャリ－ブチル－３－（２，４－ジクロロ－５－イソプロポキシフェニル）－１，３，４－オキサジアゾール－２（３Ｈ）－オン（別名オキサジアゾン）
JP-PRTR-C1-408	一―（五―ターシャリ―ブチル―一・三・四―チアジアゾール―二―イル）―一・三―ジメチル尿素（別名テブチウロン）	１－（５－ターシャリ－ブチル－１，３，４－チアジアゾール－２－イル）－１，３－ジメチル尿素（別名テブチウロン）
JP-PRTR-C1-409	二―（四―ターシャリ―ブチルフェニル）―二―シアノ―三―オキソ―三―（二―トリフルオロメチルフェニル）プロパン酸＝二―メトキシエチル（別名シフルメトフェン）	２－（４－ターシャリ－ブチルフェニル）－２－シアノ－３－オキソ－３－（２－トリフルオロメチルフェニル）プロパン酸＝２－メトキシエチル（別名シフルメトフェン）
JP-PRTR-C1-410	三―（四―ターシャリ―ブチルフェニル）プロパナール	３－（４－ターシャリ－ブチルフェニル）プロパナール
JP-PRTR-C1-411	三―（四―ターシャリ―ブチルフェニル）―二―メチルプロパナール	３－（４－ターシャリ－ブチルフェニル）－２－メチルプロパナール
JP-PRTR-C1-412	二―ターシャリ―ブチルフェノール	２－ターシャリ－ブチルフェノール
JP-PRTR-C1-413	二―（四―ターシャリ―ブチルフェノキシ）シクロヘキシル＝二―プロピニル＝スルフィット（別名プロパルギット又はＢＰＰＳ）	２－（４－ターシャリ－ブチルフェノキシ）シクロヘキシル＝２－プロピニル＝スルフィット（別名プロパルギット又はＢＰＰＳ）
JP-PRTR-C1-415	二―ブテナール	２－ブテナール
JP-PRTR-C1-416	二―ターシャリ―ブトキシエタノール	２－ターシャリ－ブトキシエタノール
JP-PRTR-C1-417	Ｎ―ブトキシメチル―二―クロロ―二′・六′―ジエチルアセトアニリド（別名ブタクロール）	Ｎ－ブトキシメチル－２－クロロ－２’・６’－ジエチルアセトアニリド（別名ブタクロール）
JP-PRTR-C1-419	Ｎ・Ｎ′―プロピレンビス（ジチオカルバミン酸）と亜鉛の重合物（別名プロピネブ）	Ｎ，Ｎ’－プロピレンビス（ジチオカルバミン酸）と亜鉛の重合物（別名プロピネブ）
JP-PRTR-C1-420	ブロモクロロジフルオロメタン（別名ハロン―一二一一）	ブロモクロロジフルオロメタン（別名ハロン－１２１１）
JP-PRTR-C1-421	四―ブロモ―二―（四―クロロフェニル）―一―エトキシメチル―五―（トリフルオロメチル）ピロール―三―カルボニトリル（別名クロルフェナピル）	４－ブロモ－２－（４－クロロフェニル）－１－エトキシメチル－５－（トリフルオロメチル）ピロール－３－カルボニトリル（別名クロルフェナピル）
JP-PRTR-C1-422	三―ブロモ―Ｎ―［四―クロロ―二―メチル―六―（メチルカルバモイル）フェニル］―一―（三―クロロピリジン―二―イル）―一Ｈ―ピラゾール―五―カルボキサミド（別名クロラントラニリプロール）	３－ブロモ－Ｎ－［４－クロロ－２－メチル－６－（メチルカルバモイル）フェニル］－１－（３－クロロピリジン－２－イル）－１Ｈ－ピラゾール－５－カルボキサミド（別名クロラントラニリプロール）
JP-PRTR-C1-424	ブロモトリフルオロメタン（別名ハロン―一三〇一）	ブロモトリフルオロメタン（別名ハロン－１３０１）
JP-PRTR-C1-425	五―ブロモ―三―セカンダリ―ブチル―六―メチル―一・二・三・四―テトラヒドロピリミジン―二・四―ジオン（別名ブロマシル）	５－ブロモ－３－セカンダリ－ブチル－６－メチル－１，２，３，４－テトラヒドロピリミジン－２，４－ジオン（別名ブロマシル）
JP-PRTR-C1-426	三―（三―ブロモ―六―フルオロ―二―メチルインドール―一―イルスルホニル）―Ｎ・Ｎ―ジメチル―一・二・四―トリアゾール―一―スルホンアミド（別名アミスルブロム）	３－（３－ブロモ－６－フルオロ－２－メチルインドール－１－イルスルホニル）－Ｎ，Ｎ－ジメチル－１，２，４－トリアゾール－１－スルホンアミド（別名アミスルブロム）
JP-PRTR-C1-427	一―ブロモプロパン	１－ブロモプロパン
JP-PRTR-C1-428	二―ブロモプロパン	２－ブロモプロパン
JP-PRTR-C1-430	六・七・八・九・一〇・一〇―ヘキサクロロ―一・五・五ａ・六・九・九ａ―ヘキサヒドロ―六・九―メタノ―二・四・三―ベンゾジオキサチエピン＝三―オキシド（別名エンドスルファン又はベンゾエピン）	６，７，８，９，１０，１０－ヘキサクロロ－１，５，５ａ，６，９，９ａ－ヘキサヒドロ－６，９－メタノ－２，４，３－ベンゾジオキサチエピン＝３－オキシド（別名エンドスルファン又はベンゾエピン）
JP-PRTR-C1-432	ヘキサヒドロ―一・三・五―トリス（二―ヒドロキシエチル）―一・三・五―トリアジン	ヘキサヒドロ－１，３，５－トリス（２－ヒドロキシエチル）－１，３，５－トリアジン
JP-PRTR-C1-433	四・六・六・七・八・八―ヘキサメチル―一・三・四・六・七・八―ヘキサヒドロシクロペンタ［ｇ］イソクロメン	４，６，６，７，８，８－ヘキサメチル－１，３，４，６，７，８－ヘキサヒドロシクロペンタ［ｇ］イソクロメン
JP-PRTR-C1-438	ヘキシル＝二―ヒドロキシベンゾアート	ヘキシル＝２－ヒドロキシベンゾアート
JP-PRTR-C1-439	一―ヘキセン	１－ヘキセン
JP-PRTR-C1-441	一・四・五・六・七・八・八―ヘプタクロロ―二・三―エポキシ―二・三・三ａ・四・七・七ａ―ヘキサヒドロ―四・七―メタノ―一Ｈ―インデン（別名ヘプタクロルエポキシド）	１，４，５，６，７，８，８－ヘプタクロロ－２，３－エポキシ－２，３，３ａ，４，７，７ａ－ヘキサヒドロ－４，７－メタノ－１Ｈ－インデン（別名ヘプタクロルエポキシド）
JP-PRTR-C1-443	五―ヘプチルオキソラン―二―オン	５－ヘプチルオキソラン－２－オン
JP-PRTR-C1-447	ペルフルオロ（オクタン―一―スルホン酸）（別名ＰＦＯＳ）	ペルフルオロ（オクタン－１－スルホン酸）（別名ＰＦＯＳ）
JP-PRTR-C1-449	二―ベンジリデンオクタナール	２－ベンジリデンオクタナール
JP-PRTR-C1-453	一・二・四―ベンゼントリカルボン酸一・二―無水物	１，２，４－ベンゼントリカルボン酸１，２－無水物
JP-PRTR-C1-454	三―（一・三―ベンゾジオキソール―五―イル）―二―メチルプロパナール	３－（１，３－ベンゾジオキソール－５－イル）－２－メチルプロパナール
JP-PRTR-C1-455	二―（二―ベンゾチアゾリルオキシ）―Ｎ―メチルアセトアニリド（別名メフェナセット）	２－（２－ベンゾチアゾリルオキシ）－Ｎ－メチルアセトアニリド（別名メフェナセット）
JP-PRTR-C1-460	ポリ（オキシエチレン）＝アルキルエーテル（アルキル基の炭素数が十二から十五までのもの及びその混合物に限る。）	ポリ（オキシエチレン）＝アルキルエーテル（アルキル基の炭素数が１２から１５までのもの及びその混合物に限る。）
JP-PRTR-C1-461	ポリ（オキシエチレン）＝アルキルフェニルエーテル（アルキル基の炭素数が八のものに限る。）	ポリ（オキシエチレン）＝アルキルフェニルエーテル（アルキル基の炭素数が８のものに限る。）
JP-PRTR-C1-462	ポリ（オキシエチレン）＝アルキルフェニルエーテル（アルキル基の炭素数が九のものに限る。）	ポリ（オキシエチレン）＝アルキルフェニルエーテル（アルキル基の炭素数が９のものに限る。）
JP-PRTR-C1-470	（Ｚ）―二′―メチルアセトフェノン＝四・六―ジメチル―二―ピリミジニルヒドラゾン（別名フェリムゾン）	（Ｚ）－２’－メチルアセトフェノン＝４，６－ジメチル－２－ピリミジニルヒドラゾン（別名フェリムゾン）
JP-PRTR-C1-473	メチル＝二―（三―オキソ―二―ペンチルシクロペンチル）アセタート	メチル＝２－（３－オキソ－２－ペンチルシクロペンチル）アセタート
JP-PRTR-C1-474	二―［メチル―［（Ｚ）―オクタデカ―九―エノイル］アミノ］酢酸（別名オレオイルザルコシン）	２－［メチル－［（Ｚ）－オクタデカ－９－エノイル］アミノ］酢酸（別名オレオイルザルコシン）
JP-PRTR-C1-475	Ｎ―メチルカルバミン酸二・三―ジヒドロ―二・二―ジメチル―七―ベンゾ［ｂ］フラニル（別名カルボフラン）	Ｎ－メチルカルバミン酸２，３－ジヒドロ－２，２－ジメチル－７－ベンゾ［ｂ］フラニル（別名カルボフラン）
JP-PRTR-C1-476	Ｎ―メチルカルバミン酸一―ナフチル（別名カルバリル又はＮＡＣ）	Ｎ－メチルカルバミン酸１－ナフチル（別名カルバリル又はＮＡＣ）
JP-PRTR-C1-477	Ｎ―メチルカルバミン酸二―セカンダリ―ブチルフェニル（別名フェノブカルブ又はＢＰＭＣ）	Ｎ－メチルカルバミン酸２－セカンダリ－ブチルフェニル（別名フェノブカルブ又はＢＰＭＣ）
JP-PRTR-C1-478	メチル＝（Ｅ）―二―［二―［六―（二―シアノフェノキシ）ピリミジン―四―イルオキシ］フェニル］―三―メトキシアクリラート（別名アゾキシストロビン）	メチル＝（Ｅ）－２－［２－［６－（２－シアノフェノキシ）ピリミジン－４－イルオキシ］フェニル］－３－メトキシアクリラート（別名アゾキシストロビン）
JP-PRTR-C1-479	Ｎ―メチルジチオカルバミン酸（別名カーバム）	Ｎ－メチルジチオカルバミン酸（別名カーバム）
JP-PRTR-C1-480	Ｎ―メチルジチオカルバミン酸ナトリウム（別名メタムナトリウム塩）	Ｎ－メチルジチオカルバミン酸ナトリウム（別名メタムナトリウム塩）
JP-PRTR-C1-481	Ｎ―メチルジデカン―一―イルアミン	Ｎ－メチルジデカン－１－イルアミン
JP-PRTR-C1-482	アルファ―メチルスチレン	アルファ－メチルスチレン
JP-PRTR-C1-483	二―メチルチオ―四―エチルアミノ―六―（一・二―ジメチルプロピルアミノ）―ｓ―トリアジン（別名ジメタメトリン）	２－メチルチオ－４－エチルアミノ－６－（１，２－ジメチルプロピルアミノ）－ｓ－トリアジン（別名ジメタメトリン）
JP-PRTR-C1-485	（Ｅ）―三―メチル―四―（二・六・六―トリメチルシクロヘキサ―二―エン―一―イル）ブタ―三―エン―二―オン	（Ｅ）－３－メチル－４－（２，６，６－トリメチルシクロヘキサ－２－エン－１－イル）ブタ－３－エン－２－オン
JP-PRTR-C1-487	（ＲＳ）―一―メチル―二―ニトロ―三―（テトラヒドロ―三―フリルメチル）グアニジン（別名ジノテフラン）	（ＲＳ）－１－メチル－２－ニトロ－３－（テトラヒドロ－３－フリルメチル）グアニジン（別名ジノテフラン）
JP-PRTR-C1-488	三―メチルピリジン	３－メチルピリジン
JP-PRTR-C1-489	Ｎ―メチル―二―ピロリドン	Ｎ－メチル－２－ピロリドン
JP-PRTR-C1-490	二―メチルプロパン―二―チオール	２－メチルプロパン－２－チオール
JP-PRTR-C1-491	メチル＝ベンゾイミダゾール―二―イルカルバマート（別名カルベンダジム）	メチル＝ベンゾイミダゾール－２－イルカルバマート（別名カルベンダジム）
JP-PRTR-C1-492	三―メチルペンタ―三―エン―二―オンと三―メチリデン―七―メチルオクタ―一・六―ジエンの反応生成物であって、一―（二・三・八・八―テトラメチル―一・二・三・四・五・六・七・八―オクタヒドロ―二―ナフチル）エタノン、一―（二・三・八・八―テトラメチル―一・二・三・四・六・七・八・八ａ―オクタヒドロ―二―ナフチル）エタノン及び一―（二・三・八・八―テトラメチル―一・二・三・五・六・七・八・八ａ―オクタヒドロ―二―ナフチル）エタノンの混合物を八十重量パーセント以上含有するもの	３－メチルペンタ－３－エン－２－オンと３－メチリデン－７－メチルオクタ－１，６－ジエンの反応生成物であって、１－（２，３，８，８－テトラメチル－１，２，３，４，５，６，７，８－オクタヒドロ－２－ナフチル）エタノン、１－（２，３，８，８－テトラメチル－１，２，３，４，６，７，８，８ａ－オクタヒドロ－２－ナフチル）エタノン及び１－（２，３，８，８－テトラメチル－１，２，３，５，６，７，８，８ａ－オクタヒドロ－２－ナフチル）エタノンの混合物を八十重量パーセント以上含有するもの
JP-PRTR-C1-493	二―メチル―Ｎ―［三―（一―メチルエトキシ）フェニル］ベンズアミド（別名メプロニル）	２－メチル－Ｎ－［３－（１－メチルエトキシ）フェニル］ベンズアミド（別名メプロニル）
JP-PRTR-C1-494	Ｓ―メチル―Ｎ―（メチルカルバモイルオキシ）チオアセトイミダート（別名メソミル）	Ｓ－メチル－Ｎ－（メチルカルバモイルオキシ）チオアセトイミダート（別名メソミル）
JP-PRTR-C1-495	メチル＝（Ｅ）―メトキシイミノ―［二―［［［［（Ｅ）―一―［三―（トリフルオロメチル）フェニル］エチリデン］アミノ］オキシ］メチル］フェニル］アセタート（別名トリフロキシストロビン）	メチル＝（Ｅ）－メトキシイミノ－［２－［［［［（Ｅ）－１－［３－（トリフルオロメチル）フェニル］エチリデン］アミノ］オキシ］メチル］フェニル］アセタート（別名トリフロキシストロビン）
JP-PRTR-C1-496	メチル＝（Ｅ）―メトキシイミノ［二―（オルト―トリルオキシメチル）フェニル］アセタート（別名クレソキシムメチル）	メチル＝（Ｅ）－メトキシイミノ［２－（オルト－トリルオキシメチル）フェニル］アセタート（別名クレソキシムメチル）
JP-PRTR-C1-497	四・四′―メチレンジアニリン	４，４’－メチレンジアニリン
JP-PRTR-C1-498	メチレンビス（四・一―フェニレン）＝ジイソシアネート	メチレンビス（４，１－フェニレン）＝ジイソシアネート
JP-PRTR-C1-499	三―メトキシアニリン	３－メトキシアニリン
JP-PRTR-C1-500	（Ｅ）―二―メトキシイミノ―Ｎ―メチル―二―（二―フェノキシフェニル）アセトアミド（別名メトミノストロビン）	（Ｅ）－２－メトキシイミノ－Ｎ－メチル－２－（２－フェノキシフェニル）アセトアミド（別名メトミノストロビン）
JP-PRTR-C1-501	二―（二―メトキシエトキシ）エタノール	２－（２－メトキシエトキシ）エタノール
JP-PRTR-C1-502	三―メトキシカルボニルアミノフェニル＝三′―メチルカルバニラート（別名フェンメディファム）	３－メトキシカルボニルアミノフェニル＝３’－メチルカルバニラート（別名フェンメディファム）
JP-PRTR-C1-503	Ｎ―（六―メトキシ―二―ピリジル）―Ｎ―メチルチオカルバミン酸Ｏ―三―ターシャリ―ブチルフェニル（別名ピリブチカルブ）	Ｎ－（６－メトキシ－２－ピリジル）－Ｎ－メチルチオカルバミン酸Ｏ－３－ターシャリ－ブチルフェニル（別名ピリブチカルブ）
JP-PRTR-C1-504	一―メトキシ―二―（二―メトキシエトキシ）エタン	１－メトキシ－２－（２－メトキシエトキシ）エタン
JP-PRTR-C1-506	硫化（二・四・四―トリメチルペンテン）	硫化（２，４，４－トリメチルペンテン）
JP-PRTR-C1-510	りん酸ジメチル＝二・二―ジクロロビニル（別名ジクロルボス又はＤＤＶＰ）	りん酸ジメチル＝２，２－ジクロロビニル（別名ジクロルボス又はＤＤＶＰ）
JP-PRTR-C1-511	りん酸トリス（二―エチルヘキシル）	りん酸トリス（２－エチルヘキシル）
JP-PRTR-C1-512	りん酸トリス（二―クロロエチル）	りん酸トリス（２－クロロエチル）
JP-PRTR-C2-1	アクリル酸二―ヒドロキシエチル	アクリル酸２－ヒドロキシエチル
JP-PRTR-C2-2	アクリル酸二―ヒドロキシプロピル	アクリル酸２－ヒドロキシプロピル
JP-PRTR-C2-3	一―アミノ―九・一〇―アントラキノン	１－アミノ－９，１０－アントラキノン
JP-PRTR-C2-4	二―アミノ―三―クロロ―一・四―ナフトキノン（別名ＡＣＮ）	２－アミノ－３－クロロ－１，４－ナフトキノン（別名ＡＣＮ）
JP-PRTR-C2-5	イソプロピルアンモニウム＝（ＲＳ）―二―（四―イソプロピル―四―メチル―五―オキソ―二―イミダゾリン―二―イル）ニコチナート（別名イマザピル又はイマザピルイソプロピルアミン塩）	イソプロピルアンモニウム＝（ＲＳ）－２－（４－イソプロピル－４－メチル－５－オキソ－２－イミダゾリン－２－イル）ニコチナート（別名イマザピル又はイマザピルイソプロピルアミン塩）
JP-PRTR-C2-6	二―イミダゾリジンチオン	２－イミダゾリジンチオン
JP-PRTR-C2-7	一・一′―［イミノジ（オクタメチレン）］ジグアニジン（別名イミノクタジン）	１，１’－［イミノジ（オクタメチレン）］ジグアニジン（別名イミノクタジン）
JP-PRTR-C2-9	六―エトキシ―一・二―ジヒドロ―二・二・四―トリメチルキノリン（別名エトキシキン）	６－エトキシ－１，２－ジヒドロ－２，２，４－トリメチルキノリン（別名エトキシキン）
JP-PRTR-C2-10	一・二―エポキシ―三―（トリルオキシ）プロパン	１，２－エポキシ－３－（トリルオキシ）プロパン
JP-PRTR-C2-11	二・三―エポキシ―一―プロパノール	２，３－エポキシ－１－プロパノール
JP-PRTR-C2-12	エマメクチン安息香酸塩（別名エマメクチンＢ一ａ安息香酸塩及びエマメクチンＢ一ｂ安息香酸塩の混合物）	エマメクチン安息香酸塩（別名エマメクチンＢ１ａ安息香酸塩及びエマメクチンＢ１ｂ安息香酸塩の混合物）
JP-PRTR-C2-15	オクタン―一―チオール	オクタン－１－チオール
JP-PRTR-C2-16	（二―クロロエチル）トリメチルアンモニウム＝クロリド	（２－クロロエチル）トリメチルアンモニウム＝クロリド
JP-PRTR-C2-18	（ＲＳ）―一―［三―クロロ―四―（一・一・二―トリフルオロ―二―トリフルオロメトキシエトキシ）フェニル］―三―（二・六―ジフルオロベンゾイル）尿素（別名ノバルロン）	（ＲＳ）－１－［３－クロロ－４－（１，１，２－トリフルオロ－２－トリフルオロメトキシエトキシ）フェニル］－３－（２，６－ジフルオロベンゾイル）尿素（別名ノバルロン）
JP-PRTR-C2-19	一―［四―［二―クロロ―四―（トリフルオロメチル）フェノキシ］―二―フルオロフェニル］―三―（二・六―ジフルオロベンゾイル）尿素（別名フルフェノクスロン）	１－［４－［２－クロロ－４－（トリフルオロメチル）フェノキシ］－２－フルオロフェニル］－３－（２，６－ジフルオロベンゾイル）尿素（別名フルフェノクスロン）
JP-PRTR-C2-20	オルト―クロロトルエン	オルト－クロロトルエン
JP-PRTR-C2-21	パラ―クロロトルエン	パラ－クロロトルエン
JP-PRTR-C2-22	（Ｅ）―Ｎ―［（六―クロロ―三―ピリジル）メチル］―Ｎ―エチル―Ｎ′―メチル―二―ニトロエテン―一・一―ジアミン（別名ニテンピラム）	（Ｅ）－Ｎ－［（６－クロロ－３－ピリジル）メチル］－Ｎ－エチル－Ｎ’－メチル－２－ニトロエテン－１，１－ジアミン（別名ニテンピラム）
JP-PRTR-C2-23	（ＲＳ）―二―［二―（三―クロロフェニル）―二・三―エポキシプロピル］―二―エチルインダン―一・三―ジオン（別名インダノファン）	（ＲＳ）－２－［２－（３－クロロフェニル）－２．３－エポキシプロピル］－２－エチルインダン－１，３－ジオン（別名インダノファン）
JP-PRTR-C2-24	（四ＲＳ・五ＲＳ）―五―（四―クロロフェニル）―Ｎ―シクロヘキシル―四―メチル―二―オキソ―一・三―チアゾリジン―三―カルボキサミド（別名ヘキシチアゾクス）	（４ＲＳ，５ＲＳ）－５－（４－クロロフェニル）－Ｎ－シクロヘキシル－４－メチル－２－オキソ－１，３－チアゾリジン－３－カルボキサミド（別名ヘキシチアゾクス）
JP-PRTR-C2-25	Ｎ―（四―クロロフェニル）―一―シクロヘキセン―一・二―ジカルボキシミド（別名クロルフタリム）	Ｎ－（４－クロロフェニル）－１－シクロヘキセン－１，２－ジカルボキシミド（別名クロルフタリム）
JP-PRTR-C2-26	一―（四―クロロフェニル）―三―（二・六―ジフルオロベンゾイル）尿素（別名ジフルベンズロン）	１－（４－クロロフェニル）－３－（２，６－ジフルオロベンゾイル）尿素（別名ジフルベンズロン）
JP-PRTR-C2-27	四―［三―（四―クロロフェニル）―三―（三・四―ジメトキシフェニル）アクリロイル］モルホリン（別名ジメトモルフ）	４－［３－（４－クロロフェニル）－３－（３，４－ジメトキシフェニル）アクリロイル］モルホリン（別名ジメトモルフ）
JP-PRTR-C2-28	二―（四―クロロフェニル）―二―（一Ｈ―一・二・四―トリアゾール―一―イルメチル）ヘキサンニトリル（別名ミクロブタニル）	２－（４－クロロフェニル）－２－（１Ｈ－１，２，４－トリアゾール－１－イルメチル）ヘキサンニトリル（別名ミクロブタニル）
JP-PRTR-C2-29	四―クロロフェニル＝二・四・五―トリクロロフェニル＝スルホン（別名テトラジホン）	４－クロロフェニル＝２，４，５－トリクロロフェニル＝スルホン（別名テトラジホン）
JP-PRTR-C2-30	（ＲＳ）―四―（四―クロロフェニル）―二―フェニル―二―（一Ｈ―一・二・四―トリアゾール―一―イルメチル）ブチロニトリル（別名フェンブコナゾール）	（ＲＳ）－４－（４－クロロフェニル）－２－フェニル－２－（１Ｈ－１，２，４－トリアゾール－１－イルメチル）ブチロニトリル（別名フェンブコナゾール）
JP-PRTR-C2-31	［二―［三―（四―クロロフェニル）プロピル］―二・四・四―トリメチル―一・三―オキサゾリジン―三―イル］（一Ｈ―イミダゾール―一―イル）メタノン	［２－［３－（４－クロロフェニル）プロピル］－２，４，４－トリメチル－１，３－オキサゾリジン－３－イル］（１Ｈ－イミダゾール－１－イル）メタノン
JP-PRTR-C2-32	三―クロロ―一・二―プロパンジオール	３－クロロ－１，２－プロパンジオール
JP-PRTR-C2-33	三―クロロ―二―メチル―一―プロペン	３－クロロ－２－メチル－１－プロペン
JP-PRTR-C2-34	（五―クロロ―二―メトキシ―四―メチルピリジン―三―イル）（二・三・四―トリメトキシ―六―メチルフェニル）メタノン（別名ピリオフェノン）	（５－クロロ－２－メトキシ－４－メチルピリジン－３－イル）（２，３，４－トリメトキシ－６－メチルフェニル）メタノン（別名ピリオフェノン）
JP-PRTR-C2-37	（ＲＳ）―二―シアノ―Ｎ―［（Ｒ）―一―（二・四―ジクロロフェニル）エチル］―三・三―ジメチルブチラミド（別名ジクロシメット）	（ＲＳ）－２－シアノ－Ｎ－［（Ｒ）－１－（２，４－ジクロロフェニル）エチル］－３，３－ジメチルブチラミド（別名ジクロシメット）
JP-PRTR-C2-38	（ＲＳ）―アルファ―シアノ―三―フェノキシベンジル＝Ｎ―（二―クロロ―アルファ・アルファ・アルファ―トリフルオロ―パラ―トリル）―Ｄ―バリナート（別名フルバリネート）	（ＲＳ）－アルファ－シアノ－３－フェノキシベンジル＝Ｎ－（２－クロロ－アルファ・アルファ・アルファ－トリフルオロ－パラ－トリル）－Ｄ－バリナート（別名フルバリネート）
JP-PRTR-C2-39	アルファ―シアノ―三―フェノキシベンジル＝三―（二・二―ジクロロビニル）―二・二―ジメチルシクロプロパンカルボキシラート（別名シペルメトリン）	アルファ－シアノ－３－フェノキシベンジル＝３－（２，２－ジクロロビニル）－２，２－ジメチルシクロプロパンカルボキシラート（別名シペルメトリン）
JP-PRTR-C2-40	（Ｓ）―アルファ―シアノ―三―フェノキシベンジル＝（一Ｒ・三Ｓ）―二・二―ジメチル―三―（一・二・二・二―テトラブロモエチル）シクロプロパンカルボキシラート（別名トラロメトリン）	（Ｓ）－アルファ－シアノ－３－フェノキシベンジル＝（１Ｒ，３Ｓ）－２，２－ジメチル－３－（１，２，２，２－テトラブロモエチル）シクロプロパンカルボキシラート（別名トラロメトリン）
JP-PRTR-C2-41	（ＲＳ）―アルファ―シアノ―三―フェノキシベンジル＝二・二・三・三―テトラメチルシクロプロパンカルボキシラート（別名フェンプロパトリン）	（ＲＳ）－アルファ－シアノ－３－フェノキシベンジル＝２，２，３，３－テトラメチルシクロプロパンカルボキシラート（別名フェンプロパトリン）
JP-PRTR-C2-42	アルファ―シアノ―四―フルオロ―三―フェノキシベンジル＝三―（二・二―ジクロロビニル）―二・二―ジメチルシクロプロパンカルボキシラート（別名シフルトリン）	アルファ－シアノ－４－フルオロ－３－フェノキシベンジル＝３－（２，２－ジクロロビニル）－２，２－ジメチルシクロプロパンカルボキシラート（別名シフルトリン）
JP-PRTR-C2-43	一―［二―（シクロプロピルカルボニル）アニリノスルホニル］―三―（四・六―ジメトキシピリミジン―二―イル）尿素（別名シクロスルファムロン）	１－［２－（シクロプロピルカルボニル）アニリノスルホニル］－３－（４，６－ジメトキシピリミジン－２－イル）尿素（別名シクロスルファムロン）
JP-PRTR-C2-44	四―シクロプロピル―六―メチル―Ｎ―フェニルピリミジン―二―アミン（別名シプロジニル）	４－シクロプロピル－６－メチル－Ｎ－フェニルピリミジン－２－アミン（別名シプロジニル）
JP-PRTR-C2-45	Ｎ―（シクロヘキシルチオ）フタルイミド	Ｎ－（シクロヘキシルチオ）フタルイミド
JP-PRTR-C2-46	一―（三・五―ジクロロ―二・四―ジフルオロフェニル）―三―（二・六―ジフルオロベンゾイル）尿素（別名テフルベンズロン）	１－（３，５－ジクロロ－２，４－ジフルオロフェニル）－３－（２，６－ジフルオロベンゾイル）尿素（別名テフルベンズロン）
JP-PRTR-C2-47	一・三―ジクロロ―五・五―ジメチルイミダゾリジン―二・四―ジオン	１，３－ジクロロ－５，５－ジメチルイミダゾリジン－２，４－ジオン
JP-PRTR-C2-48	Ｎ―（二・三―ジクロロ―四―ヒドロキシフェニル）―一―メチルシクロヘキサンカルボキサミド（別名フェンヘキサミド）	Ｎ－（２，３－ジクロロ－４－ヒドロキシフェニル）－１－メチルシクロヘキサンカルボキサミド（別名フェンヘキサミド）
JP-PRTR-C2-49	（ＲＳ）―二―（二・四―ジクロロフェニル）―三―（一Ｈ―一・二・四―トリアゾール―一―イル）プロピル＝一・一・二・二―テトラフルオロエチル＝エーテル（別名テトラコナゾール）	（ＲＳ）－２－（２，４－ジクロロフェニル）－３－（１Ｈ－１，２，４－トリアゾール－１－イル）プロピル＝１，１，２，２－テトラフルオロエチル＝エーテル（別名テトラコナゾール）
JP-PRTR-C2-50	（ＲＳ）―一―［二・五―ジクロロ―四―（一・一・二・三・三・三―ヘキサフルオロプロポキシ）フェニル］―三―（二・六―ジフルオロベンゾイル）尿素（別名ルフェヌロン）	（ＲＳ）－１－［２．５－ジクロロ－４－（１，１，２，３，３，３－ヘキサフルオロプロポキシ）フェニル］－３－（２，６－ジフルオロベンゾイル）尿素（別名ルフェヌロン）
JP-PRTR-C2-51	Ｎ・Ｎ―ジシクロヘキシル―二―ベンゾチアゾールスルフェンアミド	Ｎ，Ｎ－ジシクロヘキシル－２－ベンゾチアゾールスルフェンアミド
JP-PRTR-C2-52	ジチオりん酸Ｏ・Ｏ―ジエチル―Ｓ―（二―エチルチオエチル）（別名エチルチオメトン又はジスルホトン）	ジチオりん酸Ｏ，Ｏ－ジエチル－Ｓ－（２－エチルチオエチル）（別名エチルチオメトン又はジスルホトン）
JP-PRTR-C2-53	ジナトリウム＝四―アミノ―三―［四′―（二・四―ジアミノフェニルアゾ）―一・一′―ビフェニル―四―イルアゾ］―五―ヒドロキシ―六―フェニルアゾ―二・七―ナフタレンジスルホナート（別名ＣＩダイレクトブラック三十八）	ジナトリウム＝４－アミノ－３－［４’－（２，４－ジアミノフェニルアゾ）－１．１’－ビフェニル－４－イルアゾ］－５－ヒドロキシ－６－フェニルアゾ－２，７－ナフタレンジスルホナート（別名ＣＩダイレクトブラック３８）
JP-PRTR-C2-54	［三―（四・五―ジヒドロイソオキサゾール―三―イル）―四―メシル―二―メチルフェニル］（五―ヒドロキシ―一―メチルピラゾール―四―イル）メタノン	［３－（４，５－ジヒドロイソオキサゾール－３－イル）－４－メシル－２－メチルフェニル］（５－ヒドロキシ－１－メチルピラゾール－４－イル）メタノン
JP-PRTR-C2-56	一・三―ジフェニルグアニジン	１，３－ジフェニルグアニジン
JP-PRTR-C2-57	二′・四′―ジフルオロ―二―（三―トリフルオロメチルフェノキシ）ニコチンアニリド	２’・４’－ジフルオロ－２－（３－トリフルオロメチルフェノキシ）ニコチンアニリド
JP-PRTR-C2-58	Ｎ・Ｎ―ジメチルアニリン	Ｎ，Ｎ－ジメチルアニリン
JP-PRTR-C2-59	三・七―ジメチルオクタ―一・六―ジエン―三―イル＝アセタート（別名酢酸リナリル）	３，７－ジメチルオクタ－１，６－ジエン－３－イル＝アセタート（別名酢酸リナリル）
JP-PRTR-C2-60	（Ｅ）―三・七―ジメチルオクタ―二・六―ジエン―一―オール（別名ゲラニオール）	（Ｅ）－３，７－ジメチルオクタ－２，６－ジエン－１－オール（別名ゲラニオール）
JP-PRTR-C2-61	Ｓ・Ｓ′―ジメチル＝二―ジフルオロメチル―四―イソブチル―六―トリフルオロメチルピリジン―三・五―ジカルボチオアート（別名ジチオピル）	Ｓ，Ｓ’－ジメチル＝２－ジフルオロメチル－４－イソブチル－６－トリフルオロメチルピリジン－３，５－ジカルボチオアート（別名ジチオピル）
JP-PRTR-C2-62	Ｎ・Ｎ―ジメチルテトラデカン―一―アミン	Ｎ，Ｎ－ジメチルテトラデカン－１－アミン
JP-PRTR-C2-63	（ＲＳ）―Ｎ―［二―（三・五―ジメチルフェノキシ）―一―メチルエチル］―六―（一―フルオロ―一―メチルエチル）―一・三・五―トリアジン―二・四―ジアミン（別名トリアジフラム）	（ＲＳ）－Ｎ－［２－（３，５－ジメチルフェノキシ）－１－メチルエチル］－６－（１－フルオロ－１－メチルエチル）－１，３，５－トリアジン－２，４－ジアミン（別名トリアジフラム）
JP-PRTR-C2-64	二・二―ジメチルブタン酸＝三―（二・四―ジクロロフェニル）―二―オキソ―一―オキサスピロ［四・五］デカ―三―エン―四―イル（別名スピロジクロフェン）	２，２－ジメチルブタン酸＝３－（２，４－ジクロロフェニル）－２－オキソ－１－オキサスピロ［４．５］デカ－３－エン－４－イル（別名スピロジクロフェン）
JP-PRTR-C2-67	チオりん酸Ｏ―四―ブロモ―二―クロロフェニル―Ｏ―エチル―Ｓ―プロピル（別名プロフェノホス）	チオりん酸Ｏ－４－ブロモ－２－クロロフェニル－Ｏ－エチル－Ｓ－プロピル（別名プロフェノホス）
JP-PRTR-C2-69	三・六・九―トリアザウンデカン―一・一一―ジアミン（別名テトラエチレンペンタミン）	３，６，９－トリアザウンデカン－１，１１－ジアミン（別名テトラエチレンペンタミン）
JP-PRTR-C2-71	一・三・五―トリス（二・三―エポキシプロピル）―一・三・五―トリアジン―二・四・六（一Ｈ・三Ｈ・五Ｈ）―トリオン	１，３，５－トリス（２，３－エポキシプロピル）－１，３，５－トリアジン－２，４，６（１Ｈ，３Ｈ，５Ｈ）－トリオン
JP-PRTR-C2-72	一・三・五―トリス［三―（ジメチルアミノ）プロピル］ヘキサヒドロ―一・三・五―トリアジン	１，３，５－トリス［３－（ジメチルアミノ）プロピル］ヘキサヒドロ－１，３，５－トリアジン
JP-PRTR-C2-73	二・四・六―トリニトロトルエン	２，４，６－トリニトロトルエン
JP-PRTR-C2-74	二・四・六―トリブロモフェノール	２，４，６－トリブロモフェノール
JP-PRTR-C2-75	（一Ｒ・二Ｒ・四Ｒ）―一・七・七―トリメチルビシクロ［二・二・一］ヘプタン―二―イル＝アセタート及び（一Ｓ・二Ｓ・四Ｓ）―一・七・七―トリメチルビシクロ［二・二・一］ヘプタン―二―イル＝アセタートの混合物（別名イソボルニル＝アセテート）	（１Ｒ，２Ｒ，４Ｒ）－１，７，７－トリメチルビシクロ［２．２．１］ヘプタン－２－イル＝アセタート及び（１Ｓ，２Ｓ，４Ｓ）－１，７，７－トリメチルビシクロ［２．２．１］ヘプタン－２－イル＝アセタートの混合物（別名イソボルニル＝アセテート）
JP-PRTR-C2-76	三・五・五―トリメチル―一―ヘキサノール	３，５，５－トリメチル－１－ヘキサノール
JP-PRTR-C2-80	オルト―ニトロトルエン	オルト－ニトロトルエン
JP-PRTR-C2-82	二・二―ビス（ブロモメチル）プロパン―一・三―ジオール（別名ジブロモネオペンチルグリコール）	２，２－ビス（ブロモメチル）プロパン－１，３－ジオール（別名ジブロモネオペンチルグリコール）
JP-PRTR-C2-83	ビス（一―メチル―一―フェニルエチル）＝ペルオキシド	ビス（１－メチル－１－フェニルエチル）＝ペルオキシド
JP-PRTR-C2-85	四―ヒドロキシ安息香酸プロピル（別名パラオキシ安息香酸プロピル）	４－ヒドロキシ安息香酸プロピル（別名パラオキシ安息香酸プロピル）
JP-PRTR-C2-86	二―ヒドロキシ安息香酸（Ｚ）―三―ヘキセニル	２－ヒドロキシ安息香酸（Ｚ）－３－ヘキセニル
JP-PRTR-C2-87	四―ヒドロキシ安息香酸メチル	４－ヒドロキシ安息香酸メチル
JP-PRTR-C2-88	二―ビニルピリジン	２－ビニルピリジン
JP-PRTR-C2-89	二―フェノキシエチル＝イソブチレート	２－フェノキシエチル＝イソブチレート
JP-PRTR-C2-91	ブタ―二―イン―一・四―ジオール	ブタ－２－イン－１，４－ジオール
JP-PRTR-C2-96	Ｎ―ブチル―Ｎ―エチル―アルファ・アルファ・アルファ―トリフルオロ―二・六―ジニトロ―パラ―トルイジン（別名ベスロジン又はベンフルラリン）	Ｎ－ブチル－Ｎ－エチル－アルファ・アルファ・アルファ－トリフルオロ－２，６－ジニトロ－パラ－トルイジン（別名ベスロジン又はベンフルラリン）
JP-PRTR-C2-97	ブチル―二・三―エポキシプロピルエーテル	ブチル－２，３－エポキシプロピルエーテル
JP-PRTR-C2-98	三―（五―ターシャリ―ブチル―一・二―オキサゾール―三―イル）―一・一―ジメチル尿素（別名イソウロン）	３－（５－ターシャリ－ブチル－１，２－オキサゾール－３－イル）－１，１－ジメチル尿素（別名イソウロン）
JP-PRTR-C2-99	Ｎ―ブチルカルバミド酸＝三―ヨード―二―プロピニル	Ｎ－ブチルカルバミド酸＝３－ヨード－２－プロピニル
JP-PRTR-C2-100	三―ターシャリ―ブチル―五―クロロ―六―メチルウラシル（別名ターバシル）	３－ターシャリ－ブチル－５－クロロ－６－メチルウラシル（別名ターバシル）
JP-PRTR-C2-101	五―ターシャリ―ブチル―三―［二・四―ジクロロ―五―（プロパ―二―イン―一―イルオキシ）フェニル］―一・三・四―オキサジアゾール―二（三Ｈ）―オン（別名オキサジアルギル）	５－ターシャリ－ブチル－３－［２．４－ジクロロ－５－（プロパ－２－イン－１－イルオキシ）フェニル］－１，３，４－オキサジアゾール－２（３Ｈ）－オン（別名オキサジアルギル）
JP-PRTR-C2-102	一―（四―ターシャリ―ブチル―二・六―ジメチル―三・五―ジニトロフェニル）エタノン	１－（４－ターシャリ－ブチル－２，６－ジメチル－３，５－ジニトロフェニル）エタノン
JP-PRTR-C2-103	ターシャリ―ブチル＝四―［［［（一・三―ジメチル―五―フェノキシ―四―ピラゾリル）メチリデン］アミノオキシ］メチル］ベンゾアート（別名フェンピロキシメート）	ターシャリ－ブチル＝４－［［［（１，３－ジメチル－５－フェノキシ－４－ピラゾリル）メチリデン］アミノオキシ］メチル］ベンゾアート（別名フェンピロキシメート）
JP-PRTR-C2-104	一―ターシャリ―ブチル―一―（三・五―ジメチルベンゾイル）―二―（三―メトキシ―二―メチルベンゾイル）ヒドラジン（別名メトキシフェノジド）	１－ターシャリ－ブチル－１－（３，５－ジメチルベンゾイル）－２－（３－メトキシ－２－メチルベンゾイル）ヒドラジン（別名メトキシフェノジド）
JP-PRTR-C2-105	ターシャリ―ブチル＝ヒドロペルオキシド	ターシャリ－ブチル＝ヒドロペルオキシド
JP-PRTR-C2-106	四―ターシャリ―ブチルフェノール	４－ターシャリ－ブチルフェノール
JP-PRTR-C2-107	二―ターシャリ―ブチル―五―（四―ターシャリ―ブチルベンジルチオ）―四―クロロ―三（二Ｈ）―ピリダジノン（別名ピリダベン）	２－ターシャリ－ブチル－５－（４－ターシャリ－ブチルベンジルチオ）－４－クロロ－３（２Ｈ）－ピリダジノン（別名ピリダベン）
JP-PRTR-C2-108	Ｎ―（四―ターシャリ―ブチルベンジル）―四―クロロ―三―エチル―一―メチルピラゾール―五―カルボキサミド（別名テブフェンピラド）	Ｎ－（４－ターシャリ－ブチルベンジル）－４－クロロ－３－エチル－１－メチルピラゾール－５－カルボキサミド（別名テブフェンピラド）
JP-PRTR-C2-109	Ｎ―（ターシャリ―ブチル）―二―ベンゾチアゾールスルフェンアミド	Ｎ－（ターシャリ－ブチル）－２－ベンゾチアゾールスルフェンアミド
JP-PRTR-C2-111	四′―フルオロ―Ｎ―イソプロピル―二―（五―トリフルオロメチル―一・三・四―チアジアゾール―二―イルオキシ）アセトアニリド（別名フルフェナセット）	４’－フルオロ－Ｎ－イソプロピル－２－（５－トリフルオロメチル－１，３，４－チアジアゾール－２－イルオキシ）アセトアニリド（別名フルフェナセット）
JP-PRTR-C2-112	五―プロパン―一―イル―六―（二・五・八―トリオキサドデカン―一―イル）―一・三―ベンゾジオキソール（別名ピペロニルブトキシド）	５－プロパン－１－イル－６－（２，５，８－トリオキサドデカン－１－イル）－１，３－ベンゾジオキソール（別名ピペロニルブトキシド）
JP-PRTR-C2-113	三―ブロモ―一―（三―クロロピリジン―二―イル）―Ｎ―［四―シアノ―二―メチル―六―（メチルカルバモイル）フェニル］―一Ｈ―ピラゾール―五―カルボキサミド（別名シアントラニリプロール）	３－ブロモ－１－（３－クロロピリジン－２－イル）－Ｎ－［４－シアノ－２－メチル－６－（メチルカルバモイル）フェニル］－１Ｈ－ピラゾール－５－カルボキサミド（別名シアントラニリプロール）
JP-PRTR-C2-116	二―ベンジリデンヘプタナール	２－ベンジリデンヘプタナール
JP-PRTR-C2-117	ベンゼン―一・二・四・五―テトラカルボン酸	ベンゼン－１，２，４，５－テトラカルボン酸
JP-PRTR-C2-120	メタクリル酸二・三―エポキシプロピル	メタクリル酸２，３－エポキシプロピル
JP-PRTR-C2-122	メチル＝三―クロロ―五―（四・六―ジメトキシ―二―ピリミジニルカルバモイルスルファモイル）―一―メチルピラゾール―四―カルボキシラート（別名ハロスルフロンメチル）	メチル＝３－クロロ－５－（４，６－ジメトキシ－２－ピリミジニルカルバモイルスルファモイル）－１－メチルピラゾール－４－カルボキシラート（別名ハロスルフロンメチル）
JP-PRTR-C2-123	三―メチル―一・五―ジ（二・四―キシリル）―一・三・五―トリアザペンタ―一・四―ジエン（別名アミトラズ）	３－メチル－１，５－ジ（２，４－キシリル）－１，３，５－トリアザペンタ－１，４－ジエン（別名アミトラズ）
JP-PRTR-C2-124	二―（四―メチルシクロヘキサ―三―エン―一―イル）プロパン―二―イル＝アセタート（別名酢酸テルピニル）	２－（４－メチルシクロヘキサ－３－エン－１－イル）プロパン－２－イル＝アセタート（別名酢酸テルピニル）
JP-PRTR-C2-125	六―メチル―一・三―ジチオロ［四・五―ｂ］キノキサリン―二―オン	６－メチル－１，３－ジチオロ［４，５－ｂ］キノキサリン－２－オン
JP-PRTR-C2-126	四―メチル―二・四―ジフェニルペンタ―一―エン	４－メチル－２，４－ジフェニルペンタ－１－エン
JP-PRTR-C2-127	メチル―Ｎ′・Ｎ′―ジメチル―Ｎ―［（メチルカルバモイル）オキシ］―一―チオオキサムイミデート（別名オキサミル）	メチル－Ｎ’・Ｎ’－ジメチル－Ｎ－［（メチルカルバモイル）オキシ］－１－チオオキサムイミデート（別名オキサミル）
JP-PRTR-C2-128	二―メチル―Ｎ―［四―ニトロ―三―（トリフルオロメチル）フェニル］プロパンアミド（別名フルタミド）	２－メチル－Ｎ－［４－ニトロ－３－（トリフルオロメチル）フェニル］プロパンアミド（別名フルタミド）
JP-PRTR-C2-129	一―メチル―一―フェニルエチル＝ヒドロペルオキシド	１－メチル－１－フェニルエチル＝ヒドロペルオキシド
JP-PRTR-C2-130	七―メチル―三―メチレンオクタ―一・六―ジエン（別名ミルセン）	７－メチル－３－メチレンオクタ－１，６－ジエン（別名ミルセン）
JP-PRTR-C2-131	二―メルカプトエタノール	２－メルカプトエタノール
JP-PRTR-C2-132	二―メルカプトベンゾチアゾール	２－メルカプトベンゾチアゾール
JP-PDSCA-TOX-L-11	二・四―ジニトロ―六―（一―メチルプロピル）―フエノール	２，４－ジニトロ－６－（１－メチルプロピル）－フエノール
JP-PDSCA-TOX-L-13	ジメチル―（ジエチルアミド―一―クロルクロトニル）―ホスフエイト	ジメチル－（ジエチルアミド－１－クロルクロトニル）－ホスフエイト
JP-PDSCA-DEL-L-5	二―イソプロピル―四―メチルピリミジル―六―ジエチルチオホスフエイト（別名ダイアジノン）	２－イソプロピル－４－メチルピリミジル－６－ジエチルチオホスフエイト（別名ダイアジノン）
JP-PDSCA-DEL-L-6	エチル―Ｎ―（ジエチルジチオホスホリールアセチル）―Ｎ―メチルカルバメート	エチル－Ｎ－（ジエチルジチオホスホリールアセチル）－Ｎ－メチルカルバメート
JP-PDSCA-DEL-L-23	ジエチル―四―クロルフエニルメルカプトメチルジチオホスフエイト	ジエチル－４－クロルフエニルメルカプトメチルジチオホスフエイト
JP-PDSCA-DEL-L-24	ジエチル―（二・四―ジクロルフエニル）―チオホスフエイト	ジエチル－（２，４－ジクロルフエニル）－チオホスフエイト
JP-PDSCA-DEL-L-25	ジエチル―二・五―ジクロルフエニルメルカプトメチルジチオホスフエイト	ジエチル－２，５－ジクロルフエニルメルカプトメチルジチオホスフエイト
JP-PDSCA-DEL-L-30	二・三―ジ―（ジエチルジチオホスホロ）―パラジオキサン	２，３－ジ－（ジエチルジチオホスホロ）－パラジオキサン
JP-PDSCA-DEL-L-31	二・四―ジニトロ―六―シクロヘキシルフエノール	２，４－ジニトロ－６－シクロヘキシルフエノール
JP-PDSCA-DEL-L-32	二・四―ジニトロ―六―（一―メチルプロピル）―フエニルアセテート	２，４－ジニトロ－６－（１－メチルプロピル）－フエニルアセテート
JP-PDSCA-DEL-L-33	二・四―ジニトロ―六―メチルプロピルフエノールジメチルアクリレート	２，４－ジニトロ－６－メチルプロピルフエノールジメチルアクリレート
JP-PDSCA-DEL-L-34	二・二′―ジピリジリウム―一・一′―エチレンジブロミド	２，２’－ジピリジリウム－１，１’－エチレンジブロミド
JP-PDSCA-DEL-L-35	一・二―ジブロムエタン（別名ＥＤＢ）	１，２－ジブロムエタン（別名ＥＤＢ）
JP-PDSCA-DEL-L-37	三・五―ジブロム―四―ヒドロキシ―四′―ニトロアゾベンゼン	３，５－ジブロム－４－ヒドロキシ－４’－ニトロアゾベンゼン
JP-PDSCA-DEL-L-40	ジメチル―二・二―ジクロルビニルホスフエイト（別名ＤＤＶＰ）	ジメチル－２，２－ジクロルビニルホスフエイト（別名ＤＤＶＰ）
JP-PDSCA-DEL-L-45	ジメチル―（Ｎ―メチルカルバミルメチル）―ジチオホスフエイト（別名ジメトエート）	ジメチル－（Ｎ－メチルカルバミルメチル）－ジチオホスフエイト（別名ジメトエート）
JP-PDSCA-DEL-L-46	ジメチル―四―メチルメルカプト―三―メチルフエニルチオホスフエイト	ジメチル－４－メチルメルカプト－３－メチルフエニルチオホスフエイト
JP-PDSCA-DEL-L-57	トリエタノールアンモニウム―二・四―ジニトロ―六―（一―メチルプロピル）―フエノラート	トリエタノールアンモニウム－２，４－ジニトロ－６－（１－メチルプロピル）－フエノラート
JP-PDSCA-DEL-L-60	トリチオシクロヘプタジエン―三・四・六・七―テトラニトリル	トリチオシクロヘプタジエン－３，４，６，７－テトラニトリル
JP-PDSCA-DEL-L-76	一・二・三・四・五・六―ヘキサクロルシクロヘキサン（別名リンデン）	１，２，３，４，５，６－ヘキサクロルシクロヘキサン（別名リンデン）
JP-PDSCA-DEL-L-79	一・四・五・六・七―ペンタクロル―三ａ・四・七・七ａ―テトラヒドロ―四・七―（八・八―ジクロルメタノ）―インデン（別名ヘプタクロール）	１，４，５，６，７－ペンタクロル－３ａ，４，７，７ａ－テトラヒドロ－４，７－（８，８－ジクロルメタノ）－インデン（別名ヘプタクロール）
JP-PDSCA-DEL-L-85	Ｎ―メチル―一―ナフチルカルバメート	Ｎ－メチル－１－ナフチルカルバメート
JP-PDSCA-SPT-L-5	ジメチル―（ジエチルアミド―一―クロルクロトニル）―ホスフエイト	ジメチル－（ジエチルアミド－１－クロルクロトニル）－ホスフエイト
JP-PDSCA-TOX-O-1-5	三―アミノ―一―プロペン及びこれを含有する製剤	３－アミノ－１－プロペン及びこれを含有する製剤
JP-PDSCA-TOX-O-1-7	アルカノールアンモニウム―二・四―ジニトロ―六―（一―メチルプロピル）―フエノラート及びこれを含有する製剤	アルカノールアンモニウム－２，４－ジニトロ－６－（１－メチルプロピル）－フエノラート及びこれを含有する製剤
JP-PDSCA-TOX-O-1-8	五―イソシアナト―一―（イソシアナトメチル）―一・三・三―トリメチルシクロヘキサン及びこれを含有する製剤	５－イソシアナト－１－（イソシアナトメチル）－１，３，３－トリメチルシクロヘキサン及びこれを含有する製剤
JP-PDSCA-TOX-O-1-9	Ｏ―エチル―Ｏ―（二―イソプロポキシカルボニルフエニル）―Ｎ―イソプロピルチオホスホルアミド（別名イソフエンホス）及びこれを含有する製剤	Ｏ－エチル－Ｏ－（２－イソプロポキシカルボニルフエニル）－Ｎ－イソプロピルチオホスホルアミド（別名イソフエンホス）及びこれを含有する製剤
JP-PDSCA-TOX-O-1-10	Ｏ―エチル＝Ｓ・Ｓ―ジプロピル＝ホスホロジチオアート（別名エトプロホス）及びこれを含有する製剤	Ｏ－エチル＝Ｓ，Ｓ－ジプロピル＝ホスホロジチオアート（別名エトプロホス）及びこれを含有する製剤
JP-PDSCA-TOX-O-2-2	Ｎ―エチル―メチル―（二―クロル―四―メチルメルカプトフエニル）―チオホスホルアミド及びこれを含有する製剤	Ｎ－エチル－メチル－（２－クロル－４－メチルメルカプトフエニル）－チオホスホルアミド及びこれを含有する製剤
JP-PDSCA-TOX-O-6-5	一―クロロ―二・四―ジニトロベンゼン及びこれを含有する製剤	１－クロロ－２，４－ジニトロベンゼン及びこれを含有する製剤
JP-PDSCA-TOX-O-6-7	二―クロロピリジン及びこれを含有する製剤	２－クロロピリジン及びこれを含有する製剤
JP-PDSCA-TOX-O-6-8	三―クロロ―一・二―プロパンジオール及びこれを含有する製剤	３－クロロ－１，２－プロパンジオール及びこれを含有する製剤
JP-PDSCA-TOX-O-9	ジエチル―Ｓ―（エチルチオエチル）―ジチオホスフエイト及びこれを含有する製剤	ジエチル－Ｓ－（エチルチオエチル）－ジチオホスフエイト及びこれを含有する製剤
JP-PDSCA-TOX-O-9-2	ジエチル―Ｓ―（二―クロル―一―フタルイミドエチル）―ジチオホスフエイト及びこれを含有する製剤	ジエチル－Ｓ－（２－クロル－１－フタルイミドエチル）－ジチオホスフエイト及びこれを含有する製剤
JP-PDSCA-TOX-O-9-3	ジエチル―（一・三―ジチオシクロペンチリデン）―チオホスホルアミド及びこれを含有する製剤	ジエチル－（１，３－ジチオシクロペンチリデン）－チオホスホルアミド及びこれを含有する製剤
JP-PDSCA-TOX-O-10-2	ジエチル―四―メチルスルフイニルフエニル―チオホスフエイト及びこれを含有する製剤	ジエチル－４－メチルスルフイニルフエニル－チオホスフエイト及びこれを含有する製剤
JP-PDSCA-TOX-O-10-3	一・三―ジクロロプロパン―二―オール及びこれを含有する製剤	１，３－ジクロロプロパン－２－オール及びこれを含有する製剤
JP-PDSCA-TOX-O-10-5	二・三―ジシアノ―一・四―ジチアアントラキノン（別名ジチアノン）及びこれを含有する製剤	２，３－ジシアノ－１，４－ジチアアントラキノン（別名ジチアノン）及びこれを含有する製剤
JP-PDSCA-TOX-O-13	二・四―ジニトロ―六―（一―メチルプロピル）―フエノールを含有する製剤	２，４－ジニトロ－６－（１－メチルプロピル）－フエノールを含有する製剤
JP-PDSCA-TOX-O-13-2	二―ジフエニルアセチル―一・三―インダンジオン及びこれを含有する製剤	２－ジフエニルアセチル－１，３－インダンジオン及びこれを含有する製剤
JP-PDSCA-TOX-O-13-6	ジメチル―（イソプロピルチオエチル）―ジチオホスフエイト及びこれを含有する製剤	ジメチル－（イソプロピルチオエチル）－ジチオホスフエイト及びこれを含有する製剤
JP-PDSCA-TOX-O-15	ジメチル―（ジエチルアミド―一―クロルクロトニル）―ホスフエイトを含有する製剤	ジメチル－（ジエチルアミド－１－クロルクロトニル）－ホスフエイトを含有する製剤
JP-PDSCA-TOX-O-15-2	一・一′―ジメチル―四・四′―ジピリジニウムヒドロキシド、その塩類及びこれらのいずれかを含有する製剤	１，１’－ジメチル－４，４’－ジピリジニウムヒドロキシド、その塩類及びこれらのいずれかを含有する製剤
JP-PDSCA-TOX-O-16-2	一・一―ジメチルヒドラジン及びこれを含有する製剤	１，１－ジメチルヒドラジン及びこれを含有する製剤
JP-PDSCA-TOX-O-16-3	二・二―ジメチルプロパノイルクロライド（別名トリメチルアセチルクロライド）及びこれを含有する製剤	２，２－ジメチルプロパノイルクロライド（別名トリメチルアセチルクロライド）及びこれを含有する製剤
JP-PDSCA-TOX-O-16-4	二・二―ジメチル―一・三―ベンゾジオキソール―四―イル―Ｎ―メチルカルバマート（別名ベンダイオカルブ）及びこれを含有する製剤	２，２－ジメチル－１，３－ベンゾジオキソール－４－イル－Ｎ－メチルカルバマート（別名ベンダイオカルブ）及びこれを含有する製剤
JP-PDSCA-TOX-O-19-2	二・三・五・六―テトラフルオロ―四―メチルベンジル＝（Ｚ）―（一ＲＳ・三ＲＳ）―三―（二―クロロ―三・三・三―トリフルオロ―一―プロペニル）―二・二―ジメチルシクロプロパンカルボキシラート（別名テフルトリン）及びこれを含有する製剤	２，３，５，６－テトラフルオロ－４－メチルベンジル＝（Ｚ）－（１ＲＳ，３ＲＳ）－３－（２－クロロ－３，３，３－トリフルオロ－１－プロペニル）－２，２－ジメチルシクロプロパンカルボキシラート（別名テフルトリン）及びこれを含有する製剤
JP-PDSCA-TOX-O-19-4	一―ドデシルグアニジニウム＝アセタート（別名ドジン）及びこれを含有する製剤	１－ドデシルグアニジニウム＝アセタート（別名ドジン）及びこれを含有する製剤
JP-PDSCA-TOX-O-22-2	ビス（四―イソシアナトシクロヘキシル）メタン及びこれを含有する製剤	ビス（４－イソシアナトシクロヘキシル）メタン及びこれを含有する製剤
JP-PDSCA-TOX-O-22-3	Ｓ・Ｓ―ビス（一―メチルプロピル）＝Ｏ―エチル＝ホスホロジチオアート（別名カズサホス）及びこれを含有する製剤	Ｓ，Ｓ－ビス（１－メチルプロピル）＝Ｏ－エチル＝ホスホロジチオアート（別名カズサホス）及びこれを含有する製剤
JP-PDSCA-TOX-O-23-3	二―ヒドロキシエチル＝アクリラート及びこれを含有する製剤	２－ヒドロキシエチル＝アクリラート及びこれを含有する製剤
JP-PDSCA-TOX-O-23-4	二―ヒドロキシプロピル＝アクリラート及びこれを含有する製剤	２－ヒドロキシプロピル＝アクリラート及びこれを含有する製剤
JP-PDSCA-TOX-O-23-5	ブチル＝二・三―ジヒドロ―二・二―ジメチルベンゾフラン―七―イル＝Ｎ・Ｎ′―ジメチル―Ｎ・Ｎ′―チオジカルバマート（別名フラチオカルブ）及びこれを含有する製剤	ブチル＝２，３－ジヒドロ－２，２－ジメチルベンゾフラン－７－イル＝Ｎ，Ｎ’－ジメチル－Ｎ，Ｎ’－チオジカルバマート（別名フラチオカルブ）及びこれを含有する製剤
JP-PDSCA-TOX-O-24-4	一―（四―フルオロフエニル）プロパン―二―アミン、その塩類及びこれらのいずれかを含有する製剤	１－（４－フルオロフエニル）プロパン－２－アミン、その塩類及びこれらのいずれかを含有する製剤
JP-PDSCA-TOX-O-24-5	七―ブロモ―六―クロロ―三―〔三―〔（二Ｒ・三Ｓ）―三―ヒドロキシ―二―ピペリジル〕―二―オキソプロピル〕―四（三Ｈ）―キナゾリノン、七―ブロモ―六―クロロ―三―〔三―〔（二Ｓ・三Ｒ）―三―ヒドロキシ―二―ピペリジル〕―二―オキソプロピル〕―四（三Ｈ）―キナゾリノン及びこれらの塩類並びにこれらのいずれかを含有する製剤	７－ブロモ－６－クロロ－３－〔３－〔（２Ｒ，３Ｓ）－３－ヒドロキシ－２－ピペリジル〕－２－オキソプロピル〕－４（３Ｈ）－キナゾリノン、７－ブロモ－６－クロロ－３－〔３－〔（２Ｓ，３Ｒ）－３－ヒドロキシ－２－ピペリジル〕－２－オキソプロピル〕－４（３Ｈ）－キナゾリノン及びこれらの塩類並びにこれらのいずれかを含有する製剤
JP-PDSCA-TOX-O-24-7	ヘキサキス（β・β―ジメチルフエネチル）ジスタンノキサン（別名酸化フエンブタスズ）及びこれを含有する製剤	ヘキサキス（β・β－ジメチルフエネチル）ジスタンノキサン（別名酸化フエンブタスズ）及びこれを含有する製剤
JP-PDSCA-TOX-O-26-6	メチルシクロヘキシル―四―クロルフエニルチオホスフエイト及びこれを含有する製剤	メチルシクロヘキシル－４－クロルフエニルチオホスフエイト及びこれを含有する製剤
JP-PDSCA-TOX-O-26-7	メチル―Ｎ′・Ｎ′―ジメチル―Ｎ―〔（メチルカルバモイル）オキシ〕―一―チオオキサムイミデート及びこれを含有する製剤	メチル－Ｎ’・Ｎ’－ジメチル－Ｎ－〔（メチルカルバモイル）オキシ〕－１－チオオキサムイミデート及びこれを含有する製剤
JP-PDSCA-TOX-O-26-9	Ｓ―メチル―Ｎ―［（メチルカルバモイル）―オキシ］―チオアセトイミデート（別名メトミル）及びこれを含有する製剤	Ｓ－メチル－Ｎ－［（メチルカルバモイル）－オキシ］－チオアセトイミデート（別名メトミル）及びこれを含有する製剤
JP-PDSCA-TOX-O-26-11	メチレンビス（一―チオセミカルバジド）及びこれを含有する製剤	メチレンビス（１－チオセミカルバジド）及びこれを含有する製剤
JP-PDSCA-TOX-O-26-12	二―メルカプトエタノール及びこれを含有する製剤	２－メルカプトエタノール及びこれを含有する製剤
JP-PDSCA-DEL-O-3-2	亜セレン酸〇・〇〇八二％以下を含有する製剤	亜セレン酸０．００８２％以下を含有する製剤
JP-PDSCA-DEL-O-4-2	アバメクチン一・八％以下を含有する製剤	アバメクチン１，８％以下を含有する製剤
JP-PDSCA-DEL-O-4-3	二―アミノエタノール及びこれを含有する製剤	２－アミノエタノール及びこれを含有する製剤
JP-PDSCA-DEL-O-4-4	Ｎ―（二―アミノエチル）―二―アミノエタノール及びこれを含有する製剤	Ｎ－（２－アミノエチル）－２－アミノエタノール及びこれを含有する製剤
JP-PDSCA-DEL-O-4-5	Ｎ―（二―アミノエチル）エタン―一・二―ジアミン及びこれを含有する製剤	Ｎ－（２－アミノエチル）エタン－１，２－ジアミン及びこれを含有する製剤
JP-PDSCA-DEL-O-4-6	Ｌ―二―アミノ―四―〔（ヒドロキシ）（メチル）ホスフイノイル〕ブチリル―Ｌ―アラニル―Ｌ―アラニン、その塩類及びこれらのいずれかを含有する製剤	Ｌ－２－アミノ－４－〔（ヒドロキシ）（メチル）ホスフイノイル〕ブチリル－Ｌ－アラニル－Ｌ－アラニン、その塩類及びこれらのいずれかを含有する製剤
JP-PDSCA-DEL-O-4-7	一―アミノプロパン―二―オール及びこれを含有する製剤	１－アミノプロパン－２－オール及びこれを含有する製剤
JP-PDSCA-DEL-O-4-8	三―アミノプロパン―一―オール及びこれを含有する製剤	３－アミノプロパン－１－オール及びこれを含有する製剤
JP-PDSCA-DEL-O-4-9	三―アミノメチル―三・五・五―トリメチルシクロヘキシルアミン（別名イソホロンジアミン）及びこれを含有する製剤	３－アミノメチル－３，５，５－トリメチルシクロヘキシルアミン（別名イソホロンジアミン）及びこれを含有する製剤
JP-PDSCA-DEL-O-4-10	三―（アミノメチル）ベンジルアミン及びこれを含有する製剤	３－（アミノメチル）ベンジルアミン及びこれを含有する製剤
JP-PDSCA-DEL-O-5	Ｎ―アルキルアニリン及びその塩類	Ｎ－アルキルアニリン及びその塩類
JP-PDSCA-DEL-O-6	Ｎ―アルキルトルイジン及びその塩類	Ｎ－アルキルトルイジン及びその塩類
JP-PDSCA-DEL-O-8-2	二―イソブトキシエタノール及びこれを含有する製剤	２－イソブトキシエタノール及びこれを含有する製剤
JP-PDSCA-DEL-O-9	二―イソプロピルオキシフエニル―Ｎ―メチルカルバメート及びこれを含有する製剤	２－イソプロピルオキシフエニル－Ｎ－メチルカルバメート及びこれを含有する製剤
JP-PDSCA-DEL-O-9-2	二―イソプロピルフエニル―Ｎ―メチルカルバメート及びこれを含有する製剤	２－イソプロピルフエニル－Ｎ－メチルカルバメート及びこれを含有する製剤
JP-PDSCA-DEL-O-10	二―イソプロピル―四―メチルピリミジル―六―ジエチルチオホスフエイト（別名ダイアジノン）を含有する製剤	２－イソプロピル－４－メチルピリミジル－６－ジエチルチオホスフエイト（別名ダイアジノン）を含有する製剤
JP-PDSCA-DEL-O-10-3	一・一′―イミノジ（オクタメチレン）ジグアニジン（別名イミノクタジン）、その塩類及びこれらのいずれかを含有する製剤	１，１’－イミノジ（オクタメチレン）ジグアニジン（別名イミノクタジン）、その塩類及びこれらのいずれかを含有する製剤
JP-PDSCA-DEL-O-11-2	エタン―一・二―ジアミン及びこれを含有する製剤	エタン－１，２－ジアミン及びこれを含有する製剤
JP-PDSCA-DEL-O-11-3	Ｏ―エチル―Ｏ―（二―イソプロポキシカルボニルフエニル）―Ｎ―イソプロピルチオホスホルアミド（別名イソフエンホス）五％以下を含有する製剤	Ｏ－エチル－Ｏ－（２－イソプロポキシカルボニルフエニル）－Ｎ－イソプロピルチオホスホルアミド（別名イソフエンホス）５％以下を含有する製剤
JP-PDSCA-DEL-O-11-4	Ｎ―エチル―Ｏ―（二―イソプロポキシカルボニル―一―メチルビニル）―Ｏ―メチルチオホスホルアミド（別名プロペタンホス）及びこれを含有する製剤	Ｎ－エチル－Ｏ－（２－イソプロポキシカルボニル－１－メチルビニル）－Ｏ－メチルチオホスホルアミド（別名プロペタンホス）及びこれを含有する製剤
JP-PDSCA-DEL-O-12	エチル―Ｎ―（ジエチルジチオホスホリールアセチル）―Ｎ―メチルカルバメートを含有する製剤	エチル－Ｎ－（ジエチルジチオホスホリールアセチル）－Ｎ－メチルカルバメートを含有する製剤
JP-PDSCA-DEL-O-12-2	エチル＝二―ジエトキシチオホスホリルオキシ―五―メチルピラゾロ〔一・五―ａ〕ピリミジン―六―カルボキシラート（別名ピラゾホス）及びこれを含有する製剤	エチル＝２－ジエトキシチオホスホリルオキシ－５－メチルピラゾロ〔１，５－ａ〕ピリミジン－６－カルボキシラート（別名ピラゾホス）及びこれを含有する製剤
JP-PDSCA-DEL-O-13	エチル―二・四―ジクロルフエニルチオノベンゼンホスホネイト及びこれを含有する製剤	エチル－２，４－ジクロルフエニルチオノベンゼンホスホネイト及びこれを含有する製剤
JP-PDSCA-DEL-O-13-3	Ｏ―エチル＝Ｓ・Ｓ―ジプロピル＝ホスホロジチオアート（別名エトプロホス）五％以下を含有する製剤	Ｏ－エチル＝Ｓ，Ｓ－ジプロピル＝ホスホロジチオアート（別名エトプロホス）５％以下を含有する製剤
JP-PDSCA-DEL-O-13-4	二―エチル―三・七―ジメチル―六―［四―（トリフルオロメトキシ）フエノキシ］―四―キノリル＝メチル＝カルボナート及びこれを含有する製剤	２－エチル－３，７－ジメチル－６－［４－（トリフルオロメトキシ）フエノキシ］－４－キノリル＝メチル＝カルボナート及びこれを含有する製剤
JP-PDSCA-DEL-O-13-5	二―エチルチオメチルフエニル―Ｎ―メチルカルバメート（別名エチオフエンカルブ）及びこれを含有する製剤	２－エチルチオメチルフエニル－Ｎ－メチルカルバメート（別名エチオフエンカルブ）及びこれを含有する製剤
JP-PDSCA-DEL-O-14	エチルパラニトロフエニルチオノベンゼンホスホネイト（別名ＥＰＮ）一・五％以下を含有する製剤	エチルパラニトロフエニルチオノベンゼンホスホネイト（別名ＥＰＮ）１，５％以下を含有する製剤
JP-PDSCA-DEL-O-14-2	Ｏ―エチル＝Ｓ―プロピル＝［（二Ｅ）―二―（シアノイミノ）―三―エチルイミダゾリジン―一―イル］ホスホノチオアート（別名イミシアホス）及びこれを含有する製剤	Ｏ－エチル＝Ｓ－プロピル＝［（２Ｅ）－２－（シアノイミノ）－３－エチルイミダゾリジン－１－イル］ホスホノチオアート（別名イミシアホス）及びこれを含有する製剤
JP-PDSCA-DEL-O-14-3	エチル＝（Ｚ）―三―〔Ｎ―ベンジル―Ｎ―〔〔メチル（一―メチルチオエチリデンアミノオキシカルボニル）アミノ〕チオ〕アミノ〕プロピオナート及びこれを含有する製剤	エチル＝（Ｚ）－３－〔Ｎ－ベンジル－Ｎ－〔〔メチル（１－メチルチオエチリデンアミノオキシカルボニル）アミノ〕チオ〕アミノ〕プロピオナート及びこれを含有する製剤
JP-PDSCA-DEL-O-14-4	Ｏ―エチル―Ｏ―四―メチルチオフエニル―Ｓ―プロピルジチオホスフエイト及びこれを含有する製剤	Ｏ－エチル－Ｏ－４－メチルチオフエニル－Ｓ－プロピルジチオホスフエイト及びこれを含有する製剤
JP-PDSCA-DEL-O-14-5	Ｏ―エチル＝Ｓ―一―メチルプロピル＝（二―オキソ―三―チアゾリジニル）ホスホノチオアート（別名ホスチアゼート）及びこれを含有する製剤	Ｏ－エチル＝Ｓ－１－メチルプロピル＝（２－オキソ－３－チアゾリジニル）ホスホノチオアート（別名ホスチアゼート）及びこれを含有する製剤
JP-PDSCA-DEL-O-14-6	四―エチルメルカプトフエニル―Ｎ―メチルカルバメート及びこれを含有する製剤	４－エチルメルカプトフエニル－Ｎ－メチルカルバメート及びこれを含有する製剤
JP-PDSCA-DEL-O-18-2	（一Ｒ・二Ｓ・三Ｒ・四Ｓ）―七―オキサビシクロ［二・二・一］ヘプタン―二・三―ジカルボン酸（別名エンドタール）、その塩類及びこれらのいずれかを含有する製剤	（１Ｒ，２Ｓ，３Ｒ，４Ｓ）－７－オキサビシクロ［２．２．１］ヘプタン－２，３－ジカルボン酸（別名エンドタール）、その塩類及びこれらのいずれかを含有する製剤
JP-PDSCA-DEL-O-18-4	オキシラン―二―イルメチル＝メタクリラート及びこれを含有する製剤	オキシラン－２－イルメチル＝メタクリラート及びこれを含有する製剤
JP-PDSCA-DEL-O-18-5	一・二・四・五・六・七・八・八―オクタクロロ―二・三・三ａ・四・七・七ａ―ヘキサヒドロ―四・七―メタノ―一Ｈ―インデン、一・二・三・四・五・六・七・八・八―ノナクロロ―二・三・三ａ・四・七・七ａ―ヘキサヒドロ―四・七―メタノ―一Ｈ―インデン、四・五・六・七・八・八―ヘキサクロロ―三ａ・四・七・七ａ―テトラヒドロ―四・七―メタノインデン、一・四・五・六・七・八・八―ヘプタクロロ―三ａ・四・七・七ａ―テトラヒドロ―四・七―メタノ―一Ｈ―インデン及びこれらの類縁化合物の混合物（別名クロルデン）並びにこれを含有する製剤	１，２，４，５，６，７，８，８－オクタクロロ－２，３，３ａ，４，７，７ａ－ヘキサヒドロ－４，７－メタノ－１Ｈ－インデン、１，２，３，４，５，６，７，８，８－ノナクロロ－２，３，３ａ，４，７，７ａ－ヘキサヒドロ－４，７－メタノ－１Ｈ－インデン、４，５，６，７，８，８－ヘキサクロロ－３ａ，４，７，７ａ－テトラヒドロ－４，７－メタノインデン、１，４，５，６，７，８，８－ヘプタクロロ－３ａ，４，７，７ａ－テトラヒドロ－４，７－メタノ－１Ｈ－インデン及びこれらの類縁化合物の混合物（別名クロルデン）並びにこれを含有する製剤
JP-PDSCA-DEL-O-22-2	［（二―カルボキシラトフエニル）チオ］（エチル）水銀ナトリウム（別名チメロサール）〇・一％以下を含有する製剤	［（２－カルボキシラトフエニル）チオ］（エチル）水銀ナトリウム（別名チメロサール）０．１％以下を含有する製剤
JP-PDSCA-DEL-O-26-2	二―クロルエチルトリメチルアンモニウム塩類及びこれを含有する製剤	２－クロルエチルトリメチルアンモニウム塩類及びこれを含有する製剤
JP-PDSCA-DEL-O-26-3	Ｎ―（三―クロル―四―クロルジフルオロメチルチオフエニル）―Ｎ′・Ｎ′―ジメチルウレア及びこれを含有する製剤	Ｎ－（３－クロル－４－クロルジフルオロメチルチオフエニル）－Ｎ’・Ｎ’－ジメチルウレア及びこれを含有する製剤
JP-PDSCA-DEL-O-26-4	二―クロル―一―（二・四―ジクロルフエニル）ビニルエチルメチルホスフエイト及びこれを含有する製剤	２－クロル－１－（２，４－ジクロルフエニル）ビニルエチルメチルホスフエイト及びこれを含有する製剤
JP-PDSCA-DEL-O-26-5	二―クロル―一―（二・四―ジクロルフエニル）ビニルジメチルホスフエイト及びこれを含有する製剤	２－クロル－１－（２，４－ジクロルフエニル）ビニルジメチルホスフエイト及びこれを含有する製剤
JP-PDSCA-DEL-O-26-6	一―クロル―一・二―ジブロムエタン及びこれを含有する製剤	１－クロル－１，２－ジブロムエタン及びこれを含有する製剤
JP-PDSCA-DEL-O-26-7	二―クロル―四・五―ジメチルフエニル―Ｎ―メチルカルバメート及びこれを含有する製剤	２－クロル－４，５－ジメチルフエニル－Ｎ－メチルカルバメート及びこれを含有する製剤
JP-PDSCA-DEL-O-28-3	二―クロロアニリン及びこれを含有する製剤	２－クロロアニリン及びこれを含有する製剤
JP-PDSCA-DEL-O-28-4	四―クロロ―三―エチル―一―メチル―Ｎ―［四―（パラトリルオキシ）ベンジル］ピラゾール―五―カルボキサミド及びこれを含有する製剤	４－クロロ－３－エチル－１－メチル－Ｎ－［４－（パラトリルオキシ）ベンジル］ピラゾール－５－カルボキサミド及びこれを含有する製剤
JP-PDSCA-DEL-O-28-5	五―クロロ―Ｎ―［二―［四―（二―エトキシエチル）―二・三―ジメチルフエノキシ］エチル］―六―エチルピリミジン―四―アミン（別名ピリミジフエン）及びこれを含有する製剤	５－クロロ－Ｎ－［２－［４－（２－エトキシエチル）－２．３－ジメチルフエノキシ］エチル］－６－エチルピリミジン－４－アミン（別名ピリミジフエン）及びこれを含有する製剤
JP-PDSCA-DEL-O-28-9	一―クロロ―四―ニトロベンゼン及びこれを含有する製剤	１－クロロ－４－ニトロベンゼン及びこれを含有する製剤
JP-PDSCA-DEL-O-28-10	二―クロロニトロベンゼン及びこれを含有する製剤	２－クロロニトロベンゼン及びこれを含有する製剤
JP-PDSCA-DEL-O-28-11	トランス―Ｎ―（六―クロロ―三―ピリジルメチル）―Ｎ′―シアノ―Ｎ―メチルアセトアミジン（別名アセタミプリド）及びこれを含有する製剤	トランス－Ｎ－（６－クロロ－３－ピリジルメチル）－Ｎ’－シアノ－Ｎ－メチルアセトアミジン（別名アセタミプリド）及びこれを含有する製剤
JP-PDSCA-DEL-O-28-12	一―（六―クロロ―三―ピリジルメチル）―Ｎ―ニトロイミダゾリジン―二―イリデンアミン（別名イミダクロプリド）及びこれを含有する製剤	１－（６－クロロ－３－ピリジルメチル）－Ｎ－ニトロイミダゾリジン－２－イリデンアミン（別名イミダクロプリド）及びこれを含有する製剤
JP-PDSCA-DEL-O-28-13	三―（六―クロロピリジン―三―イルメチル）―一・三―チアゾリジン―二―イリデンシアナミド（別名チアクロプリド）及びこれを含有する製剤	３－（６－クロロピリジン－３－イルメチル）－１，３－チアゾリジン－２－イリデンシアナミド（別名チアクロプリド）及びこれを含有する製剤
JP-PDSCA-DEL-O-28-14	（ＲＳ）―〔Ｏ―一―（四―クロロフエニル）ピラゾール―四―イル＝Ｏ―エチル＝Ｓ―プロピル＝ホスホロチオアート〕（別名ピラクロホス）及びこれを含有する製剤	（ＲＳ）－〔Ｏ－１－（４－クロロフエニル）ピラゾール－４－イル＝Ｏ－エチル＝Ｓ－プロピル＝ホスホロチオアート〕（別名ピラクロホス）及びこれを含有する製剤
JP-PDSCA-DEL-O-28-15	四―クロロ―二―フルオロ―五―［（ＲＳ）―（二・二・二―トリフルオロエチル）スルフイニル］フエニル＝五―［（トリフルオロメチル）チオ］ペンチル＝エーテル（別名フルペンチオフエノツクス）及びこれを含有する製剤	４－クロロ－２－フルオロ－５－［（ＲＳ）－（２，２，２－トリフルオロエチル）スルフイニル］フエニル＝５－［（トリフルオロメチル）チオ］ペンチル＝エーテル（別名フルペンチオフエノツクス）及びこれを含有する製剤
JP-PDSCA-DEL-O-31	酸化水銀五％以下を含有する製剤	酸化水銀５％以下を含有する製剤
JP-PDSCA-DEL-O-31-3	四―ジアリルアミノ―三・五―ジメチルフエニル―Ｎ―メチルカルバメート及びこれを含有する製剤	４－ジアリルアミノ－３，５－ジメチルフエニル－Ｎ－メチルカルバメート及びこれを含有する製剤
JP-PDSCA-DEL-O-33	ジイソプロピル―Ｓ―（エチルスルフイニルメチル）―ジチオホスフエイト及びこれを含有する製剤	ジイソプロピル－Ｓ－（エチルスルフイニルメチル）－ジチオホスフエイト及びこれを含有する製剤
JP-PDSCA-DEL-O-33-2	二―（ジエチルアミノ）エタノール及びこれを含有する製剤	２－（ジエチルアミノ）エタノール及びこれを含有する製剤
JP-PDSCA-DEL-O-33-3	二―ジエチルアミノ―六―メチルピリミジル―四―ジエチルチオホスフエイト及びこれを含有する製剤	２－ジエチルアミノ－６－メチルピリミジル－４－ジエチルチオホスフエイト及びこれを含有する製剤
JP-PDSCA-DEL-O-34	ジエチル―Ｓ―（エチルチオエチル）―ジチオホスフエイト五％以下を含有する製剤	ジエチル－Ｓ－（エチルチオエチル）－ジチオホスフエイト５％以下を含有する製剤
JP-PDSCA-DEL-O-34-2	ジエチル―Ｓ―（二―オキソ―六―クロルベンゾオキサゾロメチル）―ジチオホスフエイト及びこれを含有する製剤	ジエチル－Ｓ－（２－オキソ－６－クロルベンゾオキサゾロメチル）－ジチオホスフエイト及びこれを含有する製剤
JP-PDSCA-DEL-O-34-3	Ｏ・Ｏ′―ジエチル＝Ｏ″―（二―キノキサリニル）＝チオホスフアート（別名キナルホス）及びこれを含有する製剤	Ｏ，Ｏ’－ジエチル＝Ｏ”－（２－キノキサリニル）＝チオホスフアート（別名キナルホス）及びこれを含有する製剤
JP-PDSCA-DEL-O-35	ジエチル―四―クロルフエニルメルカプトメチルジチオホスフエイトを含有する製剤	ジエチル－４－クロルフエニルメルカプトメチルジチオホスフエイトを含有する製剤
JP-PDSCA-DEL-O-35-2	ジエチル―一―（二′・四′―ジクロルフエニル）―二―クロルビニルホスフエイト及びこれを含有する製剤	ジエチル－１－（２’・４’－ジクロルフエニル）－２－クロルビニルホスフエイト及びこれを含有する製剤
JP-PDSCA-DEL-O-36	ジエチル―（二・四―ジクロルフエニル）―チオホスフエイトを含有する製剤	ジエチル－（２，４－ジクロルフエニル）－チオホスフエイトを含有する製剤
JP-PDSCA-DEL-O-37	ジエチル―二・五―ジクロルフエニルメルカプトメチルジチオホスフエイトを含有する製剤	ジエチル－２，５－ジクロルフエニルメルカプトメチルジチオホスフエイトを含有する製剤
JP-PDSCA-DEL-O-37-2	ジエチル―（一・三―ジチオシクロペンチリデン）―チオホスホルアミド五％以下を含有する製剤	ジエチル－（１，３－ジチオシクロペンチリデン）－チオホスホルアミド５％以下を含有する製剤
JP-PDSCA-DEL-O-37-4	ジエチル―三・五・六―トリクロル―二―ピリジルチオホスフエイト及びこれを含有する製剤	ジエチル－３，５，６－トリクロル－２－ピリジルチオホスフエイト及びこれを含有する製剤
JP-PDSCA-DEL-O-37-5	ジエチル―（五―フエニル―三―イソキサゾリル）―チオホスフエイト（別名イソキサチオン）及びこれを含有する製剤	ジエチル－（５－フエニル－３－イソキサゾリル）－チオホスフエイト（別名イソキサチオン）及びこれを含有する製剤
JP-PDSCA-DEL-O-37-6	ジエチル―Ｓ―ベンジルチオホスフエイト及びこれを含有する製剤	ジエチル－Ｓ－ベンジルチオホスフエイト及びこれを含有する製剤
JP-PDSCA-DEL-O-37-7	ジエチル―四―メチルスルフイニルフエニル―チオホスフエイト三％以下を含有する製剤	ジエチル－４－メチルスルフイニルフエニル－チオホスフエイト３％以下を含有する製剤
JP-PDSCA-DEL-O-38-2	二―（一・三―ジオキソラン―二―イル）―フエニル―Ｎ―メチルカルバメート及びこれを含有する製剤	２－（１，３－ジオキソラン－２－イル）－フエニル－Ｎ－メチルカルバメート及びこれを含有する製剤
JP-PDSCA-DEL-O-38-3	一・三―ジカルバモイルチオ―二―（Ｎ・Ｎ―ジメチルアミノ）―プロパン、その塩類及びこれらのいずれかを含有する製剤	１，３－ジカルバモイルチオ－２－（Ｎ，Ｎ－ジメチルアミノ）－プロパン、その塩類及びこれらのいずれかを含有する製剤
JP-PDSCA-DEL-O-39-2	シクロヘキサ―四―エン―一・二―ジカルボン酸無水物及びこれを含有する製剤	シクロヘキサ－４－エン－１，２－ジカルボン酸無水物及びこれを含有する製剤
JP-PDSCA-DEL-O-40-3	ジ（二―クロルイソプロピル）エーテル及びこれを含有する製剤	ジ（２－クロルイソプロピル）エーテル及びこれを含有する製剤
JP-PDSCA-DEL-O-40-5	二・四―ジクロル―六―ニトロフエノール、その塩類及びこれらのいずれかを含有する製剤	２，４－ジクロル－６－ニトロフエノール、その塩類及びこれらのいずれかを含有する製剤
JP-PDSCA-DEL-O-41-2	二′・四―ジクロロ―α・α・α―トリフルオロ―四′―ニトロメタトルエンスルホンアニリド（別名フルスルフアミド）及びこれを含有する製剤	２’・４－ジクロロ－α・α・α－トリフルオロ－４’－ニトロメタトルエンスルホンアニリド（別名フルスルフアミド）及びこれを含有する製剤
JP-PDSCA-DEL-O-41-3	二・四―ジクロロ―一―ニトロベンゼン及びこれを含有する製剤	２，４－ジクロロ－１－ニトロベンゼン及びこれを含有する製剤
JP-PDSCA-DEL-O-41-4	二・四―ジクロロフエノール及びこれを含有する製剤	２，４－ジクロロフエノール及びこれを含有する製剤
JP-PDSCA-DEL-O-41-5	一・三―ジクロロプロペン及びこれを含有する製剤	１，３－ジクロロプロペン及びこれを含有する製剤
JP-PDSCA-DEL-O-42	二・三―ジ―（ジエチルジチオホスホロ）―パラジオキサンを含有する製剤	２，３－ジ－（ジエチルジチオホスホロ）－パラジオキサンを含有する製剤
JP-PDSCA-DEL-O-43	二・四―ジニトロ―六―シクロヘキシルフエノールを含有する製剤	２，４－ジニトロ－６－シクロヘキシルフエノールを含有する製剤
JP-PDSCA-DEL-O-43-2	二・四―ジニトロトルエン及びこれを含有する製剤	２，４－ジニトロトルエン及びこれを含有する製剤
JP-PDSCA-DEL-O-44	二・四―ジニトロ―六―（一―メチルプロピル）―フエニルアセテートを含有する製剤	２，４－ジニトロ－６－（１－メチルプロピル）－フエニルアセテートを含有する製剤
JP-PDSCA-DEL-O-45	二・四―ジニトロ―六―（一―メチルプロピル）―フエノール二％以下を含有する製剤	２，４－ジニトロ－６－（１－メチルプロピル）－フエノール２％以下を含有する製剤
JP-PDSCA-DEL-O-46	二・四―ジニトロ―六―メチルプロピルフエノールジメチルアクリレートを含有する製剤	２，４－ジニトロ－６－メチルプロピルフエノールジメチルアクリレートを含有する製剤
JP-PDSCA-DEL-O-46-3	二・三―ジヒドロ―二・二―ジメチル―七―ベンゾ〔ｂ〕フラニル―Ｎ―ジブチルアミノチオ―Ｎ―メチルカルバマート（別名カルボスルフアン）及びこれを含有する製剤	２，３－ジヒドロ－２，２－ジメチル－７－ベンゾ〔ｂ〕フラニル－Ｎ－ジブチルアミノチオ－Ｎ－メチルカルバマート（別名カルボスルフアン）及びこれを含有する製剤
JP-PDSCA-DEL-O-47	二・二′―ジピリジリウム―一・一′―エチレンジブロミドを含有する製剤	２，２’－ジピリジリウム－１，１’－エチレンジブロミドを含有する製剤
JP-PDSCA-DEL-O-47-2	二―ジフエニルアセチル―一・三―インダンジオン〇・〇〇五％以下を含有する製剤	２－ジフエニルアセチル－１，３－インダンジオン０．００５％以下を含有する製剤
JP-PDSCA-DEL-O-47-3	三―（ジフルオロメチル）―一―メチル―Ｎ―［（三Ｒ）―一・一・三―トリメチル―二・三―ジヒドロ―一Ｈ―インデン―四―イル］―一Ｈ―ピラゾール―四―カルボキサミド及びこれを含有する製剤	３－（ジフルオロメチル）－１－メチル－Ｎ－［（３Ｒ）－１，１，３－トリメチル－２，３－ジヒドロ－１Ｈ－インデン－４－イル］－１Ｈ－ピラゾール－４－カルボキサミド及びこれを含有する製剤
JP-PDSCA-DEL-O-47-4	ジプロピル―四―メチルチオフエニルホスフエイト及びこれを含有する製剤	ジプロピル－４－メチルチオフエニルホスフエイト及びこれを含有する製剤
JP-PDSCA-DEL-O-48	一・二―ジブロムエタン（別名ＥＤＢ）を含有する製剤	１，２－ジブロムエタン（別名ＥＤＢ）を含有する製剤
JP-PDSCA-DEL-O-50	三・五―ジブロム―四―ヒドロキシ―四′―ニトロアゾベンゼンを含有する製剤	３，５－ジブロム－４－ヒドロキシ－４’－ニトロアゾベンゼンを含有する製剤
JP-PDSCA-DEL-O-50-2	二・三―ジブロモプロパン―一―オール及びこれを含有する製剤	２，３－ジブロモプロパン－１－オール及びこれを含有する製剤
JP-PDSCA-DEL-O-50-3	二―（ジメチルアミノ）エタノール及びこれを含有する製剤	２－（ジメチルアミノ）エタノール及びこれを含有する製剤
JP-PDSCA-DEL-O-50-4	二―（ジメチルアミノ）エチル＝メタクリレート及びこれを含有する製剤	２－（ジメチルアミノ）エチル＝メタクリレート及びこれを含有する製剤
JP-PDSCA-DEL-O-50-5	二―ジメチルアミノ―五・六―ジメチルピリミジル―四―Ｎ・Ｎ―ジメチルカルバメート及びこれを含有する製剤	２－ジメチルアミノ－５，６－ジメチルピリミジル－４－Ｎ，Ｎ－ジメチルカルバメート及びこれを含有する製剤
JP-PDSCA-DEL-O-50-6	五―ジメチルアミノ―一・二・三―トリチアン、その塩類及びこれらのいずれかを含有する製剤	５－ジメチルアミノ－１，２，３－トリチアン、その塩類及びこれらのいずれかを含有する製剤
JP-PDSCA-DEL-O-50-8	ジメチル―（イソプロピルチオエチル）―ジチオホスフエイト四％以下を含有する製剤	ジメチル－（イソプロピルチオエチル）－ジチオホスフエイト４％以下を含有する製剤
JP-PDSCA-DEL-O-53	ジメチル―二・二―ジクロルビニルホスフエイト（別名ＤＤＶＰ）を含有する製剤	ジメチル－２，２－ジクロルビニルホスフエイト（別名ＤＤＶＰ）を含有する製剤
JP-PDSCA-DEL-O-54-2	三―ジメチルジチオホスホリル―Ｓ―メチル―五―メトキシ―一・三・四―チアジアゾリン―二―オン及びこれを含有する製剤	３－ジメチルジチオホスホリル－Ｓ－メチル－５－メトキシ－１，３，４－チアジアゾリン－２－オン及びこれを含有する製剤
JP-PDSCA-DEL-O-54-3	二・二―ジメチル―二・三―ジヒドロ―一―ベンゾフラン―七―イル＝Ｎ―〔Ｎ―（二―エトキシカルボニルエチル）―Ｎ―イソプロピルスルフエナモイル〕―Ｎ―メチルカルバマート（別名ベンフラカルブ）及びこれを含有する製剤	２，２－ジメチル－２，３－ジヒドロ－１－ベンゾフラン－７－イル＝Ｎ－〔Ｎ－（２－エトキシカルボニルエチル）－Ｎ－イソプロピルスルフエナモイル〕－Ｎ－メチルカルバマート（別名ベンフラカルブ）及びこれを含有する製剤
JP-PDSCA-DEL-O-55-2	ジメチル―Ｓ―パラクロルフエニルチオホスフエイト（別名ＤＭＣＰ）及びこれを含有する製剤	ジメチル－Ｓ－パラクロルフエニルチオホスフエイト（別名ＤＭＣＰ）及びこれを含有する製剤
JP-PDSCA-DEL-O-55-3	三・四―ジメチルフエニル―Ｎ―メチルカルバメート及びこれを含有する製剤	３，４－ジメチルフエニル－Ｎ－メチルカルバメート及びこれを含有する製剤
JP-PDSCA-DEL-O-55-4	三・五―ジメチルフエニル―Ｎ―メチルカルバメート及びこれを含有する製剤	３，５－ジメチルフエニル－Ｎ－メチルカルバメート及びこれを含有する製剤
JP-PDSCA-DEL-O-56-2	Ｎ・Ｎ―ジメチルプロパン―一・三―ジアミン及びこれを含有する製剤	Ｎ，Ｎ－ジメチルプロパン－１，３－ジアミン及びこれを含有する製剤
JP-PDSCA-DEL-O-56-3	二・二―ジメチル―一・三―ベンゾジオキソール―四―イル―Ｎ―メチルカルバマート（別名ベンダイオカルブ）五％以下を含有する製剤	２，２－ジメチル－１，３－ベンゾジオキソール－４－イル－Ｎ－メチルカルバマート（別名ベンダイオカルブ）５％以下を含有する製剤
JP-PDSCA-DEL-O-58	ジメチル―（Ｎ―メチルカルバミルメチル）―ジチオホスフエイト（別名ジメトエート）を含有する製剤	ジメチル－（Ｎ－メチルカルバミルメチル）－ジチオホスフエイト（別名ジメトエート）を含有する製剤
JP-PDSCA-DEL-O-58-2	ジメチル―〔二―（一′―メチルベンジルオキシカルボニル）―一―メチルエチレン〕―ホスフエイト及びこれを含有する製剤	ジメチル－〔２－（１’－メチルベンジルオキシカルボニル）－１－メチルエチレン〕－ホスフエイト及びこれを含有する製剤
JP-PDSCA-DEL-O-58-3	Ｏ・Ｏ―ジメチル―Ｏ―（三―メチル―四―メチルスルフイニルフエニル）―チオホスフエイト及びこれを含有する製剤	Ｏ，Ｏ－ジメチル－Ｏ－（３－メチル－４－メチルスルフイニルフエニル）－チオホスフエイト及びこれを含有する製剤
JP-PDSCA-DEL-O-59	ジメチル―四―メチルメルカプト―三―メチルフエニルチオホスフエイトを含有する製剤	ジメチル－４－メチルメルカプト－３－メチルフエニルチオホスフエイトを含有する製剤
JP-PDSCA-DEL-O-59-2	三―（ジメトキシホスフイニルオキシ）―Ｎ―メチル―シス―クロトナミド及びこれを含有する製剤	３－（ジメトキシホスフイニルオキシ）－Ｎ－メチル－シス－クロトナミド及びこれを含有する製剤
JP-PDSCA-DEL-O-69-2	スチレン及びジビニルベンゼンの共重合物のスルホン化物の七―ブロモ―六―クロロ―三―〔三―〔（二Ｒ・三Ｓ）―三―ヒドロキシ―二―ピペリジル〕―二―オキソプロピル〕―四（三Ｈ）―キナゾリノンと七―ブロモ―六―クロロ―三―〔三―〔（二Ｓ・三Ｒ）―三―ヒドロキシ―二―ピペリジル〕―二―オキソプロピル〕―四（三Ｈ）―キナゾリノンとのラセミ体とカルシウムとの混合塩（七―ブロモ―六―クロロ―三―〔三―〔（二Ｒ・三Ｓ）―三―ヒドロキシ―二―ピペリジル〕―二―オキソプロピル〕―四（三Ｈ）―キナゾリノンと七―ブロモ―六―クロロ―三―〔三―〔（二Ｓ・三Ｒ）―三―ヒドロキシ―二―ピペリジル〕―二―オキソプロピル〕―四（三Ｈ）―キナゾリノンとのラセミ体として七・二％以下を含有するものに限る。以下この号において同じ。）及びこれを含有する製剤	スチレン及びジビニルベンゼンの共重合物のスルホン化物の７－ブロモ－６－クロロ－３－〔３－〔（２Ｒ，３Ｓ）－３－ヒドロキシ－２－ピペリジル〕－２－オキソプロピル〕－４（３Ｈ）－キナゾリノンと７－ブロモ－６－クロロ－３－〔３－〔（２Ｓ，３Ｒ）－３－ヒドロキシ－２－ピペリジル〕－２－オキソプロピル〕－４（３Ｈ）－キナゾリノンとのラセミ体とカルシウムとの混合塩（７－ブロモ－６－クロロ－３－〔３－〔（２Ｒ，３Ｓ）－３－ヒドロキシ－２－ピペリジル〕－２－オキソプロピル〕－４（３Ｈ）－キナゾリノンと７－ブロモ－６－クロロ－３－〔３－〔（２Ｓ，３Ｒ）－３－ヒドロキシ－２－ピペリジル〕－２－オキソプロピル〕－４（３Ｈ）－キナゾリノンとのラセミ体として７，２％以下を含有するものに限る。以下この号において同じ。）及びこれを含有する製剤
JP-PDSCA-DEL-O-69-4	二―チオ―三・五―ジメチルテトラヒドロ―一・三・五―チアジアジン及びこれを含有する製剤	２－チオ－３，５－ジメチルテトラヒドロ－１，３，５－チアジアジン及びこれを含有する製剤
JP-PDSCA-DEL-O-71-3	（Ｓ）―二・三・五・六―テトラヒドロ―六―フエニルイミダゾ〔二・一―ｂ〕チアゾール、その塩類及びこれらのいずれかを含有する製剤	（Ｓ）－２，３，５，６－テトラヒドロ－６－フエニルイミダゾ〔２，１－ｂ〕チアゾール、その塩類及びこれらのいずれかを含有する製剤
JP-PDSCA-DEL-O-71-4	二・三・五・六―テトラフルオロ―四―メチルベンジル＝（Ｚ）―（一ＲＳ・三ＲＳ）―三―（二―クロロ―三・三・三―トリフルオロ―一―プロペニル）―二・二―ジメチルシクロプロパンカルボキシラート（別名テフルトリン）一・五％以下を含有する製剤	２，３，５，６－テトラフルオロ－４－メチルベンジル＝（Ｚ）－（１ＲＳ，３ＲＳ）－３－（２－クロロ－３，３，３－トリフルオロ－１－プロペニル）－２，２－ジメチルシクロプロパンカルボキシラート（別名テフルトリン）１，５％以下を含有する製剤
JP-PDSCA-DEL-O-71-5	三・七・九・一三―テトラメチル―五・一一―ジオキサ―二・八・一四―トリチア―四・七・九・一二―テトラアザペンタデカ―三・一二―ジエン―六・一〇―ジオン（別名チオジカルブ）及びこれを含有する製剤	３，７，９，１３－テトラメチル－５，１１－ジオキサ－２，８，１４－トリチア－４，７，９，１２－テトラアザペンタデカ－３，１２－ジエン－６，１０－ジオン（別名チオジカルブ）及びこれを含有する製剤
JP-PDSCA-DEL-O-71-6	二・四・六・八―テトラメチル―一・三・五・七―テトラオキソカン（別名メタアルデヒド）及びこれを含有する製剤	２，４，６，８－テトラメチル－１，３，５，７－テトラオキソカン（別名メタアルデヒド）及びこれを含有する製剤
JP-PDSCA-DEL-O-72-2	一―ドデシルグアニジニウム＝アセタート（別名ドジン）六五％以下を含有する製剤	１－ドデシルグアニジニウム＝アセタート（別名ドジン）６５％以下を含有する製剤
JP-PDSCA-DEL-O-72-3	三・六・九―トリアザウンデカン―一・一一―ジアミン及びこれを含有する製剤	３，６，９－トリアザウンデカン－１，１１－ジアミン及びこれを含有する製剤
JP-PDSCA-DEL-O-73	トリエタノールアンモニウム―二・四―ジニトロ―六―（一―メチルプロピル）―フエノラートを含有する製剤	トリエタノールアンモニウム－２，４－ジニトロ－６－（１－メチルプロピル）－フエノラートを含有する製剤
JP-PDSCA-DEL-O-74-2	二・四・五―トリクロルフエノキシ酢酸、そのエステル類及びこれらのいずれかを含有する製剤	２，４，５－トリクロルフエノキシ酢酸、そのエステル類及びこれらのいずれかを含有する製剤
JP-PDSCA-DEL-O-74-5	一・二・三―トリクロロプロパン及びこれを含有する製剤	１，２，３－トリクロロプロパン及びこれを含有する製剤
JP-PDSCA-DEL-O-77-2	ナラシン又はその塩類のいずれかを含有する製剤であつて、ナラシンとして一〇％以下を含有するもの	ナラシン又はその塩類のいずれかを含有する製剤であつて、ナラシンとして１０％以下を含有するもの
JP-PDSCA-DEL-O-77-4	一―（四―ニトロフエニル）―三―（三―ピリジルメチル）ウレア及びこれを含有する製剤	１－（４－ニトロフエニル）－３－（３－ピリジルメチル）ウレア及びこれを含有する製剤
JP-PDSCA-DEL-O-80-2	Ｎ・Ｎ′―ビス（二―アミノエチル）エタン―一・二―ジアミン及びこれを含有する製剤	Ｎ，Ｎ’－ビス（２－アミノエチル）エタン－１，２－ジアミン及びこれを含有する製剤
JP-PDSCA-DEL-O-80-3	ビス（二―エチルヘキシル）＝水素＝ホスフアート及びこれを含有する製剤	ビス（２－エチルヘキシル）＝水素＝ホスフアート及びこれを含有する製剤
JP-PDSCA-DEL-O-80-4	Ｓ・Ｓ―ビス（一―メチルプロピル）＝Ｏ―エチル＝ホスホロジチオアート（別名カズサホス）一〇％以下を含有する製剤	Ｓ，Ｓ－ビス（１－メチルプロピル）＝Ｏ－エチル＝ホスホロジチオアート（別名カズサホス）１０％以下を含有する製剤
JP-PDSCA-DEL-O-80-7	二―ヒドロキシ―四―メチルチオ酪酸及びこれを含有する製剤	２－ヒドロキシ－４－メチルチオ酪酸及びこれを含有する製剤
JP-PDSCA-DEL-O-82-2	一―ビニル―二―ピロリドン及びこれを含有する製剤	１－ビニル－２－ピロリドン及びこれを含有する製剤
JP-PDSCA-DEL-O-83	二―（三―ピリジル）―ピペリジン（別名アナバシン）、その塩類及びこれらのいずれかを含有する製剤	２－（３－ピリジル）－ピペリジン（別名アナバシン）、その塩類及びこれらのいずれかを含有する製剤
JP-PDSCA-DEL-O-83-3	二―（フエニルパラクロルフエニルアセチル）―一・三―インダンジオン及びこれを含有する製剤	２－（フエニルパラクロルフエニルアセチル）－１，３－インダンジオン及びこれを含有する製剤
JP-PDSCA-DEL-O-85-2	一―ｔ―ブチル―三―（二・六―ジイソプロピル―四―フエノキシフエニル）チオウレア（別名ジアフエンチウロン）及びこれを含有する製剤	１－ｔ－ブチル－３－（２，６－ジイソプロピル－４－フエノキシフエニル）チオウレア（別名ジアフエンチウロン）及びこれを含有する製剤
JP-PDSCA-DEL-O-85-3	ブチル＝二・三―ジヒドロ―二・二―ジメチルベンゾフラン―七―イル＝Ｎ・Ｎ′―ジメチル―Ｎ・Ｎ′―チオジカルバマート（別名フラチオカルブ）五％以下を含有する製剤	ブチル＝２，３－ジヒドロ－２，２－ジメチルベンゾフラン－７－イル＝Ｎ，Ｎ’－ジメチル－Ｎ，Ｎ’－チオジカルバマート（別名フラチオカルブ）５％以下を含有する製剤
JP-PDSCA-DEL-O-85-4	ｔ―ブチル＝（Ｅ）―四―（一・三―ジメチル―五―フエノキシ―四―ピラゾリルメチレンアミノオキシメチル）ベンゾアート及びこれを含有する製剤	ｔ－ブチル＝（Ｅ）－４－（１，３－ジメチル－５－フエノキシ－４－ピラゾリルメチレンアミノオキシメチル）ベンゾアート及びこれを含有する製剤
JP-PDSCA-DEL-O-85-6	Ｎ―ブチルピロリジン	Ｎ－ブチルピロリジン
JP-PDSCA-DEL-O-85-7	四―［二―（四―ターシヤリ―ブチルフエニル）エトキシ］キナゾリン（別名フエナザキン）及びこれを含有する製剤	４－［２－（４－ターシヤリ－ブチルフエニル）エトキシ］キナゾリン（別名フエナザキン）及びこれを含有する製剤
JP-PDSCA-DEL-O-85-8	二―セカンダリ―ブチルフエノール及びこれを含有する製剤	２－セカンダリ－ブチルフエノール及びこれを含有する製剤
JP-PDSCA-DEL-O-85-9	二―ターシヤリ―ブチルフエノール及びこれを含有する製剤	２－ターシヤリ－ブチルフエノール及びこれを含有する製剤
JP-PDSCA-DEL-O-85-10	二―ｔ―ブチル―五―（四―ｔ―ブチルベンジルチオ）―四―クロロピリダジン―三（二Ｈ）―オン及びこれを含有する製剤	２－ｔ－ブチル－５－（４－ｔ－ブチルベンジルチオ）－４－クロロピリダジン－３（２Ｈ）－オン及びこれを含有する製剤
JP-PDSCA-DEL-O-85-11	ブチル―Ｓ―ベンジル―Ｓ―エチルジチオホスフエイト及びこれを含有する製剤	ブチル－Ｓ－ベンジル－Ｓ－エチルジチオホスフエイト及びこれを含有する製剤
JP-PDSCA-DEL-O-85-12	Ｎ―（四―ｔ―ブチルベンジル）―四―クロロ―三―エチル―一―メチルピラゾール―五―カルボキサミド（別名テブフエンピラド）及びこれを含有する製剤	Ｎ－（４－ｔ－ブチルベンジル）－４－クロロ－３－エチル－１－メチルピラゾール－５－カルボキサミド（別名テブフエンピラド）及びこれを含有する製剤
JP-PDSCA-DEL-O-85-13	二―ｔ―ブチル―五―メチルフエノール及びこれを含有する製剤	２－ｔ－ブチル－５－メチルフエノール及びこれを含有する製剤
JP-PDSCA-DEL-O-88-3	一―ブロモ―三―クロロプロパン及びこれを含有する製剤	１－ブロモ－３－クロロプロパン及びこれを含有する製剤
JP-PDSCA-DEL-O-88-4	二―（四―ブロモジフルオロメトキシフエニル）―二―メチルプロピル＝三―フエノキシベンジル＝エーテル（別名ハルフエンプロツクス）及びこれを含有する製剤	２－（４－ブロモジフルオロメトキシフエニル）－２－メチルプロピル＝３－フエノキシベンジル＝エーテル（別名ハルフエンプロツクス）及びこれを含有する製剤
JP-PDSCA-DEL-O-90	一・二・三・四・五・六―ヘキサクロルシクロヘキサン（別名リンデン）を含有する製剤	１，２，３，４，５，６－ヘキサクロルシクロヘキサン（別名リンデン）を含有する製剤
JP-PDSCA-DEL-O-91-4	ヘキサン―一・六―ジアミン及びこれを含有する製剤	ヘキサン－１，６－ジアミン及びこれを含有する製剤
JP-PDSCA-DEL-O-92-3	ベンゼン―一・四―ジカルボニル＝ジクロリド及びこれを含有する製剤	ベンゼン－１，４－ジカルボニル＝ジクロリド及びこれを含有する製剤
JP-PDSCA-DEL-O-93	一・四・五・六・七―ペンタクロル―三ａ・四・七・七ａ―テトラヒドロ―四・七―（八・八―ジクロルメタノ）―インデン（別名ヘプタクロール）を含有する製剤	１，４，５，６，７－ペンタクロル－３ａ，４，７，７ａ－テトラヒドロ－４，７－（８，８－ジクロルメタノ）－インデン（別名ヘプタクロール）を含有する製剤
JP-PDSCA-DEL-O-98-9	二―メチリデンブタン二酸（別名メチレンコハク酸）及びこれを含有する製剤	２－メチリデンブタン二酸（別名メチレンコハク酸）及びこれを含有する製剤
JP-PDSCA-DEL-O-98-12	三―メチル―五―イソプロピルフエニル―Ｎ―メチルカルバメート及びこれを含有する製剤	３－メチル－５－イソプロピルフエニル－Ｎ－メチルカルバメート及びこれを含有する製剤
JP-PDSCA-DEL-O-99	Ｎ―メチルカルバミル―二―クロルフエノール及びこれを含有する製剤	Ｎ－メチルカルバミル－２－クロルフエノール及びこれを含有する製剤
JP-PDSCA-DEL-O-99-2	Ｎ′―（二―メチル―四―クロルフエニル）―Ｎ・Ｎ―ジメチルホルムアミジン、その塩類及びこれらのいずれかを含有する製剤	Ｎ’－（２－メチル－４－クロルフエニル）－Ｎ，Ｎ－ジメチルホルムアミジン、その塩類及びこれらのいずれかを含有する製剤
JP-PDSCA-DEL-O-99-3	メチル＝Ｎ―［二―［一―（四―クロロフエニル）―一Ｈ―ピラゾール―三―イルオキシメチル］フエニル］（Ｎ―メトキシ）カルバマート（別名ピラクロストロビン）及びこれを含有する製剤	メチル＝Ｎ－［２－［１－（４－クロロフエニル）－１Ｈ－ピラゾール－３－イルオキシメチル］フエニル］（Ｎ－メトキシ）カルバマート（別名ピラクロストロビン）及びこれを含有する製剤
JP-PDSCA-DEL-O-99-4	メチルシクロヘキシル―四―クロルフエニルチオホスフエイト一・五％以下を含有する製剤	メチルシクロヘキシル－４－クロルフエニルチオホスフエイト１，５％以下を含有する製剤
JP-PDSCA-DEL-O-99-7	メチル―Ｎ′・Ｎ′―ジメチル―Ｎ―〔（メチルカルバモイル）オキシ〕―一―チオオキサムイミデート〇・八％以下を含有する製剤	メチル－Ｎ’・Ｎ’－ジメチル－Ｎ－〔（メチルカルバモイル）オキシ〕－１－チオオキサムイミデート０．８％以下を含有する製剤
JP-PDSCA-DEL-O-99-8	Ｓ―（四―メチルスルホニルオキシフエニル）―Ｎ―メチルチオカルバマート及びこれを含有する製剤	Ｓ－（４－メチルスルホニルオキシフエニル）－Ｎ－メチルチオカルバマート及びこれを含有する製剤
JP-PDSCA-DEL-O-99-9	五―メチル―一・二・四―トリアゾロ〔三・四―ｂ〕ベンゾチアゾール（別名トリシクラゾール）及びこれを含有する製剤	５－メチル－１，２，４－トリアゾロ〔３，４－ｂ〕ベンゾチアゾール（別名トリシクラゾール）及びこれを含有する製剤
JP-PDSCA-DEL-O-100	Ｎ―メチル―一―ナフチルカルバメートを含有する製剤	Ｎ－メチル－１－ナフチルカルバメートを含有する製剤
JP-PDSCA-DEL-O-100-2	Ｎ―メチル―Ｎ―（一―ナフチル）―モノフルオール酢酸アミド及びこれを含有する製剤	Ｎ－メチル－Ｎ－（１－ナフチル）－モノフルオール酢酸アミド及びこれを含有する製剤
JP-PDSCA-DEL-O-100-3	二―メチルビフエニル―三―イルメチル＝（一ＲＳ・二ＲＳ）―二―（Ｚ）―（二―クロロ―三・三・三―トリフルオロ―一―プロペニル）―三・三―ジメチルシクロプロパンカルボキシラート及びこれを含有する製剤	２－メチルビフエニル－３－イルメチル＝（１ＲＳ，２ＲＳ）－２－（Ｚ）－（２－クロロ－３，３，３－トリフルオロ－１－プロペニル）－３，３－ジメチルシクロプロパンカルボキシラート及びこれを含有する製剤
JP-PDSCA-DEL-O-100-4	Ｓ―（二―メチル―一―ピペリジル―カルボニルメチル）ジプロピルジチオホスフエイト及びこれを含有する製剤	Ｓ－（２－メチル－１－ピペリジル－カルボニルメチル）ジプロピルジチオホスフエイト及びこれを含有する製剤
JP-PDSCA-DEL-O-100-5	三―メチルフエニル―Ｎ―メチルカルバメート及びこれを含有する製剤	３－メチルフエニル－Ｎ－メチルカルバメート及びこれを含有する製剤
JP-PDSCA-DEL-O-100-6	二―（一―メチルプロピル）―フエニル―Ｎ―メチルカルバメート及びこれを含有する製剤	２－（１－メチルプロピル）－フエニル－Ｎ－メチルカルバメート及びこれを含有する製剤
JP-PDSCA-DEL-O-100-7	メチル―（四―ブロム―二・五―ジクロルフエニル）―チオノベンゼンホスホネイト及びこれを含有する製剤	メチル－（４－ブロム－２，５－ジクロルフエニル）－チオノベンゼンホスホネイト及びこれを含有する製剤
JP-PDSCA-DEL-O-100-8	四―メチルベンゼンスルホン酸及びこれを含有する製剤	４－メチルベンゼンスルホン酸及びこれを含有する製剤
JP-PDSCA-DEL-O-100-10	Ｓ―メチル―Ｎ―〔（メチルカルバモイル）―オキシ〕―チオアセトイミデート（別名メトミル）四五％以下を含有する製剤	Ｓ－メチル－Ｎ－〔（メチルカルバモイル）－オキシ〕－チオアセトイミデート（別名メトミル）４５％以下を含有する製剤
JP-PDSCA-DEL-O-100-11	メチレンビス（一―チオセミカルバジド）二％以下を含有する製剤	メチレンビス（１－チオセミカルバジド）２％以下を含有する製剤
JP-PDSCA-DEL-O-100-12	五―メトキシ―Ｎ・Ｎ―ジメチルトリプタミン、その塩類及びこれらのいずれかを含有する製剤	５－メトキシ－Ｎ，Ｎ－ジメチルトリプタミン、その塩類及びこれらのいずれかを含有する製剤
JP-PDSCA-DEL-O-100-13	一―（四―メトキシフエニル）ピペラジン及びこれを含有する製剤	１－（４－メトキシフエニル）ピペラジン及びこれを含有する製剤
JP-PDSCA-DEL-O-100-14	一―（四―メトキシフエニル）ピペラジン一塩酸塩及びこれを含有する製剤	１－（４－メトキシフエニル）ピペラジン一塩酸塩及びこれを含有する製剤
JP-PDSCA-DEL-O-100-15	一―（四―メトキシフエニル）ピペラジン二塩酸塩及びこれを含有する製剤	１－（４－メトキシフエニル）ピペラジン二塩酸塩及びこれを含有する製剤
JP-PDSCA-DEL-O-100-16	二―メトキシ―一・三・二―ベンゾジオキサホスホリン―二―スルフイド及びこれを含有する製剤	２－メトキシ－１，３，２－ベンゾジオキサホスホリン－２－スルフイド及びこれを含有する製剤
JP-PDSCA-DEL-O-100-17	二―メルカプトエタノール一〇％以下を含有する製剤	２－メルカプトエタノール１０％以下を含有する製剤
JP-PDSCA-SPT-O-5	ジメチル―（ジエチルアミド―一―クロルクロトニル）―ホスフエイトを含有する製剤	ジメチル－（ジエチルアミド－１－クロルクロトニル）－ホスフエイトを含有する製剤
